presentation_id,facility_code,arrival_datetime,day_of_week,arrival_mode,patient_id,patient_age,patient_age_group,patient_sex,triage_category,triage_datetime,time_to_triage_mins,presenting_complaint_category,presenting_complaint_detail,seen_by_clinician_datetime,time_to_clinician_mins,clinician_type,departure_datetime,length_of_stay_mins,met_4hr_target,disposition,admitted_to_unit,investigations_ordered,procedures_performed,re_presentation_within_48h,ambulance_offload_delay_flag,ed_occupancy_at_arrival_pct,access_block_flag,mental_health_presentation,interpreter_required
ED-000015,HGH,2024-07-01 06:12:00,Mon,Walk-in,P-20555,62,Middle-aged (45-64),M,4,2024-07-01 06:16:06,4.1,Skin/wound,Abscess,2024-07-01 06:59:48,43.7,Nurse practitioner,2024-07-01 08:19:00,127,True,Discharged,N/A,Pathology only,None,False,False,70.6,False,False,False
ED-000069,HGH,2024-07-01 14:37:00,Mon,Walk-in,P-21053,57,Middle-aged (45-64),M,4,2024-07-01 14:45:30,8.5,Respiratory,Shortness of breath - acute,2024-07-01 15:40:12,54.7,Resident/HMO,2024-07-01 16:27:00,110,True,Short stay unit,Short stay unit,None,None,False,False,78.1,False,False,False
ED-000134,HGH,2024-07-02 07:04:00,Tue,Inter-hospital transfer,P-31723,36,Adult (25-44),M,5,2024-07-02 07:13:18,9.3,Injury/trauma,Laceration - upper limb,2024-07-02 08:42:18,89.0,GP-in-ED,2024-07-02 09:09:00,125,True,Did not wait (DNW),N/A,None,"Minor (suturing, splinting, wound care)",False,False,102.0,False,False,False
ED-000160,HGH,2024-07-02 10:51:00,Tue,Walk-in,P-23488,98,Elderly (80+),M,3,2024-07-02 10:57:12,6.2,Neurological,Headache - severe/thunderclap,2024-07-02 11:19:12,22.0,Emergency physician,2024-07-02 17:45:00,414,False,Admitted,Medical,None,None,False,False,84.0,False,False,False
ED-000190,HGH,2024-07-02 14:55:00,Tue,Ambulance,P-29112,27,Adult (25-44),M,2,2024-07-02 14:59:36,4.6,Neurological,Stroke/TIA symptoms,2024-07-02 15:08:12,8.6,GP-in-ED,2024-07-02 18:30:00,215,True,Admitted,Short stay unit,Both pathology and imaging,None,False,False,79.9,False,False,False
ED-000223,HGH,2024-07-02 20:16:00,Tue,Ambulance,P-08393,46,Middle-aged (45-64),M,3,2024-07-02 20:26:06,10.1,Injury/trauma,MVA - stretcher,2024-07-02 20:50:42,24.6,Emergency physician,2024-07-03 00:39:00,263,False,Admitted,Surgical,Both pathology and imaging,"Minor (suturing, splinting, wound care)",False,False,101.3,False,False,False
ED-000269,HGH,2024-07-03 10:17:00,Wed,Walk-in,P-34032,25,Adult (25-44),M,3,2024-07-03 10:21:48,4.8,Injury/trauma,Fall - mechanical (no LOC),2024-07-03 11:25:36,63.8,Nurse practitioner,2024-07-03 13:49:00,212,True,Discharged,N/A,Both pathology and imaging,"Moderate (procedural sedation, reduction, abscess I&D)",False,False,98.0,False,False,True
ED-000280,HGH,2024-07-03 11:38:00,Wed,Walk-in,P-25509,38,Adult (25-44),M,5,2024-07-03 11:40:48,2.8,Allergic reaction,Mild allergic reaction / urticaria,2024-07-03 12:02:42,21.9,Registrar,2024-07-03 12:48:00,70,True,Discharged,N/A,Imaging only,None,False,False,56.5,False,False,False
ED-000293,HGH,2024-07-03 12:45:00,Wed,Walk-in,P-23444,37,Adult (25-44),M,4,2024-07-03 12:48:54,3.9,Injury/trauma,Fall - mechanical (no LOC),2024-07-03 13:38:48,49.9,GP-in-ED,2024-07-03 15:13:00,148,True,Admitted,Maternity,Pathology only,None,False,False,49.9,False,False,True
ED-000303,HGH,2024-07-03 13:48:00,Wed,Ambulance,P-33455,20,Young adult (16-24),F,2,2024-07-03 13:54:30,6.5,Respiratory,Shortness of breath - acute,2024-07-03 13:58:18,3.8,Emergency physician,2024-07-03 20:27:00,399,False,Admitted,Surgical,Both pathology and imaging,None,False,False,108.5,False,False,True
ED-000304,HGH,2024-07-03 13:59:00,Wed,Walk-in,P-19889,39,Adult (25-44),F,4,2024-07-03 14:11:30,12.5,Allergic reaction,Mild allergic reaction / urticaria,2024-07-03 14:49:42,38.2,GP-in-ED,2024-07-03 17:22:00,203,True,Discharged,N/A,Both pathology and imaging,None,False,False,66.7,False,False,False
ED-000311,HGH,2024-07-03 14:42:00,Wed,Walk-in,P-07129,26,Adult (25-44),M,5,2024-07-03 14:48:30,6.5,Other,Medication issue / script,2024-07-03 15:22:48,34.3,Resident/HMO,2024-07-03 16:37:00,115,True,Short stay unit,Short stay unit,None,None,False,False,97.2,False,False,False
ED-000330,HGH,2024-07-03 18:24:00,Wed,Ambulance,P-11721,102,Elderly (80+),M,2,2024-07-03 18:28:18,4.3,Injury/trauma,Fracture - suspected lower limb/hip,2024-07-03 18:33:18,5.0,Registrar,2024-07-03 22:59:00,275,False,Admitted,Paediatric,Both pathology and imaging,"Minor (suturing, splinting, wound care)",False,False,70.3,False,False,False
ED-000385,HGH,2024-07-04 09:16:00,Thu,Ambulance,P-06491,40,Adult (25-44),M,4,2024-07-04 09:20:00,4.0,Neurological,Headache - severe/thunderclap,2024-07-04 09:56:12,36.2,Resident/HMO,2024-07-04 12:28:00,192,True,Admitted,Medical,Pathology only,None,False,False,92.7,False,False,False
ED-000422,HGH,2024-07-04 14:00:00,Thu,Walk-in,P-08391,18,Young adult (16-24),M,4,2024-07-04 14:02:48,2.8,Gastrointestinal,Diarrhoea - acute/infective,2024-07-04 14:36:18,33.5,Emergency physician,2024-07-04 15:20:00,80,True,Discharged,N/A,None,None,False,False,82.0,False,False,False
ED-000443,HGH,2024-07-04 18:27:00,Thu,Walk-in,P-03482,25,Adult (25-44),F,3,2024-07-04 18:36:36,9.6,Neurological,Dizziness / vertigo,2024-07-04 19:19:42,43.1,Resident/HMO,2024-07-04 22:58:00,271,False,Discharged,N/A,Both pathology and imaging,None,False,False,86.2,False,False,False
ED-000476,HGH,2024-07-05 01:25:00,Fri,Ambulance,P-32990,44,Adult (25-44),M,4,2024-07-05 01:32:48,7.8,ENT,Epistaxis,2024-07-05 02:49:18,76.5,Resident/HMO,2024-07-05 03:01:00,96,True,Discharged,N/A,None,None,False,False,100.3,False,False,False
ED-000577,HGH,2024-07-05 22:45:00,Fri,Walk-in,P-18835,29,Adult (25-44),F,3,2024-07-05 22:52:00,7.0,Injury/trauma,Fall - long lie >1hr / elderly,2024-07-05 23:22:42,30.7,Nurse practitioner,2024-07-06 01:43:00,178,True,Discharged,N/A,Both pathology and imaging,None,True,False,60.9,False,False,False
ED-000613,HGH,2024-07-06 10:28:00,Sat,Ambulance,P-13810,41,Adult (25-44),M,2,2024-07-06 10:33:06,5.1,Neurological,Stroke/TIA symptoms,2024-07-06 10:38:24,5.3,Registrar,2024-07-06 16:08:00,340,False,Discharged,N/A,Both pathology and imaging,"Minor (suturing, splinting, wound care)",False,False,92.5,False,False,False
ED-000637,HGH,2024-07-06 12:38:00,Sat,Walk-in,P-33498,27,Adult (25-44),M,5,2024-07-06 12:46:36,8.6,Neurological,Dizziness / vertigo,2024-07-06 13:58:42,72.1,Registrar,2024-07-06 14:43:00,125,True,Discharged,N/A,Imaging only,"Minor (suturing, splinting, wound care)",False,False,77.4,False,False,False
ED-000697,HGH,2024-07-06 20:31:00,Sat,Walk-in,P-17527,1,Paediatric (0-15),M,3,2024-07-06 20:35:12,4.2,Paediatric febrile,Febrile child (<5yr),2024-07-06 20:43:24,8.2,Emergency physician,2024-07-06 23:48:00,197,True,Discharged,N/A,Pathology only,"Minor (suturing, splinting, wound care)",True,False,64.0,False,False,False
ED-000708,HGH,2024-07-06 23:29:00,Sat,Walk-in,P-00647,58,Middle-aged (45-64),F,2,2024-07-06 23:37:00,8.0,General unwell/sepsis-query,Febrile - query sepsis,2024-07-06 23:46:48,9.8,Emergency physician,2024-07-07 02:19:00,170,True,Short stay unit,Short stay unit,Both pathology and imaging,"Major (intubation, chest drain, resuscitation)",False,False,74.3,False,False,False
ED-000712,HGH,2024-07-07 00:00:00,Sun,Ambulance,P-30447,39,Adult (25-44),M,2,2024-07-07 00:02:54,2.9,Injury/trauma,Fracture - suspected lower limb/hip,2024-07-07 00:23:42,20.8,Registrar,2024-07-07 04:26:00,266,False,Admitted,Short stay unit,Pathology only,"Major (intubation, chest drain, resuscitation)",False,False,87.6,False,False,False
ED-000722,HGH,2024-07-07 06:50:00,Sun,Ambulance,P-13073,92,Elderly (80+),F,3,2024-07-07 06:58:42,8.7,Respiratory,Shortness of breath - acute,2024-07-07 07:21:36,22.9,Resident/HMO,2024-07-07 10:24:00,214,True,Admitted,Medical,Pathology only,None,False,False,94.1,False,False,True
ED-000729,HGH,2024-07-07 08:28:00,Sun,Walk-in,P-08663,38,Adult (25-44),M,4,2024-07-07 08:31:54,3.9,Injury/trauma,Fall - mechanical (no LOC),2024-07-07 08:46:54,15.0,Nurse practitioner,2024-07-07 10:39:00,131,True,Discharged,N/A,None,"Minor (suturing, splinting, wound care)",False,False,65.8,False,False,True
ED-000760,HGH,2024-07-07 11:59:00,Sun,Ambulance,P-18297,12,Paediatric (0-15),M,2,2024-07-07 12:04:00,5.0,Respiratory,Shortness of breath - acute,2024-07-07 12:10:42,6.7,Emergency physician,2024-07-07 18:02:00,363,False,Admitted,Medical,Both pathology and imaging,None,False,False,99.7,False,False,False
ED-000824,HGH,2024-07-08 02:02:00,Mon,Walk-in,P-26416,57,Middle-aged (45-64),F,5,2024-07-08 02:04:18,2.3,Injury/trauma,Head injury - minor (GCS 15),2024-07-08 03:09:48,65.5,Emergency physician,2024-07-08 03:20:00,78,True,Discharged,N/A,None,"Moderate (procedural sedation, reduction, abscess I&D)",False,False,82.2,False,False,False
ED-000850,HGH,2024-07-08 09:21:00,Mon,Walk-in,P-06667,33,Adult (25-44),F,3,2024-07-08 09:24:12,3.2,Poisoning/overdose,Intentional overdose,2024-07-08 09:38:36,14.4,Registrar,2024-07-08 13:17:00,236,True,Discharged,N/A,Both pathology and imaging,None,False,False,87.7,False,False,False
ED-000948,HGH,2024-07-08 21:42:00,Mon,Ambulance,P-22542,45,Middle-aged (45-64),M,2,2024-07-08 21:47:24,5.4,Neurological,Stroke/TIA symptoms,2024-07-08 21:51:24,4.0,Resident/HMO,2024-07-09 00:14:00,152,True,Admitted,Surgical,Pathology only,None,False,False,91.1,False,False,False
ED-000951,HGH,2024-07-08 22:01:00,Mon,Walk-in,P-19244,72,Older adult (65-79),F,3,2024-07-08 22:03:06,2.1,Urological/renal,Renal colic / ureteric pain,2024-07-08 22:29:30,26.4,Emergency physician,2024-07-09 01:10:00,189,True,Discharged,N/A,None,None,False,False,58.5,False,False,False
ED-001011,HGH,2024-07-09 11:40:00,Tue,Walk-in,P-21051,82,Elderly (80+),M,4,2024-07-09 11:43:18,3.3,Urological/renal,Urinary retention,2024-07-09 13:46:00,122.7,Resident/HMO,2024-07-09 14:17:00,157,True,Discharged,N/A,Both pathology and imaging,None,False,False,47.6,False,False,False
ED-001048,HGH,2024-07-09 15:07:00,Tue,Walk-in,P-15282,70,Older adult (65-79),F,4,2024-07-09 15:10:12,3.2,Injury/trauma,Fall - mechanical (no LOC),2024-07-09 15:25:48,15.6,GP-in-ED,2024-07-09 16:26:00,79,True,Admitted,Paediatric,Imaging only,None,False,False,73.2,False,False,False
ED-001079,HGH,2024-07-09 21:39:00,Tue,Ambulance,P-30513,92,Elderly (80+),M,3,2024-07-09 21:42:42,3.7,Injury/trauma,Laceration - facial/scalp,2024-07-09 22:33:24,50.7,Resident/HMO,2024-07-10 03:20:00,341,False,Discharged,N/A,Both pathology and imaging,None,False,False,47.1,False,False,False
ED-001131,HGH,2024-07-10 11:39:00,Wed,Walk-in,P-25026,71,Older adult (65-79),M,5,2024-07-10 11:41:30,2.5,Injury/trauma,Fall - mechanical (no LOC),2024-07-10 13:03:48,82.3,Registrar,2024-07-10 12:53:00,74,True,Admitted,Medical,Imaging only,"Moderate (procedural sedation, reduction, abscess I&D)",False,False,45.8,False,False,False
ED-001181,HGH,2024-07-10 20:01:00,Wed,Ambulance,P-00618,22,Young adult (16-24),M,3,2024-07-10 20:07:42,6.7,Neurological,Headache - severe/thunderclap,2024-07-10 20:22:30,14.8,Registrar,2024-07-11 03:52:00,471,False,Discharged,N/A,Both pathology and imaging,None,False,False,68.3,False,False,False
ED-001309,HGH,2024-07-11 21:38:00,Thu,Ambulance,P-02081,50,Middle-aged (45-64),F,5,2024-07-11 21:44:30,6.5,Abdominal pain,Abdominal pain - acute,2024-07-12 01:00:06,195.6,GP-in-ED,2024-07-11 23:09:00,91,True,Discharged,N/A,None,None,False,False,91.1,False,False,False
ED-001354,HGH,2024-07-12 12:49:00,Fri,Walk-in,P-01226,38,Adult (25-44),F,3,2024-07-12 12:56:00,7.0,Gastrointestinal,Nausea and vomiting,2024-07-12 13:08:24,12.4,Emergency physician,2024-07-12 15:37:00,168,True,Discharged,N/A,Both pathology and imaging,None,False,False,57.2,False,False,False
ED-001393,HGH,2024-07-12 18:39:00,Fri,Ambulance,P-04228,52,Middle-aged (45-64),M,2,2024-07-12 18:46:48,7.8,Injury/trauma,Head injury - moderate/severe,2024-07-12 18:50:48,4.0,Nurse practitioner,2024-07-12 21:31:00,172,True,Admitted,Medical,Both pathology and imaging,"Moderate (procedural sedation, reduction, abscess I&D)",False,False,65.3,False,False,False
ED-001399,HGH,2024-07-12 19:10:00,Fri,Ambulance,P-34655,39,Adult (25-44),M,3,2024-07-12 19:18:06,8.1,Injury/trauma,Fracture - suspected upper limb,2024-07-12 19:38:36,20.5,Registrar,2024-07-12 21:15:00,125,True,Admitted,Medical,Both pathology and imaging,None,False,False,56.4,False,False,True
ED-001433,HGH,2024-07-13 03:40:00,Sat,Walk-in,P-16499,48,Middle-aged (45-64),M,4,2024-07-13 03:44:12,4.2,Urological/renal,Urinary retention,2024-07-13 06:42:42,178.5,Nurse practitioner,2024-07-13 05:56:00,136,True,Admitted,Orthopaedic,Both pathology and imaging,None,False,False,94.9,False,False,False
ED-001439,HGH,2024-07-13 06:33:00,Sat,Walk-in,P-25851,69,Older adult (65-79),F,3,2024-07-13 06:34:54,1.9,Mental health,Depression - acute presentation,2024-07-13 07:12:18,37.4,Resident/HMO,2024-07-13 13:32:00,419,False,Discharged,N/A,Pathology only,None,False,False,89.5,False,True,False
ED-001443,HGH,2024-07-13 07:24:00,Sat,Ambulance,P-13038,102,Elderly (80+),M,3,2024-07-13 07:28:06,4.1,Cardiac arrhythmia,Palpitations - new AF/SVT,2024-07-13 07:35:00,6.9,Registrar,2024-07-13 14:40:00,436,False,Discharged,N/A,Pathology only,None,False,False,86.6,False,False,True
ED-001455,HGH,2024-07-13 09:34:00,Sat,Walk-in,P-30555,65,Older adult (65-79),M,5,2024-07-13 09:37:48,3.8,Skin/wound,Abscess,2024-07-13 13:51:18,253.5,GP-in-ED,2024-07-13 11:43:00,129,True,Discharged,N/A,Pathology only,None,False,False,111.0,False,False,False
ED-001458,HGH,2024-07-13 09:39:00,Sat,Walk-in,P-16326,28,Adult (25-44),M,3,2024-07-13 09:42:06,3.1,ENT,Epistaxis,2024-07-13 10:04:12,22.1,Registrar,2024-07-13 13:14:00,215,True,Discharged,N/A,Pathology only,None,False,False,72.9,False,False,False
ED-001474,HGH,2024-07-13 11:40:00,Sat,Walk-in,P-23444,41,Adult (25-44),F,4,2024-07-13 11:42:48,2.8,Gastrointestinal,Diarrhoea - acute/infective,2024-07-13 12:55:12,72.4,Resident/HMO,2024-07-13 16:57:00,317,False,Admitted,CCU,Pathology only,"Minor (suturing, splinting, wound care)",False,False,93.7,False,False,False
ED-001475,HGH,2024-07-13 11:45:00,Sat,Ambulance,P-06000,102,Elderly (80+),M,2,2024-07-13 11:47:12,2.2,Neurological,Stroke/TIA symptoms,2024-07-13 12:02:12,15.0,Registrar,2024-07-13 21:55:00,610,False,Admitted,Medical,Both pathology and imaging,"Major (intubation, chest drain, resuscitation)",False,False,83.7,False,False,True
ED-001560,HGH,2024-07-14 09:28:00,Sun,Ambulance,P-14857,47,Middle-aged (45-64),F,2,2024-07-14 09:32:12,4.2,Neurological,Stroke/TIA symptoms,2024-07-14 09:46:00,13.8,Registrar,2024-07-14 13:45:00,257,False,Admitted,Medical,Both pathology and imaging,None,False,False,102.9,False,False,False
ED-001603,HGH,2024-07-14 16:11:00,Sun,Walk-in,P-08652,58,Middle-aged (45-64),M,3,2024-07-14 16:13:00,2.0,General unwell/sepsis-query,Febrile - query sepsis,2024-07-14 16:46:06,33.1,Emergency physician,2024-07-14 23:02:00,411,False,Admitted,Surgical,Imaging only,None,True,False,91.4,False,False,False
ED-001611,HGH,2024-07-14 16:54:00,Sun,Walk-in,P-09257,19,Young adult (16-24),F,4,2024-07-14 17:01:24,7.4,Chest pain,Chest pain - pleuritic,2024-07-14 18:22:18,80.9,Nurse practitioner,2024-07-14 18:11:00,77,True,Discharged,N/A,Pathology only,None,False,False,94.3,False,False,False
ED-001614,HGH,2024-07-14 18:00:00,Sun,Ambulance,P-07298,81,Elderly (80+),M,4,2024-07-14 18:06:48,6.8,Injury/trauma,MVA - ambulatory,2024-07-14 19:30:18,83.5,Registrar,2024-07-14 21:19:00,199,True,Discharged,N/A,None,None,False,False,102.1,False,False,False
ED-001674,HGH,2024-07-15 10:02:00,Mon,Ambulance,P-20245,72,Older adult (65-79),X,4,2024-07-15 10:06:48,4.8,ENT,Epistaxis,2024-07-15 11:21:18,74.5,GP-in-ED,2024-07-15 19:19:00,557,False,Discharged,N/A,None,None,False,False,53.4,False,False,True
ED-001719,HGH,2024-07-15 14:16:00,Mon,Ambulance,P-04461,13,Paediatric (0-15),F,4,2024-07-15 14:25:18,9.3,Gastrointestinal,GI bleed - haematemesis/melaena,2024-07-15 15:29:30,64.2,Registrar,2024-07-15 17:07:00,171,True,Discharged,N/A,None,None,False,False,108.7,False,False,False
ED-001751,HGH,2024-07-15 21:26:00,Mon,Police/corrections,P-09005,20,Young adult (16-24),F,2,2024-07-15 21:30:42,4.7,Chest pain,Chest pain - cardiac features,2024-07-15 21:47:36,16.9,Nurse practitioner,2024-07-16 03:03:00,337,False,Discharged,N/A,Both pathology and imaging,"Moderate (procedural sedation, reduction, abscess I&D)",False,False,104.7,False,False,False
ED-001779,HGH,2024-07-16 08:49:00,Tue,Walk-in,P-17895,46,Middle-aged (45-64),M,3,2024-07-16 09:05:00,16.0,General unwell/sepsis-query,Febrile - query sepsis,2024-07-16 09:18:06,13.1,Registrar,2024-07-16 11:03:00,134,True,Discharged,N/A,Both pathology and imaging,"Moderate (procedural sedation, reduction, abscess I&D)",False,False,81.6,False,False,False
ED-001796,HGH,2024-07-16 10:58:00,Tue,Walk-in,P-10080,102,Elderly (80+),F,3,2024-07-16 11:04:00,6.0,Cardiac arrhythmia,Palpitations - new AF/SVT,2024-07-16 11:28:36,24.6,Emergency physician,2024-07-16 15:02:00,244,False,Admitted,Short stay unit,Imaging only,None,False,False,107.2,False,False,False
ED-001826,HGH,2024-07-16 14:30:00,Tue,Walk-in,P-33581,50,Middle-aged (45-64),F,5,2024-07-16 14:33:18,3.3,Cardiac arrhythmia,Palpitations - benign/known,2024-07-16 15:11:24,38.1,Resident/HMO,2024-07-16 18:06:00,216,True,Discharged,N/A,Pathology only,None,False,False,92.1,False,False,True
ED-001853,HGH,2024-07-16 18:32:00,Tue,Walk-in,P-08887,69,Older adult (65-79),F,3,2024-07-16 18:42:24,10.4,Poisoning/overdose,Accidental ingestion,2024-07-16 19:04:42,22.3,Registrar,2024-07-16 22:03:00,211,True,Discharged,N/A,None,None,False,False,79.4,False,False,False
ED-001877,HGH,2024-07-16 21:54:00,Tue,Walk-in,P-03697,22,Young adult (16-24),M,4,2024-07-16 21:57:00,3.0,ENT,Epistaxis,2024-07-16 22:56:30,59.5,Nurse practitioner,2024-07-16 23:12:00,78,True,Discharged,N/A,Both pathology and imaging,"Moderate (procedural sedation, reduction, abscess I&D)",False,False,74.4,False,False,False
ED-001883,HGH,2024-07-17 00:50:00,Wed,Ambulance,P-08243,102,Elderly (80+),M,4,2024-07-17 00:56:42,6.7,Injury/trauma,Fall - long lie >1hr / elderly,2024-07-17 01:42:24,45.7,Emergency physician,2024-07-17 02:54:00,124,True,Discharged,N/A,Both pathology and imaging,"Minor (suturing, splinting, wound care)",True,False,89.8,False,False,False
ED-001899,HGH,2024-07-17 08:28:00,Wed,Walk-in,P-10111,43,Adult (25-44),F,5,2024-07-17 08:33:00,5.0,Injury/trauma,Fall - mechanical (no LOC),2024-07-17 13:33:00,300.0,Nurse practitioner,2024-07-17 13:49:00,321,False,Did not wait (DNW),N/A,Imaging only,None,False,False,95.5,False,False,False
ED-001928,HGH,2024-07-17 11:24:00,Wed,Ambulance,P-27207,52,Middle-aged (45-64),M,4,2024-07-17 11:30:12,6.2,Chest pain,Chest pain - cardiac features,2024-07-17 12:17:36,47.4,Registrar,2024-07-17 13:47:00,143,True,Admitted,Surgical,Pathology only,None,False,False,81.0,False,False,False
ED-001950,HGH,2024-07-17 13:15:00,Wed,Walk-in,P-24807,19,Young adult (16-24),F,5,2024-07-17 13:21:24,6.4,Gastrointestinal,Nausea and vomiting,2024-07-17 16:09:12,167.8,GP-in-ED,2024-07-17 15:26:00,131,True,Discharged,N/A,None,"Minor (suturing, splinting, wound care)",False,False,67.4,False,False,False
ED-001984,HGH,2024-07-17 17:14:00,Wed,Ambulance,P-21486,23,Young adult (16-24),F,5,2024-07-17 17:16:36,2.6,Urological/renal,UTI symptoms,2024-07-17 18:53:06,96.5,Registrar,2024-07-17 18:28:00,74,True,Discharged,N/A,None,None,False,False,63.5,False,False,False
ED-001990,HGH,2024-07-17 18:18:00,Wed,Walk-in,P-22331,54,Middle-aged (45-64),F,3,2024-07-17 18:21:12,3.2,Injury/trauma,Fracture - suspected upper limb,2024-07-17 19:48:30,87.3,Resident/HMO,2024-07-17 20:11:00,113,True,Did not wait (DNW),N/A,Both pathology and imaging,"Minor (suturing, splinting, wound care)",False,False,50.1,False,False,False
ED-002011,HGH,2024-07-17 23:27:00,Wed,Walk-in,P-26208,21,Young adult (16-24),F,2,2024-07-17 23:32:00,5.0,Respiratory,Shortness of breath - acute,2024-07-17 23:48:18,16.3,Registrar,2024-07-18 03:06:00,219,True,Discharged,N/A,Both pathology and imaging,"Moderate (procedural sedation, reduction, abscess I&D)",False,False,86.5,False,False,False
ED-002018,HGH,2024-07-18 00:49:00,Thu,Walk-in,P-30540,68,Older adult (65-79),M,4,2024-07-18 00:55:00,6.0,Injury/trauma,MVA - ambulatory,2024-07-18 01:55:06,60.1,Nurse practitioner,2024-07-18 02:21:00,92,True,Discharged,N/A,None,None,False,False,59.2,False,False,False
ED-002047,HGH,2024-07-18 10:01:00,Thu,Walk-in,P-31730,48,Middle-aged (45-64),F,4,2024-07-18 10:02:18,1.3,Mental health,Anxiety / panic,2024-07-18 10:24:00,21.7,Resident/HMO,2024-07-18 16:14:00,373,False,Discharged,N/A,None,"Minor (suturing, splinting, wound care)",False,False,75.0,False,True,False
ED-002151,HGH,2024-07-19 08:38:00,Fri,Ambulance,P-29675,81,Elderly (80+),M,3,2024-07-19 08:40:30,2.5,Gastrointestinal,Nausea and vomiting,2024-07-19 09:33:12,52.7,Registrar,2024-07-19 09:39:00,61,True,Did not wait (DNW),N/A,Both pathology and imaging,None,False,False,95.9,False,False,False
ED-002160,HGH,2024-07-19 09:28:00,Fri,Walk-in,P-30090,6,Paediatric (0-15),F,3,2024-07-19 09:32:06,4.1,Paediatric febrile,Febrile child (5-15yr),2024-07-19 10:12:12,40.1,Emergency physician,2024-07-19 13:18:00,230,True,Discharged,N/A,Both pathology and imaging,"Minor (suturing, splinting, wound care)",False,False,72.9,False,False,True
ED-002167,HGH,2024-07-19 10:04:00,Fri,Ambulance,P-04713,46,Middle-aged (45-64),F,2,2024-07-19 10:12:30,8.5,Cardiac arrhythmia,Palpitations - new AF/SVT,2024-07-19 10:28:00,15.5,Emergency physician,2024-07-19 13:34:00,210,True,Discharged,N/A,Both pathology and imaging,None,False,False,98.9,False,False,False
ED-002181,HGH,2024-07-19 11:11:00,Fri,Walk-in,P-17554,61,Middle-aged (45-64),M,4,2024-07-19 11:17:48,6.8,Injury/trauma,Head injury - minor (GCS 15),2024-07-19 11:47:42,29.9,Resident/HMO,2024-07-19 13:28:00,137,True,Admitted,Maternity,Pathology only,None,False,False,68.5,False,False,False
ED-002298,HGH,2024-07-20 09:47:00,Sat,Walk-in,P-13479,30,Adult (25-44),F,3,2024-07-20 09:50:18,3.3,Respiratory,Asthma exacerbation,2024-07-20 10:09:00,18.7,Resident/HMO,2024-07-20 11:38:00,111,True,Discharged,N/A,Both pathology and imaging,None,False,False,101.8,False,False,False
ED-002407,HGH,2024-07-21 09:50:00,Sun,Walk-in,P-02331,88,Elderly (80+),F,3,2024-07-21 09:53:30,3.5,Poisoning/overdose,Intentional overdose,2024-07-21 10:07:18,13.8,Nurse practitioner,2024-07-21 12:57:00,187,True,Discharged,N/A,None,None,False,False,67.2,False,False,False
ED-002413,HGH,2024-07-21 10:53:00,Sun,Walk-in,P-27639,16,Young adult (16-24),F,3,2024-07-21 11:09:18,16.3,Gastrointestinal,GI bleed - haematemesis/melaena,2024-07-21 11:24:42,15.4,Registrar,2024-07-21 13:52:00,179,True,Admitted,Medical,None,None,True,False,101.4,False,False,False
ED-002437,HGH,2024-07-21 13:38:00,Sun,Ambulance,P-26633,68,Older adult (65-79),M,2,2024-07-21 13:41:06,3.1,Neurological,Stroke/TIA symptoms,2024-07-21 13:47:48,6.7,Emergency physician,2024-07-21 20:24:00,406,False,Discharged,N/A,Both pathology and imaging,"Minor (suturing, splinting, wound care)",True,False,52.6,False,False,False
ED-002457,HGH,2024-07-21 16:23:00,Sun,Walk-in,P-13638,32,Adult (25-44),F,4,2024-07-21 16:27:24,4.4,Gastrointestinal,GI bleed - haematemesis/melaena,2024-07-21 18:50:36,143.2,Nurse practitioner,2024-07-21 19:34:00,191,True,Discharged,N/A,None,None,False,False,65.2,False,False,True
ED-002567,HGH,2024-07-22 14:58:00,Mon,Ambulance,P-24268,40,Adult (25-44),F,2,2024-07-22 15:01:30,3.5,Chest pain,Chest pain - cardiac features,2024-07-22 15:12:54,11.4,Resident/HMO,2024-07-22 16:55:00,117,True,Admitted,Medical,Both pathology and imaging,"Moderate (procedural sedation, reduction, abscess I&D)",False,False,99.7,False,False,False
ED-002568,HGH,2024-07-22 15:24:00,Mon,Walk-in,P-13233,46,Middle-aged (45-64),M,2,2024-07-22 15:25:12,1.2,General unwell/sepsis-query,Febrile - query sepsis,2024-07-22 15:35:42,10.5,Emergency physician,2024-07-22 19:39:00,255,False,Discharged,N/A,Both pathology and imaging,"Major (intubation, chest drain, resuscitation)",False,False,103.1,False,False,True
ED-002602,HGH,2024-07-22 22:50:00,Mon,Ambulance,P-28892,45,Middle-aged (45-64),M,3,2024-07-22 22:55:36,5.6,General unwell/sepsis-query,Febrile - query sepsis,2024-07-22 23:11:30,15.9,Registrar,2024-07-23 01:51:00,181,True,Discharged,N/A,Both pathology and imaging,None,False,False,96.2,False,False,True
ED-002771,HGH,2024-07-24 14:47:00,Wed,Walk-in,P-03668,55,Middle-aged (45-64),F,3,2024-07-24 14:49:42,2.7,Chest pain,Chest pain - non-cardiac/musculoskeletal,2024-07-24 15:27:54,38.2,Resident/HMO,2024-07-24 17:24:00,157,True,Discharged,N/A,Both pathology and imaging,None,False,False,94.3,False,False,False
ED-002791,HGH,2024-07-24 18:45:00,Wed,Walk-in,P-27343,74,Older adult (65-79),F,5,2024-07-24 18:48:18,3.3,Neurological,Headache - severe/thunderclap,2024-07-24 21:34:36,166.3,GP-in-ED,2024-07-24 21:28:00,163,True,Discharged,N/A,Pathology only,None,True,False,49.8,False,False,False
ED-002845,HGH,2024-07-25 10:17:00,Thu,Walk-in,P-20550,24,Young adult (16-24),M,2,2024-07-25 10:21:42,4.7,Injury/trauma,Fall - long lie >1hr / elderly,2024-07-25 10:27:54,6.2,Emergency physician,2024-07-25 13:56:00,219,True,Admitted,Surgical,Both pathology and imaging,None,False,False,68.3,False,False,False
ED-002872,HGH,2024-07-25 14:00:00,Thu,Ambulance,P-17884,102,Elderly (80+),M,3,2024-07-25 14:06:48,6.8,Injury/trauma,Laceration - facial/scalp,2024-07-25 14:35:24,28.6,Resident/HMO,2024-07-25 18:36:00,276,False,Discharged,N/A,Pathology only,"Minor (suturing, splinting, wound care)",False,False,92.0,False,False,False
ED-002881,HGH,2024-07-25 14:59:00,Thu,Ambulance,P-18834,51,Middle-aged (45-64),F,4,2024-07-25 15:08:12,9.2,Neurological,Seizure - resolved,2024-07-25 15:59:24,51.2,Nurse practitioner,2024-07-25 16:20:00,81,True,Discharged,N/A,Pathology only,"Moderate (procedural sedation, reduction, abscess I&D)",False,False,95.3,False,False,False
ED-002898,HGH,2024-07-25 18:01:00,Thu,Walk-in,P-05338,23,Young adult (16-24),M,5,2024-07-25 18:04:54,3.9,Gastrointestinal,Nausea and vomiting,2024-07-25 18:34:30,29.6,Resident/HMO,2024-07-25 19:29:00,88,True,Discharged,N/A,Imaging only,None,False,False,88.5,False,False,False
ED-002943,HGH,2024-07-26 08:19:00,Fri,Walk-in,P-29603,58,Middle-aged (45-64),M,4,2024-07-26 08:23:54,4.9,Respiratory,Cough / upper respiratory symptoms,2024-07-26 08:39:42,15.8,GP-in-ED,2024-07-26 10:12:00,113,True,Discharged,N/A,Imaging only,None,False,False,82.6,False,False,False
ED-002996,HGH,2024-07-26 17:10:00,Fri,Ambulance,P-19940,84,Elderly (80+),M,3,2024-07-26 17:21:54,11.9,Respiratory,COPD exacerbation,2024-07-26 18:28:00,66.1,Nurse practitioner,2024-07-27 01:06:00,476,False,Admitted,Medical,Both pathology and imaging,None,True,True,77.9,False,False,False
ED-003124,HGH,2024-07-27 19:22:00,Sat,Walk-in,P-09529,54,Middle-aged (45-64),F,4,2024-07-27 19:27:12,5.2,Respiratory,Cough / upper respiratory symptoms,2024-07-27 20:29:30,62.3,Registrar,2024-07-27 22:13:00,171,True,Discharged,N/A,None,None,True,False,70.1,False,False,False
ED-003176,HGH,2024-07-28 10:17:00,Sun,Walk-in,P-14914,31,Adult (25-44),M,5,2024-07-28 10:24:06,7.1,Musculoskeletal,Joint pain / swelling,2024-07-28 13:17:30,173.4,Nurse practitioner,2024-07-28 11:28:00,71,True,Left against medical advice (LAMA),N/A,Both pathology and imaging,"Minor (suturing, splinting, wound care)",False,False,90.1,False,False,False
ED-003219,HGH,2024-07-28 14:18:00,Sun,Walk-in,P-05930,84,Elderly (80+),F,5,2024-07-28 14:20:30,2.5,Social/no fixed address,Social admission / no fixed address,2024-07-28 16:59:06,158.6,Nurse practitioner,2024-07-28 18:35:00,257,False,Discharged,N/A,Imaging only,"Moderate (procedural sedation, reduction, abscess I&D)",False,False,88.9,False,False,False
ED-003223,HGH,2024-07-28 15:54:00,Sun,Ambulance,P-03936,34,Adult (25-44),M,4,2024-07-28 15:56:30,2.5,Obstetric/gynaecological,Pelvic pain,2024-07-28 17:24:48,88.3,Nurse practitioner,2024-07-28 18:05:00,131,True,Discharged,N/A,Both pathology and imaging,"Minor (suturing, splinting, wound care)",False,False,92.9,False,False,False
ED-003238,HGH,2024-07-28 18:11:00,Sun,Walk-in,P-28201,78,Older adult (65-79),M,3,2024-07-28 18:17:42,6.7,Respiratory,Asthma exacerbation,2024-07-28 18:28:42,11.0,Emergency physician,2024-07-28 22:08:00,237,True,Left against medical advice (LAMA),N/A,Pathology only,None,False,False,86.2,False,False,False
ED-003242,HGH,2024-07-28 18:18:00,Sun,Walk-in,P-21566,72,Older adult (65-79),M,3,2024-07-28 18:19:06,1.1,General unwell/sepsis-query,Generally unwell / reduced oral intake,2024-07-28 18:30:42,11.6,Nurse practitioner,2024-07-29 00:31:00,373,False,Discharged,N/A,Both pathology and imaging,None,False,False,83.8,False,False,False
ED-003247,HGH,2024-07-28 19:41:00,Sun,Ambulance,P-01449,60,Middle-aged (45-64),F,3,2024-07-28 19:49:30,8.5,General unwell/sepsis-query,Febrile - query sepsis,2024-07-28 19:58:42,9.2,Resident/HMO,2024-07-28 21:47:00,126,True,Short stay unit,Short stay unit,Pathology only,"Minor (suturing, splinting, wound care)",False,False,98.9,False,False,False
ED-003330,HGH,2024-07-29 12:38:00,Mon,Walk-in,P-03859,34,Adult (25-44),M,3,2024-07-29 12:41:30,3.5,Chest pain,Chest pain - non-cardiac/musculoskeletal,2024-07-29 13:13:30,32.0,Resident/HMO,2024-07-29 16:17:00,219,True,Discharged,N/A,Both pathology and imaging,None,False,False,80.0,False,False,False
ED-003347,HGH,2024-07-29 14:54:00,Mon,Walk-in,P-12405,102,Elderly (80+),M,4,2024-07-29 14:55:42,1.7,Musculoskeletal,Joint pain / swelling,2024-07-29 15:37:12,41.5,Emergency physician,2024-07-29 17:37:00,163,True,Discharged,N/A,Pathology only,"Minor (suturing, splinting, wound care)",False,False,87.6,False,False,False
ED-003356,HGH,2024-07-29 16:29:00,Mon,Walk-in,P-32331,65,Older adult (65-79),M,4,2024-07-29 16:30:30,1.5,Injury/trauma,Fall - mechanical (no LOC),2024-07-29 18:06:18,95.8,Nurse practitioner,2024-07-29 17:59:00,90,True,Discharged,N/A,Both pathology and imaging,None,True,False,83.7,False,False,False
ED-003358,HGH,2024-07-29 16:40:00,Mon,Walk-in,P-31175,56,Middle-aged (45-64),F,5,2024-07-29 16:42:48,2.8,Chest pain,Chest pain - non-cardiac/musculoskeletal,2024-07-29 17:46:18,63.5,Emergency physician,2024-07-29 18:32:00,112,True,Discharged,N/A,Imaging only,"Moderate (procedural sedation, reduction, abscess I&D)",True,False,83.6,False,False,False
ED-003379,HGH,2024-07-29 20:10:00,Mon,Walk-in,P-29342,29,Adult (25-44),F,3,2024-07-29 20:19:30,9.5,Abdominal pain,Abdominal pain - RIF (? appendicitis),2024-07-29 20:42:00,22.5,Emergency physician,2024-07-30 00:29:00,259,False,Admitted,Surgical,Both pathology and imaging,"Minor (suturing, splinting, wound care)",False,False,84.3,False,False,False
ED-003437,HGH,2024-07-30 12:37:00,Tue,Walk-in,P-19443,36,Adult (25-44),M,3,2024-07-30 12:39:42,2.7,Injury/trauma,Fracture - suspected upper limb,2024-07-30 12:52:42,13.0,Emergency physician,2024-07-30 16:12:00,215,True,Discharged,N/A,Both pathology and imaging,None,False,False,86.5,False,False,False
ED-003447,HGH,2024-07-30 13:51:00,Tue,Walk-in,P-16445,40,Adult (25-44),F,2,2024-07-30 13:55:48,4.8,Chest pain,Chest pain - cardiac features,2024-07-30 14:01:12,5.4,Emergency physician,2024-07-30 17:52:00,241,False,Discharged,N/A,Pathology only,"Major (intubation, chest drain, resuscitation)",False,False,86.5,False,False,False
ED-003455,HGH,2024-07-30 14:40:00,Tue,Walk-in,P-20161,28,Adult (25-44),M,3,2024-07-30 14:57:24,17.4,Urological/renal,Urinary retention,2024-07-30 15:28:30,31.1,Registrar,2024-07-30 17:46:00,186,True,Discharged,N/A,Pathology only,"Minor (suturing, splinting, wound care)",False,False,90.0,False,False,False
ED-003511,HGH,2024-07-30 23:58:00,Tue,Ambulance,P-20628,41,Adult (25-44),F,3,2024-07-31 00:05:48,7.8,Urological/renal,Urinary retention,2024-07-31 00:27:36,21.8,Emergency physician,2024-07-31 04:18:00,260,False,Discharged,N/A,Both pathology and imaging,"Moderate (procedural sedation, reduction, abscess I&D)",False,False,88.8,False,False,False
ED-003523,HGH,2024-07-31 04:17:00,Wed,Walk-in,P-26013,22,Young adult (16-24),M,4,2024-07-31 04:21:24,4.4,Poisoning/overdose,Accidental ingestion,2024-07-31 06:01:42,100.3,Nurse practitioner,2024-07-31 06:21:00,124,True,Discharged,N/A,Pathology only,None,False,False,80.0,False,False,False
ED-003548,HGH,2024-07-31 10:33:00,Wed,Ambulance,P-23221,39,Adult (25-44),F,2,2024-07-31 10:36:36,3.6,General unwell/sepsis-query,Febrile - query sepsis,2024-07-31 10:45:00,8.4,Emergency physician,2024-07-31 13:59:00,206,True,Admitted,Surgical,Pathology only,None,False,False,86.1,False,False,False
ED-003582,HGH,2024-07-31 13:42:00,Wed,Walk-in,P-21557,36,Adult (25-44),F,4,2024-07-31 13:45:48,3.8,Respiratory,Cough / upper respiratory symptoms,2024-07-31 14:12:42,26.9,Registrar,2024-07-31 16:08:00,146,True,Discharged,N/A,Both pathology and imaging,"Minor (suturing, splinting, wound care)",False,False,82.5,False,False,False
ED-003587,HGH,2024-07-31 14:19:00,Wed,Walk-in,P-28857,102,Elderly (80+),M,4,2024-07-31 14:24:06,5.1,Urological/renal,UTI symptoms,2024-07-31 15:50:18,86.2,Nurse practitioner,2024-07-31 16:52:00,153,True,Discharged,N/A,Imaging only,None,False,False,95.4,False,False,False
ED-003592,HGH,2024-07-31 15:28:00,Wed,Ambulance,P-04162,39,Adult (25-44),M,2,2024-07-31 15:33:00,5.0,General unwell/sepsis-query,Febrile - query sepsis,2024-07-31 15:38:06,5.1,Registrar,2024-07-31 20:07:00,279,False,Discharged,N/A,Both pathology and imaging,"Minor (suturing, splinting, wound care)",False,False,84.5,False,False,True
ED-003652,HGH,2024-08-01 07:23:00,Thu,Walk-in,P-26097,67,Older adult (65-79),M,3,2024-08-01 07:28:30,5.5,General unwell/sepsis-query,Febrile - query sepsis,2024-08-01 08:26:24,57.9,Nurse practitioner,2024-08-01 11:32:00,249,False,Admitted,Short stay unit,Imaging only,None,False,False,85.2,False,False,False
ED-003653,HGH,2024-08-01 07:31:00,Thu,Walk-in,P-01669,76,Older adult (65-79),M,4,2024-08-01 07:34:36,3.6,ENT,Epistaxis,2024-08-01 08:13:12,38.6,GP-in-ED,2024-08-01 11:18:00,227,True,Discharged,N/A,Pathology only,None,True,False,66.2,False,False,False
ED-003685,HGH,2024-08-01 11:44:00,Thu,Walk-in,P-33882,67,Older adult (65-79),M,3,2024-08-01 11:50:00,6.0,Chest pain,Chest pain - pleuritic,2024-08-01 12:55:54,65.9,GP-in-ED,2024-08-01 14:05:00,141,True,Short stay unit,Short stay unit,Both pathology and imaging,None,False,False,94.8,False,False,False
ED-003708,HGH,2024-08-01 15:31:00,Thu,Ambulance,P-11796,24,Young adult (16-24),F,2,2024-08-01 15:34:00,3.0,Allergic reaction,Anaphylaxis / severe allergic,2024-08-01 15:46:00,12.0,Registrar,2024-08-01 19:00:00,209,True,Admitted,Surgical,Pathology only,"Minor (suturing, splinting, wound care)",False,False,83.4,False,False,False
ED-003789,HGH,2024-08-02 11:05:00,Fri,Walk-in,P-17180,102,Elderly (80+),F,4,2024-08-02 11:08:42,3.7,Allergic reaction,Mild allergic reaction / urticaria,2024-08-02 12:09:30,60.8,Nurse practitioner,2024-08-02 12:31:00,86,True,Discharged,N/A,Pathology only,None,False,False,74.3,False,False,False
ED-003843,HGH,2024-08-02 18:59:00,Fri,Walk-in,P-06776,36,Adult (25-44),F,3,2024-08-02 19:07:24,8.4,Obstetric/gynaecological,Vaginal bleeding - early pregnancy,2024-08-02 19:32:48,25.4,Resident/HMO,2024-08-02 21:26:00,147,True,Discharged,N/A,Both pathology and imaging,"Moderate (procedural sedation, reduction, abscess I&D)",False,False,87.1,False,False,False
ED-003860,HGH,2024-08-03 00:27:00,Sat,Ambulance,P-27955,28,Adult (25-44),M,2,2024-08-03 00:31:00,4.0,Chest pain,Chest pain - cardiac features,2024-08-03 00:37:42,6.7,Emergency physician,2024-08-03 04:09:00,222,True,Admitted,Short stay unit,Both pathology and imaging,None,False,False,93.4,False,False,True
ED-003903,HGH,2024-08-03 11:18:00,Sat,Helicopter/retrieval,P-15498,24,Young adult (16-24),M,3,2024-08-03 11:32:36,14.6,Skin/wound,Wound review / dressing change,2024-08-03 12:10:24,37.8,Resident/HMO,2024-08-03 14:13:00,175,True,Short stay unit,Short stay unit,None,None,False,False,72.3,False,False,False
ED-003907,HGH,2024-08-03 11:27:00,Sat,Walk-in,P-28098,49,Middle-aged (45-64),F,4,2024-08-03 11:29:18,2.3,Urological/renal,UTI symptoms,2024-08-03 12:02:18,33.0,Emergency physician,2024-08-03 16:56:00,329,False,Discharged,N/A,None,None,False,False,95.2,False,False,False
ED-003963,HGH,2024-08-03 19:48:00,Sat,Ambulance,P-16375,102,Elderly (80+),M,2,2024-08-03 19:52:30,4.5,General unwell/sepsis-query,Febrile - query sepsis,2024-08-03 19:59:54,7.4,Registrar,2024-08-04 10:26:00,878,False,Admitted,Surgical,Imaging only,"Major (intubation, chest drain, resuscitation)",False,False,108.9,False,False,False
ED-004078,HGH,2024-08-04 19:21:00,Sun,Walk-in,P-18124,48,Middle-aged (45-64),M,3,2024-08-04 19:25:48,4.8,Injury/trauma,Fall - long lie >1hr / elderly,2024-08-04 19:33:24,7.6,Emergency physician,2024-08-04 21:53:00,152,True,Discharged,N/A,Both pathology and imaging,None,False,False,94.3,False,False,False
ED-004081,HGH,2024-08-04 19:38:00,Sun,Walk-in,P-25347,35,Adult (25-44),F,4,2024-08-04 19:41:30,3.5,Neurological,Headache - tension/migraine,2024-08-04 20:48:06,66.6,GP-in-ED,2024-08-04 22:46:00,188,True,Discharged,N/A,Imaging only,"Moderate (procedural sedation, reduction, abscess I&D)",False,False,96.2,False,False,False
ED-004109,HGH,2024-08-05 04:28:00,Mon,Walk-in,P-14431,49,Middle-aged (45-64),F,2,2024-08-05 04:32:48,4.8,Ophthalmological,Eye injury / foreign body,2024-08-05 04:38:48,6.0,Emergency physician,2024-08-05 08:24:00,236,True,Discharged,N/A,Both pathology and imaging,"Moderate (procedural sedation, reduction, abscess I&D)",False,False,57.0,False,False,False
ED-004201,HGH,2024-08-05 18:14:00,Mon,Walk-in,P-12213,42,Adult (25-44),F,5,2024-08-05 18:17:12,3.2,Neurological,Headache - severe/thunderclap,2024-08-05 21:32:42,195.5,Resident/HMO,2024-08-05 19:26:00,72,True,Discharged,N/A,None,None,False,False,98.7,False,False,False
ED-004211,HGH,2024-08-05 19:25:00,Mon,Walk-in,P-03558,27,Adult (25-44),F,5,2024-08-05 19:27:30,2.5,Injury/trauma,Laceration - facial/scalp,2024-08-05 20:08:18,40.8,Nurse practitioner,2024-08-05 21:04:00,99,True,Short stay unit,Short stay unit,Imaging only,"Minor (suturing, splinting, wound care)",False,False,76.1,False,False,False
ED-004259,HGH,2024-08-06 07:39:00,Tue,Walk-in,P-03477,27,Adult (25-44),M,5,2024-08-06 07:43:12,4.2,Allergic reaction,Mild allergic reaction / urticaria,2024-08-06 10:01:24,138.2,Nurse practitioner,2024-08-06 08:59:00,80,True,Discharged,N/A,Imaging only,"Minor (suturing, splinting, wound care)",False,False,95.4,False,False,False
ED-004339,HGH,2024-08-06 20:23:00,Tue,Walk-in,P-22724,18,Young adult (16-24),F,5,2024-08-06 20:26:48,3.8,Allergic reaction,Mild allergic reaction / urticaria,2024-08-07 00:22:06,235.3,Nurse practitioner,2024-08-06 21:20:00,57,True,Discharged,N/A,Pathology only,"Moderate (procedural sedation, reduction, abscess I&D)",False,False,79.5,False,False,False
ED-004349,HGH,2024-08-06 22:45:00,Tue,Inter-hospital transfer,P-23523,37,Adult (25-44),F,4,2024-08-06 22:51:36,6.6,Injury/trauma,Laceration - upper limb,2024-08-07 00:37:06,105.5,Nurse practitioner,2024-08-07 02:39:00,234,True,Discharged,N/A,Both pathology and imaging,None,False,False,103.8,False,False,False
ED-004361,HGH,2024-08-07 06:31:00,Wed,Walk-in,P-08848,69,Older adult (65-79),F,3,2024-08-07 06:36:18,5.3,Musculoskeletal,Back pain - acute,2024-08-07 07:17:24,41.1,Resident/HMO,2024-08-07 10:24:00,233,True,Discharged,N/A,None,None,False,False,99.2,False,False,False
ED-004409,HGH,2024-08-07 12:16:00,Wed,Walk-in,P-32769,13,Paediatric (0-15),M,4,2024-08-07 12:19:24,3.4,Neurological,Syncope / collapse,2024-08-07 12:51:18,31.9,Registrar,2024-08-07 14:43:00,147,True,Discharged,N/A,Both pathology and imaging,"Moderate (procedural sedation, reduction, abscess I&D)",False,False,43.1,False,False,False
ED-004457,HGH,2024-08-07 21:23:00,Wed,Ambulance,P-00519,31,Adult (25-44),F,3,2024-08-07 21:34:48,11.8,Respiratory,Shortness of breath - acute,2024-08-07 22:00:12,25.4,Emergency physician,2024-08-08 07:21:00,598,False,Admitted,Short stay unit,Pathology only,None,False,False,89.3,False,False,False
ED-004515,HGH,2024-08-08 13:23:00,Thu,Ambulance,P-31740,66,Older adult (65-79),F,3,2024-08-08 13:27:54,4.9,ENT,Epistaxis,2024-08-08 14:47:54,80.0,Emergency physician,2024-08-08 16:49:00,206,True,Discharged,N/A,Imaging only,"Moderate (procedural sedation, reduction, abscess I&D)",False,False,79.0,False,False,False
ED-004575,HGH,2024-08-08 23:06:00,Thu,Walk-in,P-26870,81,Elderly (80+),F,4,2024-08-08 23:13:12,7.2,Mental health,Anxiety / panic,2024-08-09 00:00:24,47.2,GP-in-ED,2024-08-09 05:16:00,370,False,Discharged,N/A,Imaging only,"Minor (suturing, splinting, wound care)",False,False,69.2,False,True,False
ED-004683,HGH,2024-08-09 20:37:00,Fri,Walk-in,P-31205,70,Older adult (65-79),F,2,2024-08-09 20:47:12,10.2,Respiratory,Asthma exacerbation,2024-08-09 20:56:36,9.4,Emergency physician,2024-08-10 01:17:00,280,False,Discharged,N/A,Both pathology and imaging,None,False,False,70.8,False,False,False
ED-004688,HGH,2024-08-09 21:50:00,Fri,Walk-in,P-20052,102,Elderly (80+),F,2,2024-08-09 21:53:18,3.3,Injury/trauma,Fracture - suspected lower limb/hip,2024-08-09 21:56:54,3.6,Emergency physician,2024-08-10 07:23:00,573,False,Admitted,Surgical,Both pathology and imaging,"Moderate (procedural sedation, reduction, abscess I&D)",False,False,72.5,False,False,False
ED-004723,HGH,2024-08-10 11:09:00,Sat,Ambulance,P-06564,42,Adult (25-44),M,2,2024-08-10 11:14:42,5.7,General unwell/sepsis-query,Febrile - query sepsis,2024-08-10 11:18:48,4.1,Registrar,2024-08-10 15:19:00,250,False,Discharged,N/A,Both pathology and imaging,"Moderate (procedural sedation, reduction, abscess I&D)",False,False,43.3,False,False,True
ED-005004,HGH,2024-08-12 18:04:00,Mon,Walk-in,P-21774,46,Middle-aged (45-64),F,4,2024-08-12 18:06:12,2.2,Abdominal pain,Abdominal pain - acute,2024-08-12 20:26:24,140.2,Registrar,2024-08-12 20:00:00,116,True,Admitted,Maternity,Imaging only,"Minor (suturing, splinting, wound care)",False,False,83.0,False,False,False
ED-005054,HGH,2024-08-13 00:59:00,Tue,Walk-in,P-15443,41,Adult (25-44),M,4,2024-08-13 01:01:48,2.8,Cardiac arrhythmia,Palpitations - benign/known,2024-08-13 02:10:18,68.5,Registrar,2024-08-13 02:47:00,108,True,Discharged,N/A,Imaging only,"Minor (suturing, splinting, wound care)",False,False,82.6,False,False,False
ED-005070,HGH,2024-08-13 08:27:00,Tue,Walk-in,P-14159,33,Adult (25-44),M,5,2024-08-13 08:33:06,6.1,Neurological,Dizziness / vertigo,2024-08-13 10:45:54,132.8,Registrar,2024-08-13 09:09:00,42,True,Discharged,N/A,None,None,False,False,103.4,False,False,False
ED-005084,HGH,2024-08-13 10:28:00,Tue,Ambulance,P-06419,102,Elderly (80+),M,4,2024-08-13 10:33:36,5.6,Injury/trauma,MVA - ambulatory,2024-08-13 11:38:12,64.6,GP-in-ED,2024-08-13 12:28:00,120,True,Discharged,N/A,Pathology only,None,False,False,88.3,False,False,True
ED-005219,HGH,2024-08-14 14:11:00,Wed,Ambulance,P-03260,66,Older adult (65-79),F,2,2024-08-14 14:15:36,4.6,Chest pain,Chest pain - cardiac features,2024-08-14 14:29:54,14.3,Registrar,2024-08-14 19:16:00,305,False,Admitted,Orthopaedic,Both pathology and imaging,"Moderate (procedural sedation, reduction, abscess I&D)",True,True,97.1,False,False,False
ED-005231,HGH,2024-08-14 15:37:00,Wed,Walk-in,P-33217,34,Adult (25-44),F,4,2024-08-14 15:39:00,2.0,Respiratory,COPD exacerbation,2024-08-14 16:33:48,54.8,GP-in-ED,2024-08-14 17:33:00,116,True,Admitted,Medical,Imaging only,None,False,False,97.2,False,False,False
ED-005271,HGH,2024-08-14 21:58:00,Wed,Ambulance,P-10566,32,Adult (25-44),F,3,2024-08-14 22:00:36,2.6,Abdominal pain,Abdominal pain - acute,2024-08-14 23:24:48,84.2,Nurse practitioner,2024-08-15 00:39:00,161,True,Discharged,N/A,Pathology only,None,False,False,91.6,False,False,False
ED-005329,HGH,2024-08-15 13:12:00,Thu,Walk-in,P-13131,44,Adult (25-44),F,3,2024-08-15 13:17:12,5.2,Musculoskeletal,Back pain - acute,2024-08-15 13:28:30,11.3,Emergency physician,2024-08-15 17:52:00,280,False,Discharged,N/A,Imaging only,None,False,False,85.4,False,False,False
ED-005384,HGH,2024-08-15 22:22:00,Thu,Walk-in,P-27459,102,Elderly (80+),F,3,2024-08-15 22:26:54,4.9,Injury/trauma,MVA - ambulatory,2024-08-15 22:40:42,13.8,Emergency physician,2024-08-16 05:19:00,417,False,Discharged,N/A,Pathology only,None,True,False,84.6,False,False,False
ED-005385,HGH,2024-08-15 22:26:00,Thu,Ambulance,P-12845,59,Middle-aged (45-64),F,4,2024-08-15 22:27:42,1.7,Injury/trauma,Fall - mechanical (no LOC),2024-08-15 23:22:00,54.3,Nurse practitioner,2024-08-16 00:52:00,146,True,Discharged,N/A,Both pathology and imaging,"Moderate (procedural sedation, reduction, abscess I&D)",False,False,58.7,False,False,True
ED-005407,HGH,2024-08-16 08:15:00,Fri,Walk-in,P-22934,50,Middle-aged (45-64),M,3,2024-08-16 08:16:54,1.9,Chest pain,Chest pain - cardiac features,2024-08-16 09:28:06,71.2,Emergency physician,2024-08-16 09:56:00,101,True,Discharged,N/A,Imaging only,None,False,False,87.0,False,False,False
ED-005428,HGH,2024-08-16 11:05:00,Fri,Ambulance,P-27905,22,Young adult (16-24),F,3,2024-08-16 11:09:54,4.9,Neurological,Seizure - resolved,2024-08-16 11:35:42,25.8,GP-in-ED,2024-08-16 15:23:00,258,False,Discharged,N/A,Both pathology and imaging,None,True,False,73.4,False,False,False
ED-005429,HGH,2024-08-16 11:12:00,Fri,Walk-in,P-16451,44,Adult (25-44),F,1,2024-08-16 11:12:00,0.0,Respiratory,Shortness of breath - acute,2024-08-16 11:12:36,0.6,Emergency physician,2024-08-16 15:28:00,256,False,Admitted,ICU,Imaging only,"Major (intubation, chest drain, resuscitation)",False,False,86.0,False,False,False
ED-005437,HGH,2024-08-16 12:21:00,Fri,Ambulance,P-31567,58,Middle-aged (45-64),M,2,2024-08-16 12:28:06,7.1,Injury/trauma,Fall - long lie >1hr / elderly,2024-08-16 12:34:48,6.7,Registrar,2024-08-16 17:02:00,281,False,Discharged,N/A,Pathology only,"Minor (suturing, splinting, wound care)",False,True,102.5,False,False,False
ED-005479,HGH,2024-08-16 18:26:00,Fri,Walk-in,P-00847,80,Elderly (80+),X,3,2024-08-16 18:28:42,2.7,Allergic reaction,Mild allergic reaction / urticaria,2024-08-16 19:16:24,47.7,Nurse practitioner,2024-08-16 20:32:00,126,True,Discharged,N/A,Pathology only,"Major (intubation, chest drain, resuscitation)",False,False,97.9,False,False,False
ED-005481,HGH,2024-08-16 18:50:00,Fri,Walk-in,P-26055,49,Middle-aged (45-64),M,4,2024-08-16 18:55:06,5.1,Injury/trauma,Laceration - facial/scalp,2024-08-16 21:12:12,137.1,Registrar,2024-08-16 21:40:00,170,True,Discharged,N/A,Imaging only,"Minor (suturing, splinting, wound care)",False,False,59.2,False,False,False
ED-005512,HGH,2024-08-17 00:10:00,Sat,Ambulance,P-00416,60,Middle-aged (45-64),M,4,2024-08-17 00:16:54,6.9,General unwell/sepsis-query,Generally unwell / reduced oral intake,2024-08-17 01:18:18,61.4,Registrar,2024-08-17 03:47:00,217,True,Discharged,N/A,None,"Minor (suturing, splinting, wound care)",False,False,111.5,False,False,False
ED-005548,HGH,2024-08-17 10:10:00,Sat,Walk-in,P-32236,77,Older adult (65-79),M,3,2024-08-17 10:14:00,4.0,Mental health,Suicidal ideation / self-harm,2024-08-17 10:26:54,12.9,Registrar,2024-08-17 19:02:00,532,False,Admitted,Mental health,Both pathology and imaging,"Minor (suturing, splinting, wound care)",False,False,79.0,False,True,False
ED-005555,HGH,2024-08-17 10:51:00,Sat,Ambulance,P-18599,55,Middle-aged (45-64),M,2,2024-08-17 10:54:54,3.9,Neurological,Stroke/TIA symptoms,2024-08-17 11:05:48,10.9,Resident/HMO,2024-08-17 14:06:00,195,True,Discharged,N/A,Pathology only,None,False,False,44.5,False,False,False
ED-005556,HGH,2024-08-17 10:53:00,Sat,Ambulance,P-27913,39,Adult (25-44),M,3,2024-08-17 10:58:12,5.2,Neurological,Stroke/TIA symptoms,2024-08-17 12:02:54,64.7,Resident/HMO,2024-08-17 15:44:00,291,False,Admitted,Surgical,None,None,False,False,92.1,False,False,False
ED-005562,HGH,2024-08-17 11:45:00,Sat,Ambulance,P-13103,24,Young adult (16-24),F,3,2024-08-17 11:49:42,4.7,Respiratory,Shortness of breath - acute,2024-08-17 12:18:00,28.3,Registrar,2024-08-17 15:02:00,197,True,Discharged,N/A,Pathology only,None,False,True,95.3,False,False,False
ED-005573,HGH,2024-08-17 13:01:00,Sat,Walk-in,P-23473,25,Adult (25-44),F,4,2024-08-17 13:04:30,3.5,Gastrointestinal,Diarrhoea - acute/infective,2024-08-17 14:12:06,67.6,Emergency physician,2024-08-17 15:28:00,147,True,Discharged,N/A,Pathology only,"Minor (suturing, splinting, wound care)",False,False,98.4,False,False,False
ED-005594,HGH,2024-08-17 15:25:00,Sat,Walk-in,P-25918,30,Adult (25-44),F,3,2024-08-17 15:27:54,2.9,Urological/renal,Renal colic / ureteric pain,2024-08-17 16:07:24,39.5,Resident/HMO,2024-08-17 22:01:00,396,False,Discharged,N/A,Pathology only,"Moderate (procedural sedation, reduction, abscess I&D)",False,False,100.3,False,False,False
ED-005648,HGH,2024-08-17 23:34:00,Sat,Walk-in,P-01186,63,Middle-aged (45-64),F,3,2024-08-17 23:36:00,2.0,Abdominal pain,Abdominal pain - acute,2024-08-17 23:48:06,12.1,Emergency physician,2024-08-18 05:46:00,372,False,Admitted,Paediatric,Both pathology and imaging,None,False,False,57.5,False,False,False
ED-005666,HGH,2024-08-18 08:29:00,Sun,Walk-in,P-19604,36,Adult (25-44),F,4,2024-08-18 08:32:54,3.9,Poisoning/overdose,Intentional overdose,2024-08-18 09:32:12,59.3,Registrar,2024-08-18 10:33:00,124,True,Discharged,N/A,Both pathology and imaging,None,False,False,56.2,False,False,False
ED-005672,HGH,2024-08-18 09:00:00,Sun,Walk-in,P-06261,41,Adult (25-44),M,3,2024-08-18 09:02:30,2.5,Injury/trauma,Fall - mechanical (no LOC),2024-08-18 09:21:24,18.9,Nurse practitioner,2024-08-18 10:38:00,98,True,Discharged,N/A,None,"Moderate (procedural sedation, reduction, abscess I&D)",False,False,82.3,False,False,False
ED-005704,HGH,2024-08-18 12:52:00,Sun,Ambulance,P-14048,77,Older adult (65-79),M,2,2024-08-18 12:55:24,3.4,Neurological,Stroke/TIA symptoms,2024-08-18 13:02:12,6.8,Emergency physician,2024-08-18 15:39:00,167,True,Admitted,Medical,Both pathology and imaging,"Minor (suturing, splinting, wound care)",False,False,70.4,False,False,False
ED-005753,HGH,2024-08-18 20:52:00,Sun,Ambulance,P-21256,70,Older adult (65-79),M,2,2024-08-18 20:55:24,3.4,General unwell/sepsis-query,Febrile - query sepsis,2024-08-18 21:03:06,7.7,Nurse practitioner,2024-08-19 00:05:00,193,True,Admitted,Medical,Both pathology and imaging,None,False,False,79.3,False,False,False
ED-005765,HGH,2024-08-18 22:26:00,Sun,Walk-in,P-33414,41,Adult (25-44),F,3,2024-08-18 22:31:42,5.7,Abdominal pain,Abdominal pain - acute,2024-08-18 23:09:42,38.0,Emergency physician,2024-08-18 23:45:00,79,True,Discharged,N/A,Both pathology and imaging,"Major (intubation, chest drain, resuscitation)",False,False,77.1,False,False,False
ED-005797,HGH,2024-08-19 09:07:00,Mon,Walk-in,P-34863,36,Adult (25-44),F,5,2024-08-19 09:11:54,4.9,Skin/wound,Wound review / dressing change,2024-08-19 12:29:42,197.8,Emergency physician,2024-08-19 10:06:00,59,True,Discharged,N/A,Pathology only,None,False,False,94.8,False,False,False
ED-005836,HGH,2024-08-19 13:10:00,Mon,Ambulance,P-13853,52,Middle-aged (45-64),F,3,2024-08-19 13:12:48,2.8,Neurological,Stroke/TIA symptoms,2024-08-19 13:53:54,41.1,Registrar,2024-08-19 16:52:00,222,True,Admitted,Surgical,None,"Minor (suturing, splinting, wound care)",False,False,95.9,False,False,False
ED-005862,HGH,2024-08-19 18:17:00,Mon,Ambulance,P-04211,32,Adult (25-44),M,4,2024-08-19 18:20:18,3.3,Neurological,Seizure - resolved,2024-08-19 19:12:00,51.7,Emergency physician,2024-08-19 20:26:00,129,True,Discharged,N/A,None,None,False,False,107.1,False,False,False
ED-005903,HGH,2024-08-20 04:50:00,Tue,Walk-in,P-10374,72,Older adult (65-79),M,3,2024-08-20 04:52:36,2.6,Injury/trauma,Fall - long lie >1hr / elderly,2024-08-20 05:17:48,25.2,Registrar,2024-08-20 07:59:00,189,True,Discharged,N/A,Pathology only,None,False,False,90.0,False,False,True
ED-006015,HGH,2024-08-21 00:00:00,Wed,Walk-in,P-04775,29,Adult (25-44),M,2,2024-08-21 00:01:54,1.9,Chest pain,Chest pain - cardiac features,2024-08-21 00:15:00,13.1,Registrar,2024-08-21 03:35:00,215,True,Admitted,Short stay unit,Both pathology and imaging,None,False,False,82.2,False,False,False
ED-006055,HGH,2024-08-21 10:57:00,Wed,Walk-in,P-21397,49,Middle-aged (45-64),F,5,2024-08-21 11:00:00,3.0,Injury/trauma,Laceration - facial/scalp,2024-08-21 11:41:30,41.5,Nurse practitioner,2024-08-21 13:35:00,158,True,Discharged,N/A,Pathology only,None,True,False,73.4,False,False,False
ED-006076,HGH,2024-08-21 13:52:00,Wed,Ambulance,P-28901,31,Adult (25-44),F,3,2024-08-21 13:58:00,6.0,Abdominal pain,Abdominal pain - acute,2024-08-21 14:43:00,45.0,GP-in-ED,2024-08-21 15:40:00,108,True,Discharged,N/A,Pathology only,"Major (intubation, chest drain, resuscitation)",False,False,76.7,False,False,False
ED-006079,HGH,2024-08-21 14:04:00,Wed,Walk-in,P-15462,45,Middle-aged (45-64),M,4,2024-08-21 14:08:30,4.5,Abdominal pain,Abdominal pain - acute,2024-08-21 14:32:42,24.2,Emergency physician,2024-08-21 16:39:00,155,True,Admitted,Orthopaedic,Pathology only,None,False,False,50.7,False,False,False
ED-006087,HGH,2024-08-21 16:00:00,Wed,Ambulance,P-07824,37,Adult (25-44),F,2,2024-08-21 16:02:18,2.3,Injury/trauma,Head injury - moderate/severe,2024-08-21 16:28:48,26.5,Emergency physician,2024-08-21 20:19:00,259,False,Admitted,Paediatric,Pathology only,None,False,False,85.2,False,False,False
ED-006088,HGH,2024-08-21 16:04:00,Wed,Walk-in,P-34515,33,Adult (25-44),F,2,2024-08-21 16:05:24,1.4,Chest pain,Chest pain - cardiac features,2024-08-21 16:09:54,4.5,Emergency physician,2024-08-21 19:59:00,235,True,Admitted,Orthopaedic,Both pathology and imaging,None,False,False,83.5,False,False,False
ED-006116,HGH,2024-08-21 20:34:00,Wed,Walk-in,P-02332,102,Elderly (80+),F,4,2024-08-21 20:39:54,5.9,Abdominal pain,Abdominal pain - non-specific/chronic,2024-08-21 21:32:48,52.9,Nurse practitioner,2024-08-22 00:18:00,224,True,Discharged,N/A,Both pathology and imaging,"Moderate (procedural sedation, reduction, abscess I&D)",False,False,74.7,False,False,False
ED-006162,HGH,2024-08-22 11:09:00,Thu,Ambulance,P-15248,43,Adult (25-44),F,2,2024-08-22 11:14:24,5.4,Neurological,Stroke/TIA symptoms,2024-08-22 11:39:48,25.4,Emergency physician,2024-08-22 16:34:00,325,False,Admitted,Medical,Both pathology and imaging,"Moderate (procedural sedation, reduction, abscess I&D)",False,True,96.0,False,False,False
ED-006241,HGH,2024-08-23 08:32:00,Fri,Walk-in,P-20629,40,Adult (25-44),F,3,2024-08-23 08:40:36,8.6,Musculoskeletal,Back pain - acute,2024-08-23 09:17:18,36.7,Resident/HMO,2024-08-23 11:28:00,176,True,Discharged,N/A,Imaging only,"Moderate (procedural sedation, reduction, abscess I&D)",False,False,85.7,False,False,False
ED-006291,HGH,2024-08-23 16:05:00,Fri,Ambulance,P-29607,54,Middle-aged (45-64),M,5,2024-08-23 16:07:30,2.5,Gastrointestinal,GI bleed - haematemesis/melaena,2024-08-23 17:36:42,89.2,Registrar,2024-08-23 18:25:00,140,True,Discharged,N/A,Pathology only,None,False,False,51.8,False,False,False
ED-006332,HGH,2024-08-23 22:11:00,Fri,Walk-in,P-02328,52,Middle-aged (45-64),M,4,2024-08-23 22:17:18,6.3,Injury/trauma,Burn - minor (<10% TBSA),2024-08-23 23:26:30,69.2,Registrar,2024-08-24 02:15:00,244,False,Discharged,N/A,Pathology only,None,False,False,76.3,False,False,False
ED-006334,HGH,2024-08-23 22:35:00,Fri,Ambulance,P-08514,28,Adult (25-44),M,4,2024-08-23 22:37:06,2.1,Respiratory,Shortness of breath - acute,2024-08-23 23:03:00,25.9,Nurse practitioner,2024-08-24 01:41:00,186,True,Discharged,N/A,None,None,False,False,83.3,False,False,False
ED-006439,HGH,2024-08-24 17:45:00,Sat,Ambulance,P-18710,102,Elderly (80+),M,3,2024-08-24 17:52:48,7.8,Neurological,Stroke/TIA symptoms,2024-08-24 18:06:30,13.7,GP-in-ED,2024-08-24 21:21:00,216,True,Admitted,Short stay unit,Both pathology and imaging,None,False,False,92.7,False,False,False
ED-006471,HGH,2024-08-24 23:42:00,Sat,Walk-in,P-18749,67,Older adult (65-79),X,3,2024-08-24 23:49:18,7.3,Neurological,Syncope / collapse,2024-08-24 23:56:54,7.6,Registrar,2024-08-25 03:45:00,243,False,Discharged,N/A,Both pathology and imaging,"Moderate (procedural sedation, reduction, abscess I&D)",False,False,108.0,False,False,True
ED-006481,HGH,2024-08-25 07:07:00,Sun,Walk-in,P-03718,29,Adult (25-44),F,4,2024-08-25 07:15:42,8.7,Abdominal pain,Abdominal pain - acute,2024-08-25 08:06:30,50.8,Resident/HMO,2024-08-25 11:19:00,252,False,Admitted,Surgical,Both pathology and imaging,"Minor (suturing, splinting, wound care)",False,False,101.3,False,False,False
ED-006501,HGH,2024-08-25 09:24:00,Sun,Walk-in,P-27821,45,Middle-aged (45-64),M,4,2024-08-25 09:30:12,6.2,ENT,Epistaxis,2024-08-25 10:27:18,57.1,GP-in-ED,2024-08-25 11:27:00,123,True,Discharged,N/A,Pathology only,None,False,False,91.8,False,False,False
ED-006541,HGH,2024-08-25 14:14:00,Sun,Walk-in,P-13825,54,Middle-aged (45-64),F,3,2024-08-25 14:19:48,5.8,Neurological,Seizure - resolved,2024-08-25 14:32:42,12.9,Emergency physician,2024-08-25 17:08:00,174,True,Discharged,N/A,Pathology only,None,True,False,93.6,False,False,False
ED-006581,HGH,2024-08-25 19:41:00,Sun,Walk-in,P-10669,51,Middle-aged (45-64),F,4,2024-08-25 19:42:24,1.4,Respiratory,Shortness of breath - acute,2024-08-25 20:33:48,51.4,Registrar,2024-08-25 21:52:00,131,True,Discharged,N/A,Pathology only,"Minor (suturing, splinting, wound care)",False,False,90.8,False,False,True
ED-006613,HGH,2024-08-26 08:33:00,Mon,Walk-in,P-16971,29,Adult (25-44),M,5,2024-08-26 08:36:06,3.1,Other,Medication issue / script,2024-08-26 12:45:42,249.6,GP-in-ED,2024-08-26 09:13:00,40,True,Discharged,N/A,None,None,False,False,93.8,False,False,False
ED-006618,HGH,2024-08-26 09:11:00,Mon,Walk-in,P-05373,38,Adult (25-44),M,2,2024-08-26 09:18:54,7.9,Abdominal pain,Abdominal pain - acute,2024-08-26 09:32:54,14.0,Emergency physician,2024-08-26 14:46:00,335,False,Discharged,N/A,Imaging only,"Minor (suturing, splinting, wound care)",False,False,79.1,False,False,False
ED-006642,HGH,2024-08-26 12:27:00,Mon,Walk-in,P-17784,60,Middle-aged (45-64),M,4,2024-08-26 12:32:48,5.8,Other,Medication issue / script,2024-08-26 15:46:06,193.3,Resident/HMO,2024-08-26 15:21:00,174,True,Discharged,N/A,Pathology only,"Minor (suturing, splinting, wound care)",False,False,100.2,False,False,False
ED-006651,HGH,2024-08-26 13:14:00,Mon,Walk-in,P-13141,90,Elderly (80+),F,5,2024-08-26 13:17:54,3.9,General unwell/sepsis-query,Generally unwell / reduced oral intake,2024-08-26 15:46:36,148.7,Registrar,2024-08-26 16:09:00,175,True,Did not wait (DNW),N/A,None,"Minor (suturing, splinting, wound care)",False,False,96.3,False,False,False
ED-006653,HGH,2024-08-26 14:01:00,Mon,Ambulance,P-11681,35,Adult (25-44),F,2,2024-08-26 14:04:18,3.3,General unwell/sepsis-query,Febrile - query sepsis,2024-08-26 14:26:00,21.7,Registrar,2024-08-26 22:14:00,493,False,Admitted,Medical,Imaging only,"Moderate (procedural sedation, reduction, abscess I&D)",False,False,93.5,False,False,False
ED-006667,HGH,2024-08-26 15:53:00,Mon,Walk-in,P-34065,102,Elderly (80+),M,2,2024-08-26 15:59:54,6.9,Injury/trauma,Fall - mechanical (no LOC),2024-08-26 16:05:30,5.6,Registrar,2024-08-27 03:41:00,708,False,Admitted,Medical,Imaging only,"Moderate (procedural sedation, reduction, abscess I&D)",False,False,104.9,False,False,False
ED-006681,HGH,2024-08-26 18:18:00,Mon,Ambulance,P-26047,23,Young adult (16-24),M,2,2024-08-26 18:22:12,4.2,Neurological,Stroke/TIA symptoms,2024-08-26 18:26:24,4.2,Emergency physician,2024-08-26 22:26:00,248,False,Admitted,Medical,Both pathology and imaging,None,False,False,101.6,False,False,False
ED-006682,HGH,2024-08-26 18:37:00,Mon,Walk-in,P-22849,30,Adult (25-44),F,4,2024-08-26 18:40:06,3.1,Injury/trauma,Laceration - upper limb,2024-08-26 20:00:18,80.2,Resident/HMO,2024-08-26 20:15:00,98,True,Short stay unit,Short stay unit,Both pathology and imaging,"Moderate (procedural sedation, reduction, abscess I&D)",False,False,43.9,False,False,True
ED-006704,HGH,2024-08-27 00:40:00,Tue,Ambulance,P-13872,21,Young adult (16-24),F,4,2024-08-27 00:45:12,5.2,Injury/trauma,Fracture - suspected lower limb/hip,2024-08-27 02:30:42,105.5,GP-in-ED,2024-08-27 02:47:00,127,True,Admitted,Medical,None,"Moderate (procedural sedation, reduction, abscess I&D)",False,False,91.2,False,False,False
ED-006841,HGH,2024-08-28 09:36:00,Wed,Walk-in,P-21925,40,Adult (25-44),F,3,2024-08-28 09:42:00,6.0,Neurological,Syncope / collapse,2024-08-28 09:55:00,13.0,Resident/HMO,2024-08-28 14:32:00,296,False,Discharged,N/A,None,None,False,False,77.9,False,False,False
ED-006892,HGH,2024-08-28 16:02:00,Wed,Walk-in,P-24817,43,Adult (25-44),M,3,2024-08-28 16:07:18,5.3,Injury/trauma,Fall - mechanical (no LOC),2024-08-28 16:36:12,28.9,Emergency physician,2024-08-28 20:57:00,295,False,Discharged,N/A,Imaging only,"Minor (suturing, splinting, wound care)",False,False,81.8,False,False,False
ED-006945,HGH,2024-08-29 04:03:00,Thu,Walk-in,P-18115,49,Middle-aged (45-64),M,5,2024-08-29 04:10:48,7.8,Neurological,Dizziness / vertigo,2024-08-29 06:36:36,145.8,Resident/HMO,2024-08-29 05:49:00,106,True,Discharged,N/A,None,None,False,False,79.1,False,False,False
ED-006981,HGH,2024-08-29 11:13:00,Thu,Ambulance,P-16512,53,Middle-aged (45-64),F,3,2024-08-29 11:14:30,1.5,Allergic reaction,Anaphylaxis / severe allergic,2024-08-29 11:32:18,17.8,Emergency physician,2024-08-29 14:21:00,188,True,Discharged,N/A,Both pathology and imaging,None,False,False,84.7,False,False,True
ED-007060,HGH,2024-08-30 06:45:00,Fri,Walk-in,P-18070,60,Middle-aged (45-64),F,4,2024-08-30 06:46:18,1.3,Mental health,Suicidal ideation / self-harm,2024-08-30 07:46:54,60.6,GP-in-ED,2024-08-30 09:03:00,138,True,Discharged,N/A,Pathology only,None,False,False,81.1,False,True,False
ED-007073,HGH,2024-08-30 09:16:00,Fri,Ambulance,P-28853,59,Middle-aged (45-64),M,5,2024-08-30 09:19:18,3.3,Injury/trauma,Laceration - upper limb,2024-08-30 10:01:30,42.2,Resident/HMO,2024-08-30 11:25:00,129,True,Discharged,N/A,Imaging only,None,True,False,78.9,False,False,False
ED-007154,HGH,2024-08-30 19:37:00,Fri,Walk-in,P-30059,67,Older adult (65-79),M,5,2024-08-30 19:41:18,4.3,Mental health,Suicidal ideation / self-harm,2024-08-30 20:36:48,55.5,Nurse practitioner,2024-08-31 02:10:00,393,False,Discharged,N/A,None,None,False,False,84.1,False,True,False
ED-007209,HGH,2024-08-31 12:10:00,Sat,Walk-in,P-21637,42,Adult (25-44),M,5,2024-08-31 12:13:12,3.2,Skin/wound,Wound review / dressing change,2024-08-31 14:36:00,142.8,Resident/HMO,2024-08-31 13:29:00,79,True,Discharged,N/A,None,None,False,False,61.2,False,False,False
ED-007217,HGH,2024-08-31 13:40:00,Sat,Ambulance,P-17607,75,Older adult (65-79),M,2,2024-08-31 13:42:42,2.7,General unwell/sepsis-query,Febrile - query sepsis,2024-08-31 13:48:42,6.0,Resident/HMO,2024-08-31 16:38:00,178,True,Admitted,Paediatric,Both pathology and imaging,"Major (intubation, chest drain, resuscitation)",False,False,72.7,False,False,False
ED-007415,HGH,2024-09-02 11:13:00,Mon,Walk-in,P-10632,76,Older adult (65-79),F,5,2024-09-02 11:17:42,4.7,Gastrointestinal,Diarrhoea - acute/infective,2024-09-02 12:38:00,80.3,GP-in-ED,2024-09-02 12:42:00,89,True,Discharged,N/A,Imaging only,None,False,False,78.5,False,False,False
ED-007442,HGH,2024-09-02 15:12:00,Mon,Walk-in,P-12136,30,Adult (25-44),F,4,2024-09-02 15:21:06,9.1,Other,Medication issue / script,2024-09-02 15:40:18,19.2,Resident/HMO,2024-09-02 16:02:00,50,True,Did not wait (DNW),N/A,Both pathology and imaging,"Minor (suturing, splinting, wound care)",False,False,85.0,False,False,False
ED-007449,HGH,2024-09-02 16:02:00,Mon,Ambulance,P-08687,69,Older adult (65-79),M,2,2024-09-02 16:09:06,7.1,General unwell/sepsis-query,Febrile - query sepsis,2024-09-02 16:27:36,18.5,Resident/HMO,2024-09-02 21:46:00,344,False,Admitted,Orthopaedic,Both pathology and imaging,None,False,True,106.2,False,False,True
ED-007467,HGH,2024-09-02 18:35:00,Mon,Walk-in,P-24373,21,Young adult (16-24),F,4,2024-09-02 18:37:42,2.7,Urological/renal,Renal colic / ureteric pain,2024-09-02 19:51:06,73.4,Emergency physician,2024-09-02 20:07:00,92,True,Discharged,N/A,Imaging only,None,False,False,92.0,False,False,False
ED-007477,HGH,2024-09-02 20:18:00,Mon,Ambulance,P-18802,20,Young adult (16-24),F,2,2024-09-02 20:20:24,2.4,Respiratory,Shortness of breath - acute,2024-09-02 20:35:06,14.7,Emergency physician,2024-09-02 23:12:00,174,True,Admitted,Medical,None,None,False,False,77.5,False,False,True
ED-007544,HGH,2024-09-03 12:43:00,Tue,Walk-in,P-25954,38,Adult (25-44),F,4,2024-09-03 12:48:48,5.8,Obstetric/gynaecological,Pelvic pain,2024-09-03 13:20:24,31.6,Nurse practitioner,2024-09-03 13:46:00,63,True,Discharged,N/A,Pathology only,"Minor (suturing, splinting, wound care)",False,False,77.8,False,False,False
ED-007551,HGH,2024-09-03 13:50:00,Tue,Walk-in,P-29684,52,Middle-aged (45-64),M,3,2024-09-03 13:53:12,3.2,Musculoskeletal,Back pain - acute,2024-09-03 14:30:00,36.8,GP-in-ED,2024-09-03 16:45:00,175,True,Short stay unit,Short stay unit,Both pathology and imaging,None,False,False,95.6,False,False,False
ED-007581,HGH,2024-09-03 17:37:00,Tue,Ambulance,P-04468,42,Adult (25-44),M,2,2024-09-03 17:40:18,3.3,Respiratory,COPD exacerbation,2024-09-03 17:49:42,9.4,Emergency physician,2024-09-03 22:07:00,270,False,Admitted,Short stay unit,Both pathology and imaging,None,False,False,88.2,False,False,True
ED-007629,HGH,2024-09-04 09:50:00,Wed,Walk-in,P-21001,59,Middle-aged (45-64),F,2,2024-09-04 09:53:06,3.1,Respiratory,Shortness of breath - acute,2024-09-04 09:57:42,4.6,Registrar,2024-09-04 11:43:00,113,True,Admitted,Surgical,Pathology only,"Moderate (procedural sedation, reduction, abscess I&D)",False,False,91.4,False,False,False
ED-007710,HGH,2024-09-04 22:48:00,Wed,Walk-in,P-18266,32,Adult (25-44),F,3,2024-09-04 22:51:00,3.0,Neurological,Syncope / collapse,2024-09-04 23:07:24,16.4,Emergency physician,2024-09-05 00:02:00,74,True,Admitted,Medical,Pathology only,"Major (intubation, chest drain, resuscitation)",True,False,66.6,False,False,False
ED-007781,HGH,2024-09-05 18:47:00,Thu,Walk-in,P-21326,69,Older adult (65-79),F,3,2024-09-05 18:53:06,6.1,Injury/trauma,Fracture - suspected lower limb/hip,2024-09-05 19:19:06,26.0,Nurse practitioner,2024-09-06 00:40:00,353,False,Discharged,N/A,Both pathology and imaging,"Moderate (procedural sedation, reduction, abscess I&D)",False,False,73.5,False,False,False
ED-007813,HGH,2024-09-06 07:42:00,Fri,Walk-in,P-13482,35,Adult (25-44),M,4,2024-09-06 07:47:30,5.5,Injury/trauma,Burn - minor (<10% TBSA),2024-09-06 09:00:36,73.1,Registrar,2024-09-06 09:16:00,94,True,Discharged,N/A,Both pathology and imaging,None,False,False,77.9,False,False,False
ED-007819,HGH,2024-09-06 09:47:00,Fri,Police/corrections,P-14863,37,Adult (25-44),M,3,2024-09-06 09:53:18,6.3,General unwell/sepsis-query,Generally unwell / reduced oral intake,2024-09-06 10:42:30,49.2,Resident/HMO,2024-09-06 13:31:00,224,True,Discharged,N/A,Both pathology and imaging,"Moderate (procedural sedation, reduction, abscess I&D)",False,False,81.4,False,False,False
ED-007824,HGH,2024-09-06 10:29:00,Fri,Police/corrections,P-24681,20,Young adult (16-24),F,4,2024-09-06 10:32:18,3.3,Skin/wound,Cellulitis,2024-09-06 12:21:12,108.9,Resident/HMO,2024-09-06 12:53:00,144,True,Discharged,N/A,None,None,False,False,55.8,False,False,False
ED-007846,HGH,2024-09-06 13:26:00,Fri,Walk-in,P-23188,18,Young adult (16-24),M,3,2024-09-06 13:32:24,6.4,Chest pain,Chest pain - non-cardiac/musculoskeletal,2024-09-06 14:21:18,48.9,GP-in-ED,2024-09-06 16:30:00,184,True,Discharged,N/A,Pathology only,None,False,False,87.7,False,False,False
ED-007853,HGH,2024-09-06 14:36:00,Fri,Ambulance,P-13657,24,Young adult (16-24),F,3,2024-09-06 14:40:06,4.1,Neurological,Headache - severe/thunderclap,2024-09-06 14:52:24,12.3,Resident/HMO,2024-09-06 17:17:00,161,True,Discharged,N/A,None,"Minor (suturing, splinting, wound care)",False,False,77.7,False,False,False
ED-007871,HGH,2024-09-06 18:29:00,Fri,Walk-in,P-09774,47,Middle-aged (45-64),M,5,2024-09-06 18:41:24,12.4,Neurological,Headache - tension/migraine,2024-09-06 23:41:24,300.0,GP-in-ED,2024-09-06 19:35:00,66,True,Discharged,N/A,None,"Minor (suturing, splinting, wound care)",False,False,70.0,False,False,False
ED-007891,HGH,2024-09-06 22:18:00,Fri,Walk-in,P-28505,61,Middle-aged (45-64),M,4,2024-09-06 22:26:18,8.3,Other,Review by ED / GP referral,2024-09-06 23:18:06,51.8,Nurse practitioner,2024-09-07 00:32:00,134,True,Discharged,N/A,Both pathology and imaging,None,False,False,96.1,False,False,False
ED-007909,HGH,2024-09-07 07:52:00,Sat,Walk-in,P-01029,24,Young adult (16-24),M,4,2024-09-07 07:55:48,3.8,Respiratory,COPD exacerbation,2024-09-07 08:27:12,31.4,GP-in-ED,2024-09-07 11:52:00,240,True,Discharged,N/A,Both pathology and imaging,"Minor (suturing, splinting, wound care)",False,False,77.8,False,False,False
ED-008093,HGH,2024-09-08 18:56:00,Sun,Ambulance,P-16982,56,Middle-aged (45-64),F,3,2024-09-08 19:08:06,12.1,Injury/trauma,Head injury - moderate/severe,2024-09-08 19:34:00,25.9,Nurse practitioner,2024-09-08 21:37:00,161,True,Discharged,N/A,Pathology only,None,False,False,100.9,False,False,True
ED-008252,HGH,2024-09-10 09:04:00,Tue,Walk-in,P-24839,44,Adult (25-44),M,3,2024-09-10 09:08:36,4.6,Injury/trauma,Head injury - minor (GCS 15),2024-09-10 09:27:18,18.7,Resident/HMO,2024-09-10 11:56:00,172,True,Discharged,N/A,Pathology only,None,False,False,87.1,False,False,False
ED-008281,HGH,2024-09-10 12:41:00,Tue,Walk-in,P-33621,63,Middle-aged (45-64),M,5,2024-09-10 12:48:06,7.1,Skin/wound,Abscess,2024-09-10 13:25:36,37.5,GP-in-ED,2024-09-10 14:59:00,138,True,Discharged,N/A,Pathology only,None,False,False,94.0,False,False,False
ED-008314,HGH,2024-09-10 17:58:00,Tue,Walk-in,P-23507,49,Middle-aged (45-64),M,5,2024-09-10 18:01:06,3.1,ENT,Sore throat / tonsillar,2024-09-10 20:47:06,166.0,GP-in-ED,2024-09-10 19:42:00,104,True,Discharged,N/A,Pathology only,None,False,False,91.0,False,False,False
ED-008414,HGH,2024-09-11 16:33:00,Wed,Walk-in,P-28446,26,Adult (25-44),F,2,2024-09-11 16:37:00,4.0,Chest pain,Chest pain - cardiac features,2024-09-11 16:41:24,4.4,Emergency physician,2024-09-11 19:33:00,180,True,Discharged,N/A,Both pathology and imaging,"Major (intubation, chest drain, resuscitation)",False,False,92.1,False,False,False
ED-008451,HGH,2024-09-11 22:54:00,Wed,Walk-in,P-27549,30,Adult (25-44),M,5,2024-09-11 22:57:42,3.7,Skin/wound,Abscess,2024-09-12 03:43:24,285.7,GP-in-ED,2024-09-11 23:52:00,58,True,Discharged,N/A,Imaging only,None,False,False,79.9,False,False,False
ED-008532,HGH,2024-09-12 18:42:00,Thu,Ambulance,P-33052,63,Middle-aged (45-64),M,3,2024-09-12 18:46:24,4.4,Neurological,Seizure - resolved,2024-09-12 19:22:36,36.2,Resident/HMO,2024-09-12 21:25:00,163,True,Discharged,N/A,Pathology only,None,False,False,41.2,False,False,False
ED-008554,HGH,2024-09-12 23:57:00,Thu,Walk-in,P-00542,16,Young adult (16-24),F,5,2024-09-13 00:04:48,7.8,Urological/renal,Renal colic / ureteric pain,2024-09-13 03:10:18,185.5,Resident/HMO,2024-09-13 01:00:00,63,True,Discharged,N/A,None,None,False,False,76.9,False,False,False
ED-008600,HGH,2024-09-13 12:30:00,Fri,Walk-in,P-25581,26,Adult (25-44),M,3,2024-09-13 12:43:48,13.8,Musculoskeletal,Back pain - acute,2024-09-13 12:53:54,10.1,Registrar,2024-09-13 15:16:00,166,True,Short stay unit,Short stay unit,Imaging only,"Minor (suturing, splinting, wound care)",False,False,80.5,False,False,False
ED-008616,HGH,2024-09-13 14:03:00,Fri,Walk-in,P-30366,36,Adult (25-44),M,3,2024-09-13 14:07:12,4.2,Respiratory,Shortness of breath - acute,2024-09-13 14:27:30,20.3,Resident/HMO,2024-09-13 16:15:00,132,True,Discharged,N/A,Both pathology and imaging,None,False,False,70.1,False,False,False
ED-008676,HGH,2024-09-13 22:32:00,Fri,Walk-in,P-02504,20,Young adult (16-24),M,2,2024-09-13 22:35:12,3.2,Injury/trauma,Head injury - minor (GCS 15),2024-09-13 22:41:54,6.7,Emergency physician,2024-09-14 07:47:00,555,False,Discharged,N/A,Both pathology and imaging,"Minor (suturing, splinting, wound care)",False,False,76.2,False,False,False
ED-008685,HGH,2024-09-14 03:47:00,Sat,Ambulance,P-08717,42,Adult (25-44),F,3,2024-09-14 03:52:12,5.2,Urological/renal,Renal colic / ureteric pain,2024-09-14 05:05:30,73.3,Emergency physician,2024-09-14 07:56:00,249,False,Discharged,N/A,Both pathology and imaging,"Minor (suturing, splinting, wound care)",False,False,101.4,False,False,False
ED-008843,HGH,2024-09-15 16:55:00,Sun,Walk-in,P-26755,65,Older adult (65-79),M,5,2024-09-15 16:57:12,2.2,Injury/trauma,Head injury - minor (GCS 15),2024-09-15 17:38:12,41.0,GP-in-ED,2024-09-15 18:43:00,108,True,Discharged,N/A,Pathology only,None,False,False,95.3,False,False,False
ED-008928,HGH,2024-09-16 13:47:00,Mon,Walk-in,P-16080,31,Adult (25-44),M,4,2024-09-16 13:49:36,2.6,Obstetric/gynaecological,Pelvic pain,2024-09-16 15:27:48,98.2,Resident/HMO,2024-09-16 17:56:00,249,False,Discharged,N/A,Both pathology and imaging,None,False,False,60.5,False,False,False
ED-009014,HGH,2024-09-17 11:32:00,Tue,Walk-in,P-14583,80,Elderly (80+),F,5,2024-09-17 11:40:36,8.6,Other,Medication issue / script,2024-09-17 12:17:42,37.1,Nurse practitioner,2024-09-17 13:46:00,134,True,Discharged,N/A,None,"Minor (suturing, splinting, wound care)",False,False,88.7,False,False,False
ED-009091,HGH,2024-09-18 06:22:00,Wed,Ambulance,P-16267,28,Adult (25-44),M,3,2024-09-18 06:25:00,3.0,Respiratory,COPD exacerbation,2024-09-18 07:36:06,71.1,Resident/HMO,2024-09-18 08:42:00,140,True,Discharged,N/A,Pathology only,"Minor (suturing, splinting, wound care)",False,False,75.5,False,False,False
ED-009099,HGH,2024-09-18 08:34:00,Wed,Walk-in,P-08115,83,Elderly (80+),F,4,2024-09-18 08:37:48,3.8,Ophthalmological,Eye injury / foreign body,2024-09-18 09:07:54,30.1,Nurse practitioner,2024-09-18 12:11:00,217,True,Discharged,N/A,None,None,False,False,94.0,False,False,False
ED-009173,HGH,2024-09-18 18:07:00,Wed,Ambulance,P-16293,29,Adult (25-44),F,2,2024-09-18 18:14:06,7.1,Gastrointestinal,GI bleed - haematemesis/melaena,2024-09-18 18:24:00,9.9,Emergency physician,2024-09-18 22:21:00,254,False,Admitted,Medical,Both pathology and imaging,"Minor (suturing, splinting, wound care)",False,False,60.1,False,False,False
ED-009284,HGH,2024-09-19 19:03:00,Thu,Ambulance,P-11575,77,Older adult (65-79),M,3,2024-09-19 19:06:30,3.5,Chest pain,Chest pain - cardiac features,2024-09-19 19:39:06,32.6,Emergency physician,2024-09-19 23:26:00,263,False,Discharged,N/A,Both pathology and imaging,None,False,False,79.4,False,False,False
ED-009299,HGH,2024-09-19 23:10:00,Thu,Ambulance,P-31943,45,Middle-aged (45-64),F,3,2024-09-19 23:11:54,1.9,Poisoning/overdose,Accidental ingestion,2024-09-19 23:31:12,19.3,Resident/HMO,2024-09-20 02:15:00,185,True,Discharged,N/A,Imaging only,None,False,False,75.5,False,False,False
ED-009338,HGH,2024-09-20 11:55:00,Fri,Ambulance,P-18542,52,Middle-aged (45-64),F,1,2024-09-20 11:55:00,0.0,Gastrointestinal,GI bleed - haematemesis/melaena,2024-09-20 11:55:06,0.1,Emergency physician,2024-09-20 17:54:00,359,False,Admitted,ICU,Both pathology and imaging,"Minor (suturing, splinting, wound care)",False,False,101.9,False,False,False
ED-009449,HGH,2024-09-21 10:39:00,Sat,Walk-in,P-02340,46,Middle-aged (45-64),M,3,2024-09-21 10:42:48,3.8,Respiratory,Asthma exacerbation,2024-09-21 10:59:24,16.6,GP-in-ED,2024-09-21 14:06:00,207,True,Discharged,N/A,Both pathology and imaging,"Moderate (procedural sedation, reduction, abscess I&D)",False,False,88.0,False,False,False
ED-009458,HGH,2024-09-21 11:45:00,Sat,Walk-in,P-08109,71,Older adult (65-79),M,4,2024-09-21 11:49:48,4.8,Allergic reaction,Mild allergic reaction / urticaria,2024-09-21 13:24:24,94.6,Nurse practitioner,2024-09-21 14:26:00,161,True,Discharged,N/A,Pathology only,None,False,False,76.6,False,False,False
ED-009594,HGH,2024-09-22 15:20:00,Sun,Walk-in,P-22873,42,Adult (25-44),F,3,2024-09-22 15:24:42,4.7,ENT,Epistaxis,2024-09-22 15:46:24,21.7,Registrar,2024-09-22 20:02:00,282,False,Admitted,Medical,Imaging only,None,False,False,97.9,False,False,False
ED-009624,HGH,2024-09-22 20:15:00,Sun,Walk-in,P-27591,17,Young adult (16-24),F,2,2024-09-22 20:19:42,4.7,Chest pain,Chest pain - cardiac features,2024-09-22 20:28:18,8.6,Emergency physician,2024-09-23 03:09:00,414,False,Admitted,Surgical,Pathology only,"Minor (suturing, splinting, wound care)",False,False,78.4,False,False,False
ED-009654,HGH,2024-09-23 09:43:00,Mon,Inter-hospital transfer,P-27406,29,Adult (25-44),F,4,2024-09-23 09:47:42,4.7,Musculoskeletal,Joint pain / swelling,2024-09-23 10:04:24,16.7,Resident/HMO,2024-09-23 13:36:00,233,True,Discharged,N/A,Both pathology and imaging,"Moderate (procedural sedation, reduction, abscess I&D)",False,False,99.1,False,False,True
ED-009764,HGH,2024-09-24 07:54:00,Tue,Walk-in,P-04734,50,Middle-aged (45-64),M,4,2024-09-24 08:00:54,6.9,Injury/trauma,MVA - ambulatory,2024-09-24 08:54:12,53.3,Emergency physician,2024-09-24 10:10:00,136,True,Discharged,N/A,Imaging only,None,True,False,84.0,False,False,False
ED-009770,HGH,2024-09-24 09:36:00,Tue,Walk-in,P-01419,42,Adult (25-44),M,3,2024-09-24 09:45:30,9.5,Injury/trauma,Fracture - suspected lower limb/hip,2024-09-24 10:06:18,20.8,Emergency physician,2024-09-24 13:15:00,219,True,Discharged,N/A,Pathology only,None,False,False,59.4,False,False,False
ED-009775,HGH,2024-09-24 10:56:00,Tue,Walk-in,P-01082,76,Older adult (65-79),F,3,2024-09-24 10:58:06,2.1,Ophthalmological,Acute vision loss / eye pain,2024-09-24 11:39:06,41.0,Nurse practitioner,2024-09-24 14:26:00,210,True,Admitted,Short stay unit,Pathology only,None,True,False,88.1,False,False,False
ED-009822,HGH,2024-09-24 19:15:00,Tue,Walk-in,P-08312,102,Elderly (80+),M,3,2024-09-24 19:20:30,5.5,Other,Review by ED / GP referral,2024-09-24 19:37:48,17.3,Resident/HMO,2024-09-25 00:07:00,292,False,Discharged,N/A,Both pathology and imaging,None,False,False,101.6,False,False,False
ED-009880,HGH,2024-09-25 11:14:00,Wed,Ambulance,P-20180,38,Adult (25-44),M,3,2024-09-25 11:17:24,3.4,Urological/renal,Urinary retention,2024-09-25 11:44:06,26.7,Nurse practitioner,2024-09-25 15:04:00,230,True,Discharged,N/A,Pathology only,None,False,False,86.0,False,False,False
ED-009887,HGH,2024-09-25 11:43:00,Wed,Ambulance,P-06074,55,Middle-aged (45-64),M,2,2024-09-25 11:45:12,2.2,Abdominal pain,Abdominal pain - acute,2024-09-25 11:55:18,10.1,Registrar,2024-09-25 15:49:00,246,False,Discharged,N/A,Both pathology and imaging,"Major (intubation, chest drain, resuscitation)",False,False,53.7,False,False,False
ED-009964,HGH,2024-09-26 07:04:00,Thu,Walk-in,P-21786,70,Older adult (65-79),M,4,2024-09-26 07:08:18,4.3,Other,Medication issue / script,2024-09-26 07:53:12,44.9,GP-in-ED,2024-09-26 13:37:00,393,False,Discharged,N/A,Pathology only,"Moderate (procedural sedation, reduction, abscess I&D)",False,False,97.5,False,False,False
ED-009966,HGH,2024-09-26 07:11:00,Thu,Walk-in,P-19171,53,Middle-aged (45-64),F,2,2024-09-26 07:18:54,7.9,Chest pain,Chest pain - pleuritic,2024-09-26 07:30:12,11.3,Resident/HMO,2024-09-26 10:05:00,174,True,Admitted,Surgical,Both pathology and imaging,None,False,False,91.2,False,False,False
ED-009997,HGH,2024-09-26 12:07:00,Thu,Walk-in,P-12361,33,Adult (25-44),F,2,2024-09-26 12:14:36,7.6,Cardiac arrhythmia,Palpitations - new AF/SVT,2024-09-26 12:16:36,2.0,Emergency physician,2024-09-26 16:42:00,275,False,Discharged,N/A,Both pathology and imaging,"Minor (suturing, splinting, wound care)",False,False,72.1,False,False,False
ED-010111,HGH,2024-09-27 12:40:00,Fri,Ambulance,P-19221,63,Middle-aged (45-64),F,3,2024-09-27 12:43:30,3.5,Injury/trauma,Fracture - suspected lower limb/hip,2024-09-27 13:03:30,20.0,Nurse practitioner,2024-09-27 15:00:00,140,True,Admitted,Medical,Imaging only,"Moderate (procedural sedation, reduction, abscess I&D)",False,False,65.4,False,False,False
ED-010149,HGH,2024-09-27 17:46:00,Fri,Walk-in,P-14427,59,Middle-aged (45-64),M,4,2024-09-27 17:47:18,1.3,Injury/trauma,Laceration - upper limb,2024-09-27 18:27:42,40.4,Resident/HMO,2024-09-27 19:23:00,97,True,Discharged,N/A,Pathology only,None,True,False,88.5,False,False,False
ED-010196,HGH,2024-09-28 04:35:00,Sat,Walk-in,P-31028,25,Adult (25-44),F,4,2024-09-28 04:41:30,6.5,Neurological,Headache - tension/migraine,2024-09-28 05:44:12,62.7,Resident/HMO,2024-09-28 06:00:00,85,True,Discharged,N/A,None,None,False,False,79.7,False,False,False
ED-010224,HGH,2024-09-28 10:06:00,Sat,Walk-in,P-12189,49,Middle-aged (45-64),M,5,2024-09-28 10:08:18,2.3,Gastrointestinal,Diarrhoea - acute/infective,2024-09-28 12:08:48,120.5,Registrar,2024-09-28 12:23:00,137,True,Did not wait (DNW),N/A,Pathology only,None,False,False,71.6,False,False,False
ED-010225,HGH,2024-09-28 10:17:00,Sat,Walk-in,P-14767,51,Middle-aged (45-64),F,3,2024-09-28 10:21:36,4.6,Neurological,Syncope / collapse,2024-09-28 10:46:42,25.1,GP-in-ED,2024-09-28 13:54:00,217,True,Discharged,N/A,Both pathology and imaging,"Minor (suturing, splinting, wound care)",False,False,40.2,False,False,False
ED-010258,HGH,2024-09-28 14:40:00,Sat,Walk-in,P-30868,51,Middle-aged (45-64),F,2,2024-09-28 14:43:36,3.6,Abdominal pain,Abdominal pain - acute,2024-09-28 14:49:18,5.7,Emergency physician,2024-09-29 00:31:00,591,False,Discharged,N/A,Both pathology and imaging,"Minor (suturing, splinting, wound care)",False,False,91.6,False,False,False
ED-010304,HGH,2024-09-28 22:36:00,Sat,Walk-in,P-18824,35,Adult (25-44),M,3,2024-09-28 22:37:48,1.8,Injury/trauma,Laceration - facial/scalp,2024-09-28 22:49:48,12.0,Emergency physician,2024-09-29 02:01:00,205,True,Discharged,N/A,Pathology only,"Minor (suturing, splinting, wound care)",False,False,84.9,False,False,False
ED-010306,HGH,2024-09-28 22:50:00,Sat,Walk-in,P-11735,20,Young adult (16-24),M,3,2024-09-28 22:53:24,3.4,Injury/trauma,Burn - minor (<10% TBSA),2024-09-28 23:12:00,18.6,Emergency physician,2024-09-29 04:34:00,344,False,Discharged,N/A,Both pathology and imaging,"Moderate (procedural sedation, reduction, abscess I&D)",False,False,76.7,False,False,False
ED-010339,HGH,2024-09-29 14:02:00,Sun,Walk-in,P-21343,63,Middle-aged (45-64),M,3,2024-09-29 14:06:54,4.9,Abdominal pain,Abdominal pain - acute,2024-09-29 15:26:30,79.6,Nurse practitioner,2024-09-29 15:34:00,92,True,Discharged,N/A,Pathology only,"Minor (suturing, splinting, wound care)",False,False,93.5,False,False,True
ED-010354,HGH,2024-09-29 17:04:00,Sun,Walk-in,P-01789,68,Older adult (65-79),F,4,2024-09-29 17:09:12,5.2,Neurological,Headache - tension/migraine,2024-09-29 18:39:00,89.8,Registrar,2024-09-29 19:26:00,142,True,Discharged,N/A,None,None,False,False,76.0,False,False,False
ED-010421,HGH,2024-09-30 10:53:00,Mon,Ambulance,P-06489,91,Elderly (80+),M,2,2024-09-30 10:59:42,6.7,Injury/trauma,Head injury - minor (GCS 15),2024-09-30 11:09:42,10.0,Registrar,2024-09-30 16:53:00,360,False,Discharged,N/A,Both pathology and imaging,None,False,False,101.4,False,False,False
ED-010432,HGH,2024-09-30 11:58:00,Mon,Walk-in,P-33012,44,Adult (25-44),F,4,2024-09-30 12:08:42,10.7,Cardiac arrhythmia,Palpitations - benign/known,2024-09-30 13:36:00,87.3,Registrar,2024-09-30 13:53:00,115,True,Discharged,N/A,Both pathology and imaging,None,False,False,110.2,False,False,False
ED-010437,HGH,2024-09-30 12:19:00,Mon,Walk-in,P-24197,6,Paediatric (0-15),M,3,2024-09-30 12:24:12,5.2,Paediatric febrile,Febrile child (<5yr),2024-09-30 13:14:36,50.4,Emergency physician,2024-09-30 15:51:00,212,True,Discharged,N/A,Both pathology and imaging,None,False,False,86.8,False,False,False
ED-010484,HGH,2024-09-30 18:31:00,Mon,Walk-in,P-03499,51,Middle-aged (45-64),F,4,2024-09-30 18:33:30,2.5,Abdominal pain,Abdominal pain - acute,2024-09-30 22:52:48,259.3,Nurse practitioner,2024-09-30 22:40:00,249,False,Discharged,N/A,None,None,False,False,85.0,False,False,False
ED-010560,HGH,2024-10-01 13:01:00,Tue,Ambulance,P-04035,33,Adult (25-44),M,3,2024-10-01 13:09:54,8.9,Abdominal pain,Abdominal pain - acute,2024-10-01 13:39:42,29.8,Emergency physician,2024-10-01 16:07:00,186,True,Discharged,N/A,Both pathology and imaging,None,False,False,96.8,False,False,False
ED-010572,HGH,2024-10-01 15:46:00,Tue,Walk-in,P-07568,23,Young adult (16-24),F,4,2024-10-01 15:48:48,2.8,Abdominal pain,Abdominal pain - non-specific/chronic,2024-10-01 17:24:00,95.2,Registrar,2024-10-01 19:08:00,202,True,Discharged,N/A,Imaging only,"Minor (suturing, splinting, wound care)",False,False,85.1,False,False,True
ED-010573,HGH,2024-10-01 15:51:00,Tue,Walk-in,P-16577,86,Elderly (80+),M,4,2024-10-01 15:57:42,6.7,Mental health,Anxiety / panic,2024-10-01 17:00:36,62.9,Registrar,2024-10-01 21:57:00,366,False,Discharged,N/A,Both pathology and imaging,"Minor (suturing, splinting, wound care)",False,False,104.3,False,True,False
ED-010586,HGH,2024-10-01 18:44:00,Tue,Walk-in,P-23003,51,Middle-aged (45-64),F,3,2024-10-01 18:47:48,3.8,Chest pain,Chest pain - pleuritic,2024-10-01 19:00:24,12.6,Resident/HMO,2024-10-02 00:13:00,329,False,Discharged,N/A,Pathology only,None,False,False,82.6,False,False,False
ED-010630,HGH,2024-10-02 09:02:00,Wed,Walk-in,P-34917,3,Paediatric (0-15),F,4,2024-10-02 09:05:24,3.4,Paediatric febrile,Febrile child (5-15yr),2024-10-02 09:31:06,25.7,Registrar,2024-10-02 11:17:00,135,True,Discharged,N/A,Imaging only,None,False,False,71.0,False,False,False
ED-010684,HGH,2024-10-02 17:56:00,Wed,Ambulance,P-08479,74,Older adult (65-79),F,2,2024-10-02 18:01:30,5.5,Injury/trauma,Fracture - suspected lower limb/hip,2024-10-02 18:20:00,18.5,Registrar,2024-10-02 21:35:00,219,True,Admitted,Paediatric,Both pathology and imaging,"Minor (suturing, splinting, wound care)",False,False,96.1,False,False,False
ED-010715,HGH,2024-10-03 04:51:00,Thu,Inter-hospital transfer,P-05050,32,Adult (25-44),F,3,2024-10-03 04:53:36,2.6,Abdominal pain,Abdominal pain - RIF (? appendicitis),2024-10-03 05:21:48,28.2,Emergency physician,2024-10-03 08:20:00,209,True,Discharged,N/A,Both pathology and imaging,"Moderate (procedural sedation, reduction, abscess I&D)",False,False,91.6,False,False,False
ED-010738,HGH,2024-10-03 09:48:00,Thu,Walk-in,P-23917,58,Middle-aged (45-64),M,4,2024-10-03 09:50:00,2.0,Other,Review by ED / GP referral,2024-10-03 11:22:24,92.4,Nurse practitioner,2024-10-03 11:41:00,113,True,Discharged,N/A,None,None,False,False,82.7,False,False,False
ED-010821,HGH,2024-10-03 21:53:00,Thu,Walk-in,P-03243,68,Older adult (65-79),M,2,2024-10-03 22:06:30,13.5,Cardiac arrhythmia,Palpitations - new AF/SVT,2024-10-03 22:16:42,10.2,Registrar,2024-10-04 03:48:00,355,False,Discharged,N/A,Both pathology and imaging,"Major (intubation, chest drain, resuscitation)",False,False,89.0,False,False,False
ED-010822,HGH,2024-10-03 21:56:00,Thu,Walk-in,P-07426,64,Middle-aged (45-64),M,2,2024-10-03 21:59:06,3.1,Neurological,Headache - severe/thunderclap,2024-10-03 22:04:18,5.2,Registrar,2024-10-03 23:51:00,115,True,Discharged,N/A,Pathology only,"Major (intubation, chest drain, resuscitation)",True,False,94.5,False,False,False
ED-010832,HGH,2024-10-04 04:57:00,Fri,Walk-in,P-22075,102,Elderly (80+),F,5,2024-10-04 05:04:00,7.0,Injury/trauma,Laceration - upper limb,2024-10-04 06:39:30,95.5,Nurse practitioner,2024-10-04 05:48:00,51,True,Discharged,N/A,Both pathology and imaging,None,False,False,75.3,False,False,False
ED-010866,HGH,2024-10-04 11:58:00,Fri,Walk-in,P-10173,68,Older adult (65-79),M,3,2024-10-04 12:06:06,8.1,ENT,Epistaxis,2024-10-04 12:20:12,14.1,Nurse practitioner,2024-10-04 15:04:00,186,True,Discharged,N/A,Pathology only,"Minor (suturing, splinting, wound care)",False,False,82.8,False,False,False
ED-010907,HGH,2024-10-04 17:29:00,Fri,Walk-in,P-20123,62,Middle-aged (45-64),F,4,2024-10-04 17:36:48,7.8,Urological/renal,Urinary retention,2024-10-04 19:04:42,87.9,GP-in-ED,2024-10-04 20:04:00,155,True,Discharged,N/A,Imaging only,"Minor (suturing, splinting, wound care)",False,False,82.2,False,False,False
ED-010914,HGH,2024-10-04 18:36:00,Fri,Walk-in,P-20091,55,Middle-aged (45-64),F,3,2024-10-04 18:39:06,3.1,Respiratory,Asthma exacerbation,2024-10-04 18:55:54,16.8,Registrar,2024-10-05 04:35:00,599,False,Admitted,Medical,Imaging only,"Minor (suturing, splinting, wound care)",False,False,90.0,True,False,False
ED-010915,HGH,2024-10-04 18:55:00,Fri,Ambulance,P-26917,28,Adult (25-44),M,3,2024-10-04 19:02:00,7.0,Neurological,Stroke/TIA symptoms,2024-10-04 19:25:12,23.2,Emergency physician,2024-10-04 22:36:00,221,True,Admitted,Medical,Both pathology and imaging,None,False,False,114.5,False,False,False
ED-010961,HGH,2024-10-05 10:29:00,Sat,Ambulance,P-10947,60,Middle-aged (45-64),F,2,2024-10-05 10:33:18,4.3,Neurological,Stroke/TIA symptoms,2024-10-05 10:42:24,9.1,Registrar,2024-10-05 15:17:00,288,False,Admitted,ICU,Both pathology and imaging,"Major (intubation, chest drain, resuscitation)",False,False,70.1,False,False,False
ED-011024,HGH,2024-10-05 18:51:00,Sat,Ambulance,P-34701,30,Adult (25-44),F,4,2024-10-05 18:54:48,3.8,Skin/wound,Abscess,2024-10-05 19:34:54,40.1,GP-in-ED,2024-10-05 20:47:00,116,True,Short stay unit,Short stay unit,Imaging only,None,False,False,76.7,False,False,False
ED-011104,HGH,2024-10-06 12:33:00,Sun,Ambulance,P-21468,24,Young adult (16-24),M,2,2024-10-06 12:35:48,2.8,Poisoning/overdose,Intentional overdose,2024-10-06 12:47:00,11.2,Emergency physician,2024-10-06 15:26:00,173,True,Discharged,N/A,Both pathology and imaging,"Minor (suturing, splinting, wound care)",False,False,72.2,False,False,False
ED-011150,HGH,2024-10-06 21:18:00,Sun,Police/corrections,P-00324,40,Adult (25-44),M,5,2024-10-06 21:23:06,5.1,Skin/wound,Abscess,2024-10-07 01:13:54,230.8,Resident/HMO,2024-10-06 23:42:00,144,True,Discharged,N/A,None,"Minor (suturing, splinting, wound care)",False,False,86.1,False,False,False
ED-011166,HGH,2024-10-07 08:45:00,Mon,Walk-in,P-09296,89,Elderly (80+),M,3,2024-10-07 08:48:12,3.2,Mental health,Anxiety / panic,2024-10-07 09:08:18,20.1,Registrar,2024-10-07 14:39:00,354,False,Discharged,N/A,Both pathology and imaging,None,False,False,81.1,False,True,False
ED-011325,HGH,2024-10-08 13:31:00,Tue,Walk-in,P-17631,49,Middle-aged (45-64),F,5,2024-10-08 13:34:12,3.2,Gastrointestinal,Diarrhoea - acute/infective,2024-10-08 16:07:24,153.2,Nurse practitioner,2024-10-08 15:20:00,109,True,Discharged,N/A,None,"Minor (suturing, splinting, wound care)",False,False,43.5,False,False,False
ED-011333,HGH,2024-10-08 14:16:00,Tue,Walk-in,P-23602,32,Adult (25-44),M,4,2024-10-08 14:17:24,1.4,Respiratory,Asthma exacerbation,2024-10-08 15:22:18,64.9,Registrar,2024-10-08 17:42:00,206,True,Discharged,N/A,Pathology only,"Minor (suturing, splinting, wound care)",False,False,76.4,False,False,False
ED-011358,HGH,2024-10-08 18:00:00,Tue,Walk-in,P-26616,39,Adult (25-44),M,3,2024-10-08 18:04:48,4.8,Chest pain,Chest pain - cardiac features,2024-10-08 18:35:12,30.4,Emergency physician,2024-10-08 19:45:00,105,True,Discharged,N/A,Imaging only,None,False,False,92.9,False,False,False
ED-011366,HGH,2024-10-08 19:05:00,Tue,Walk-in,P-26800,49,Middle-aged (45-64),F,2,2024-10-08 19:07:36,2.6,Respiratory,Shortness of breath - acute,2024-10-08 19:25:18,17.7,Emergency physician,2024-10-08 23:18:00,253,False,Admitted,Medical,Both pathology and imaging,None,False,False,65.4,False,False,False
ED-011418,HGH,2024-10-09 09:11:00,Wed,Ambulance,P-31749,64,Middle-aged (45-64),F,3,2024-10-09 09:16:12,5.2,Injury/trauma,Head injury - minor (GCS 15),2024-10-09 09:26:42,10.5,Resident/HMO,2024-10-09 11:37:00,146,True,Discharged,N/A,Imaging only,"Moderate (procedural sedation, reduction, abscess I&D)",False,False,71.8,False,False,False
ED-011459,HGH,2024-10-09 15:48:00,Wed,Walk-in,P-08810,57,Middle-aged (45-64),M,4,2024-10-09 15:50:48,2.8,Injury/trauma,Laceration - facial/scalp,2024-10-09 16:21:42,30.9,Nurse practitioner,2024-10-09 19:31:00,223,True,Discharged,N/A,Pathology only,None,False,False,93.5,False,False,False
ED-011564,HGH,2024-10-10 17:16:00,Thu,Ambulance,P-33944,29,Adult (25-44),M,2,2024-10-10 17:25:06,9.1,Chest pain,Chest pain - cardiac features,2024-10-10 17:46:18,21.2,Emergency physician,2024-10-11 00:18:00,422,False,Discharged,N/A,Both pathology and imaging,None,True,False,104.5,False,False,False
ED-011726,HGH,2024-10-12 09:44:00,Sat,Walk-in,P-05389,94,Elderly (80+),M,2,2024-10-12 09:49:12,5.2,Poisoning/overdose,Intentional overdose,2024-10-12 09:55:30,6.3,Emergency physician,2024-10-12 13:23:00,219,True,Admitted,Medical,Both pathology and imaging,None,False,False,66.9,False,False,False
ED-011728,HGH,2024-10-12 10:08:00,Sat,Walk-in,P-14541,58,Middle-aged (45-64),M,4,2024-10-12 10:13:42,5.7,Respiratory,Asthma exacerbation,2024-10-12 11:50:06,96.4,Nurse practitioner,2024-10-12 13:14:00,186,True,Discharged,N/A,Pathology only,"Minor (suturing, splinting, wound care)",False,False,89.7,False,False,False
ED-011758,HGH,2024-10-12 15:19:00,Sat,Ambulance,P-22463,7,Paediatric (0-15),F,3,2024-10-12 15:22:36,3.6,Paediatric febrile,Febrile child (<5yr),2024-10-12 15:36:30,13.9,Nurse practitioner,2024-10-12 21:53:00,394,False,Admitted,Medical,Pathology only,"Moderate (procedural sedation, reduction, abscess I&D)",False,False,82.2,False,False,False
ED-011771,HGH,2024-10-12 17:00:00,Sat,Walk-in,P-03347,38,Adult (25-44),M,4,2024-10-12 17:02:18,2.3,Injury/trauma,Burn - minor (<10% TBSA),2024-10-12 17:49:06,46.8,Resident/HMO,2024-10-12 19:11:00,131,True,Short stay unit,Short stay unit,Pathology only,"Minor (suturing, splinting, wound care)",False,False,88.8,False,False,False
ED-011784,HGH,2024-10-12 18:49:00,Sat,Ambulance,P-21429,102,Elderly (80+),M,3,2024-10-12 18:51:54,2.9,Chest pain,Chest pain - cardiac features,2024-10-12 19:05:36,13.7,Registrar,2024-10-12 23:29:00,280,False,Admitted,Medical,Both pathology and imaging,None,False,True,34.7,False,False,False
ED-011791,HGH,2024-10-12 19:40:00,Sat,Walk-in,P-01497,60,Middle-aged (45-64),F,5,2024-10-12 19:41:36,1.6,Urological/renal,Urinary retention,2024-10-12 22:17:54,156.3,Nurse practitioner,2024-10-12 20:42:00,62,True,Discharged,N/A,None,"Minor (suturing, splinting, wound care)",False,False,101.9,False,False,False
ED-011793,HGH,2024-10-12 19:46:00,Sat,Ambulance,P-15766,59,Middle-aged (45-64),F,4,2024-10-12 19:55:18,9.3,Gastrointestinal,Nausea and vomiting,2024-10-12 20:40:36,45.3,Resident/HMO,2024-10-12 21:01:00,75,True,Discharged,N/A,None,None,False,False,88.2,False,False,False
ED-011813,HGH,2024-10-13 07:07:00,Sun,Walk-in,P-17120,57,Middle-aged (45-64),M,3,2024-10-13 07:08:36,1.6,Poisoning/overdose,Intentional overdose,2024-10-13 07:20:42,12.1,Emergency physician,2024-10-13 09:26:00,139,True,Discharged,N/A,Both pathology and imaging,None,False,False,84.8,False,False,False
ED-011816,HGH,2024-10-13 07:46:00,Sun,Walk-in,P-15573,54,Middle-aged (45-64),F,4,2024-10-13 07:48:54,2.9,Mental health,Anxiety / panic,2024-10-13 08:39:18,50.4,Resident/HMO,2024-10-13 11:39:00,233,True,Discharged,N/A,Pathology only,None,False,False,89.8,False,True,False
ED-011829,HGH,2024-10-13 11:01:00,Sun,Walk-in,P-23717,37,Adult (25-44),M,4,2024-10-13 11:05:24,4.4,Mental health,Anxiety / panic,2024-10-13 11:39:48,34.4,GP-in-ED,2024-10-14 00:27:00,806,False,Discharged,N/A,None,None,False,False,86.6,False,True,False
ED-011876,HGH,2024-10-13 19:45:00,Sun,Walk-in,P-26388,73,Older adult (65-79),F,5,2024-10-13 19:53:54,8.9,Social/no fixed address,Social admission / no fixed address,2024-10-14 00:20:48,266.9,Nurse practitioner,2024-10-14 00:47:00,302,False,Did not wait (DNW),N/A,None,None,False,False,99.4,False,False,False
ED-011878,HGH,2024-10-13 20:24:00,Sun,Walk-in,P-28180,46,Middle-aged (45-64),M,3,2024-10-13 20:29:00,5.0,Abdominal pain,Abdominal pain - acute,2024-10-13 21:06:18,37.3,GP-in-ED,2024-10-13 23:44:00,200,True,Admitted,Surgical,Pathology only,None,False,False,104.2,False,False,False
ED-011902,HGH,2024-10-14 01:05:00,Mon,Ambulance,P-18714,39,Adult (25-44),M,3,2024-10-14 01:09:54,4.9,Cardiac arrhythmia,Palpitations - benign/known,2024-10-14 01:40:12,30.3,Resident/HMO,2024-10-14 05:04:00,239,True,Discharged,N/A,Both pathology and imaging,None,False,False,82.8,False,False,True
ED-011962,HGH,2024-10-14 13:16:00,Mon,Walk-in,P-33376,29,Adult (25-44),M,4,2024-10-14 13:28:54,12.9,Cardiac arrhythmia,Palpitations - benign/known,2024-10-14 14:29:24,60.5,Emergency physician,2024-10-14 16:32:00,196,True,Discharged,N/A,Imaging only,None,False,False,101.5,False,False,False
ED-011963,HGH,2024-10-14 13:25:00,Mon,Ambulance,P-17725,36,Adult (25-44),M,2,2024-10-14 13:27:36,2.6,Chest pain,Chest pain - cardiac features,2024-10-14 13:32:12,4.6,Emergency physician,2024-10-14 17:58:00,273,False,Admitted,Short stay unit,Both pathology and imaging,None,False,False,58.6,False,False,True
ED-012002,HGH,2024-10-14 18:25:00,Mon,Walk-in,P-05511,42,Adult (25-44),F,3,2024-10-14 18:31:24,6.4,Neurological,Syncope / collapse,2024-10-14 19:17:48,46.4,Resident/HMO,2024-10-14 21:01:00,156,True,Admitted,Medical,Pathology only,"Minor (suturing, splinting, wound care)",False,False,94.8,False,False,False
ED-012054,HGH,2024-10-15 10:24:00,Tue,Ambulance,P-19241,53,Middle-aged (45-64),F,2,2024-10-15 10:28:42,4.7,Injury/trauma,Fall - long lie >1hr / elderly,2024-10-15 10:54:30,25.8,Emergency physician,2024-10-15 13:34:00,190,True,Admitted,Orthopaedic,Imaging only,"Minor (suturing, splinting, wound care)",False,False,98.1,False,False,False
ED-012071,HGH,2024-10-15 12:16:00,Tue,Walk-in,P-13577,47,Middle-aged (45-64),F,4,2024-10-15 12:23:00,7.0,ENT,Epistaxis,2024-10-15 13:30:48,67.8,Nurse practitioner,2024-10-15 13:28:00,72,True,Discharged,N/A,Both pathology and imaging,None,True,False,72.5,False,False,True
ED-012106,HGH,2024-10-15 18:46:00,Tue,Walk-in,P-22727,30,Adult (25-44),M,4,2024-10-15 18:49:42,3.7,Musculoskeletal,Back pain - acute,2024-10-15 19:15:30,25.8,Resident/HMO,2024-10-15 21:19:00,153,True,Discharged,N/A,None,None,False,False,92.6,False,False,False
ED-012110,HGH,2024-10-15 19:44:00,Tue,Walk-in,P-26584,94,Elderly (80+),F,4,2024-10-15 19:48:24,4.4,Neurological,Syncope / collapse,2024-10-15 20:35:12,46.8,Nurse practitioner,2024-10-16 00:29:00,285,False,Discharged,N/A,Both pathology and imaging,None,False,False,88.8,False,False,False
ED-012148,HGH,2024-10-16 07:39:00,Wed,Walk-in,P-06874,30,Adult (25-44),M,4,2024-10-16 07:42:12,3.2,Obstetric/gynaecological,Pelvic pain,2024-10-16 08:21:12,39.0,GP-in-ED,2024-10-16 11:26:00,227,True,Discharged,N/A,Pathology only,None,False,False,84.3,False,False,False
ED-012224,HGH,2024-10-16 19:33:00,Wed,Ambulance,P-24481,10,Paediatric (0-15),F,4,2024-10-16 19:43:12,10.2,Injury/trauma,Fall - mechanical (no LOC),2024-10-16 21:48:18,125.1,GP-in-ED,2024-10-16 20:42:00,69,True,Discharged,N/A,None,"Moderate (procedural sedation, reduction, abscess I&D)",True,False,60.1,False,False,False
ED-012340,HGH,2024-10-18 01:54:00,Fri,Walk-in,P-16986,33,Adult (25-44),F,4,2024-10-18 01:59:54,5.9,Obstetric/gynaecological,Vaginal bleeding - early pregnancy,2024-10-18 02:59:54,60.0,Registrar,2024-10-18 03:52:00,118,True,Discharged,N/A,Imaging only,None,False,False,77.7,False,False,False
ED-012355,HGH,2024-10-18 09:19:00,Fri,Walk-in,P-05611,27,Adult (25-44),M,2,2024-10-18 09:22:42,3.7,Chest pain,Chest pain - cardiac features,2024-10-18 09:45:42,23.0,Emergency physician,2024-10-18 13:21:00,242,False,Admitted,Maternity,Pathology only,"Minor (suturing, splinting, wound care)",False,False,89.3,False,False,False
ED-012361,HGH,2024-10-18 10:04:00,Fri,Ambulance,P-22453,36,Adult (25-44),M,4,2024-10-18 10:05:42,1.7,Musculoskeletal,Back pain - acute,2024-10-18 10:46:12,40.5,Resident/HMO,2024-10-18 11:50:00,106,True,Discharged,N/A,Pathology only,None,False,False,85.8,False,False,False
ED-012364,HGH,2024-10-18 10:16:00,Fri,Walk-in,P-00727,37,Adult (25-44),M,3,2024-10-18 10:22:18,6.3,Respiratory,COPD exacerbation,2024-10-18 10:32:36,10.3,Emergency physician,2024-10-18 13:29:00,193,True,Admitted,Short stay unit,Both pathology and imaging,None,False,False,96.9,False,False,True
ED-012383,HGH,2024-10-18 13:09:00,Fri,Ambulance,P-14649,72,Older adult (65-79),F,3,2024-10-18 13:13:42,4.7,Chest pain,Chest pain - non-cardiac/musculoskeletal,2024-10-18 13:40:54,27.2,Emergency physician,2024-10-18 18:21:00,312,False,Discharged,N/A,None,"Moderate (procedural sedation, reduction, abscess I&D)",False,False,46.0,False,False,False
ED-012428,HGH,2024-10-18 20:02:00,Fri,Walk-in,P-07152,48,Middle-aged (45-64),F,4,2024-10-18 20:06:48,4.8,Respiratory,Asthma exacerbation,2024-10-18 21:36:42,89.9,Registrar,2024-10-18 22:37:00,155,True,Discharged,N/A,Both pathology and imaging,"Minor (suturing, splinting, wound care)",False,False,92.6,False,False,False
ED-012434,HGH,2024-10-18 21:26:00,Fri,Walk-in,P-22724,39,Adult (25-44),M,3,2024-10-18 21:33:06,7.1,Abdominal pain,Abdominal pain - acute,2024-10-18 23:11:06,98.0,Registrar,2024-10-19 03:11:00,345,False,Admitted,Medical,Pathology only,"Minor (suturing, splinting, wound care)",False,False,90.2,False,False,False
ED-012454,HGH,2024-10-19 08:28:00,Sat,Walk-in,P-32069,28,Adult (25-44),F,3,2024-10-19 08:37:12,9.2,Abdominal pain,Abdominal pain - acute,2024-10-19 09:32:06,54.9,Registrar,2024-10-19 14:30:00,362,False,Discharged,N/A,Both pathology and imaging,"Major (intubation, chest drain, resuscitation)",False,False,82.4,False,False,False
ED-012488,HGH,2024-10-19 13:43:00,Sat,Walk-in,P-15478,51,Middle-aged (45-64),F,4,2024-10-19 13:48:36,5.6,Allergic reaction,Mild allergic reaction / urticaria,2024-10-19 15:27:18,98.7,Nurse practitioner,2024-10-19 16:26:00,163,True,Discharged,N/A,Both pathology and imaging,"Minor (suturing, splinting, wound care)",False,False,97.2,False,False,False
ED-012575,HGH,2024-10-20 09:36:00,Sun,Walk-in,P-32585,70,Older adult (65-79),F,5,2024-10-20 09:38:06,2.1,Cardiac arrhythmia,Palpitations - benign/known,2024-10-20 11:05:12,87.1,Registrar,2024-10-20 12:01:00,145,True,Discharged,N/A,Imaging only,"Minor (suturing, splinting, wound care)",False,False,73.3,False,False,False
ED-012613,HGH,2024-10-20 15:34:00,Sun,Ambulance,P-15357,39,Adult (25-44),M,2,2024-10-20 15:39:00,5.0,Mental health,Suicidal ideation / self-harm,2024-10-20 15:44:18,5.3,Registrar,2024-10-20 19:56:00,262,False,Admitted,Mental health,Both pathology and imaging,None,False,False,77.7,False,True,False
ED-012651,HGH,2024-10-20 23:13:00,Sun,Walk-in,P-14569,38,Adult (25-44),M,4,2024-10-20 23:15:24,2.4,Gastrointestinal,Diarrhoea - acute/infective,2024-10-20 23:38:06,22.7,Registrar,2024-10-21 01:00:00,107,True,Discharged,N/A,Both pathology and imaging,None,True,False,76.3,False,False,False
ED-012678,HGH,2024-10-21 09:28:00,Mon,Walk-in,P-09131,6,Paediatric (0-15),F,5,2024-10-21 09:36:36,8.6,Paediatric febrile,Febrile child (<5yr),2024-10-21 11:12:30,95.9,Resident/HMO,2024-10-21 10:48:00,80,True,Discharged,N/A,Imaging only,"Moderate (procedural sedation, reduction, abscess I&D)",False,False,77.6,False,False,True
ED-012700,HGH,2024-10-21 11:34:00,Mon,Walk-in,P-08921,33,Adult (25-44),M,4,2024-10-21 11:42:06,8.1,Poisoning/overdose,Intentional overdose,2024-10-21 12:18:24,36.3,GP-in-ED,2024-10-21 13:16:00,102,True,Admitted,Short stay unit,Both pathology and imaging,None,False,False,82.1,False,False,False
ED-012746,HGH,2024-10-21 18:28:00,Mon,Walk-in,P-34561,29,Adult (25-44),F,3,2024-10-21 18:32:18,4.3,Abdominal pain,Abdominal pain - RIF (? appendicitis),2024-10-21 18:54:54,22.6,Registrar,2024-10-21 20:29:00,121,True,Admitted,Short stay unit,Pathology only,None,False,False,89.3,False,False,False
ED-012761,HGH,2024-10-21 19:55:00,Mon,Walk-in,P-09566,46,Middle-aged (45-64),M,3,2024-10-21 20:00:48,5.8,Gastrointestinal,Nausea and vomiting,2024-10-21 20:23:42,22.9,GP-in-ED,2024-10-21 23:28:00,213,True,Discharged,N/A,Both pathology and imaging,"Moderate (procedural sedation, reduction, abscess I&D)",False,False,105.5,False,False,False
ED-012763,HGH,2024-10-21 20:03:00,Mon,Walk-in,P-05377,89,Elderly (80+),M,4,2024-10-21 20:05:18,2.3,Neurological,Syncope / collapse,2024-10-21 20:28:30,23.2,Resident/HMO,2024-10-21 22:09:00,126,True,Discharged,N/A,Both pathology and imaging,"Moderate (procedural sedation, reduction, abscess I&D)",False,False,91.9,False,False,False
ED-012817,HGH,2024-10-22 10:34:00,Tue,Ambulance,P-01915,14,Paediatric (0-15),F,2,2024-10-22 10:41:18,7.3,Neurological,Stroke/TIA symptoms,2024-10-22 10:48:00,6.7,Resident/HMO,2024-10-22 16:40:00,366,False,Admitted,ICU,Both pathology and imaging,None,False,False,84.8,False,False,False
ED-012825,HGH,2024-10-22 11:01:00,Tue,Ambulance,P-31040,60,Middle-aged (45-64),M,2,2024-10-22 11:04:24,3.4,Injury/trauma,Fracture - suspected lower limb/hip,2024-10-22 11:17:12,12.8,Emergency physician,2024-10-22 16:41:00,340,False,Admitted,Short stay unit,Pathology only,"Major (intubation, chest drain, resuscitation)",False,False,94.3,False,False,False
ED-012925,HGH,2024-10-23 10:00:00,Wed,Walk-in,P-16704,27,Adult (25-44),M,4,2024-10-23 10:13:00,13.0,ENT,Foreign body - ear/nose/throat,2024-10-23 12:09:36,116.6,Registrar,2024-10-23 12:43:00,163,True,Discharged,N/A,Pathology only,"Minor (suturing, splinting, wound care)",False,False,80.7,False,False,False
ED-012933,HGH,2024-10-23 11:34:00,Wed,Inter-hospital transfer,P-23977,27,Adult (25-44),F,2,2024-10-23 11:37:00,3.0,Poisoning/overdose,Intentional overdose,2024-10-23 11:40:24,3.4,Resident/HMO,2024-10-23 16:00:00,266,False,Admitted,Medical,Both pathology and imaging,"Major (intubation, chest drain, resuscitation)",False,False,87.3,False,False,True
ED-012995,HGH,2024-10-23 20:33:00,Wed,Walk-in,P-29275,19,Young adult (16-24),M,3,2024-10-23 20:35:54,2.9,Abdominal pain,Abdominal pain - acute,2024-10-23 21:01:18,25.4,Registrar,2024-10-24 01:20:00,287,False,Discharged,N/A,Pathology only,None,False,False,66.1,False,False,False
ED-012997,HGH,2024-10-23 20:49:00,Wed,Ambulance,P-13291,50,Middle-aged (45-64),F,4,2024-10-23 20:52:48,3.8,Injury/trauma,Fracture - suspected lower limb/hip,2024-10-23 21:17:06,24.3,Resident/HMO,2024-10-23 22:58:00,129,True,Admitted,Medical,Pathology only,"Moderate (procedural sedation, reduction, abscess I&D)",False,False,82.3,False,False,False
ED-013013,HGH,2024-10-24 08:05:00,Thu,Walk-in,P-14367,54,Middle-aged (45-64),F,5,2024-10-24 08:11:18,6.3,Injury/trauma,Burn - minor (<10% TBSA),2024-10-24 12:02:42,231.4,Resident/HMO,2024-10-24 09:19:00,74,True,Discharged,N/A,None,None,False,False,95.7,False,False,False
ED-013040,HGH,2024-10-24 12:52:00,Thu,Walk-in,P-05333,33,Adult (25-44),M,4,2024-10-24 12:56:12,4.2,Gastrointestinal,Nausea and vomiting,2024-10-24 13:37:00,40.8,GP-in-ED,2024-10-24 15:07:00,135,True,Discharged,N/A,Imaging only,None,False,False,90.1,False,False,False
ED-013041,HGH,2024-10-24 13:12:00,Thu,Walk-in,P-16922,26,Adult (25-44),M,4,2024-10-24 13:15:12,3.2,Urological/renal,UTI symptoms,2024-10-24 13:47:54,32.7,GP-in-ED,2024-10-24 15:31:00,139,True,Discharged,N/A,None,None,False,False,81.0,False,False,False
ED-013069,HGH,2024-10-24 19:01:00,Thu,Inter-hospital transfer,P-09500,37,Adult (25-44),F,2,2024-10-24 19:12:36,11.6,Poisoning/overdose,Intentional overdose,2024-10-24 19:19:54,7.3,Emergency physician,2024-10-24 22:33:00,212,True,Admitted,Orthopaedic,Both pathology and imaging,"Minor (suturing, splinting, wound care)",True,False,82.5,False,False,False
ED-013091,HGH,2024-10-24 23:39:00,Thu,Walk-in,P-10551,39,Adult (25-44),F,4,2024-10-24 23:41:36,2.6,Gastrointestinal,Diarrhoea - acute/infective,2024-10-25 02:16:24,154.8,GP-in-ED,2024-10-25 01:50:00,131,True,Discharged,N/A,Both pathology and imaging,"Minor (suturing, splinting, wound care)",False,False,65.7,False,False,False
ED-013129,HGH,2024-10-25 11:59:00,Fri,Ambulance,P-33622,19,Young adult (16-24),F,3,2024-10-25 12:04:30,5.5,Respiratory,Shortness of breath - acute,2024-10-25 12:29:42,25.2,Emergency physician,2024-10-25 15:11:00,192,True,Admitted,Maternity,Pathology only,"Minor (suturing, splinting, wound care)",False,False,73.4,False,False,False
ED-013170,HGH,2024-10-25 17:13:00,Fri,Walk-in,P-29329,60,Middle-aged (45-64),F,4,2024-10-25 17:19:42,6.7,Respiratory,Cough / upper respiratory symptoms,2024-10-25 19:07:18,107.6,Nurse practitioner,2024-10-25 19:16:00,123,True,Discharged,N/A,Pathology only,"Minor (suturing, splinting, wound care)",False,False,88.3,False,False,False
ED-013221,HGH,2024-10-26 09:24:00,Sat,Ambulance,P-08577,95,Elderly (80+),F,2,2024-10-26 09:27:12,3.2,Chest pain,Chest pain - cardiac features,2024-10-26 09:36:54,9.7,Resident/HMO,2024-10-26 19:54:00,630,False,Admitted,Medical,Both pathology and imaging,None,False,False,40.5,False,False,False
ED-013243,HGH,2024-10-26 11:59:00,Sat,Walk-in,P-24880,49,Middle-aged (45-64),M,5,2024-10-26 12:04:18,5.3,Skin/wound,Wound review / dressing change,2024-10-26 17:04:18,300.0,GP-in-ED,2024-10-26 14:01:00,122,True,Discharged,N/A,None,None,False,False,72.3,False,False,False
ED-013265,HGH,2024-10-26 16:04:00,Sat,Ambulance,P-30972,102,Elderly (80+),M,4,2024-10-26 16:15:36,11.6,Injury/trauma,Fracture - suspected upper limb,2024-10-26 17:57:54,102.3,Emergency physician,2024-10-26 19:04:00,180,True,Discharged,N/A,None,"Moderate (procedural sedation, reduction, abscess I&D)",False,False,65.3,False,False,False
ED-013321,HGH,2024-10-27 09:04:00,Sun,Walk-in,P-19147,47,Middle-aged (45-64),M,4,2024-10-27 09:08:06,4.1,Chest pain,Chest pain - pleuritic,2024-10-27 13:21:42,253.6,GP-in-ED,2024-10-27 10:45:00,101,True,Discharged,N/A,Pathology only,None,False,False,108.5,False,False,False
ED-013326,HGH,2024-10-27 10:07:00,Sun,Walk-in,P-22988,67,Older adult (65-79),M,3,2024-10-27 10:09:12,2.2,Gastrointestinal,Diarrhoea - acute/infective,2024-10-27 10:30:48,21.6,Registrar,2024-10-27 16:11:00,364,False,Discharged,N/A,Both pathology and imaging,None,False,False,88.6,False,False,False
ED-013436,HGH,2024-10-28 07:38:00,Mon,Walk-in,P-34660,58,Middle-aged (45-64),M,4,2024-10-28 07:45:06,7.1,Musculoskeletal,Back pain - acute,2024-10-28 08:50:12,65.1,Resident/HMO,2024-10-28 11:49:00,251,False,Discharged,N/A,Imaging only,None,False,False,89.6,False,False,False
ED-013459,HGH,2024-10-28 11:07:00,Mon,Ambulance,P-21990,16,Young adult (16-24),F,2,2024-10-28 11:09:18,2.3,Allergic reaction,Anaphylaxis / severe allergic,2024-10-28 11:16:30,7.2,Resident/HMO,2024-10-28 21:47:00,640,False,Admitted,Medical,Both pathology and imaging,None,False,False,74.7,False,False,False
ED-013609,HGH,2024-10-29 14:08:00,Tue,Walk-in,P-34986,37,Adult (25-44),M,3,2024-10-29 14:14:36,6.6,Mental health,Suicidal ideation / self-harm,2024-10-29 14:52:30,37.9,Emergency physician,2024-10-29 17:46:00,218,True,Admitted,Mental health,Both pathology and imaging,"Minor (suturing, splinting, wound care)",False,False,100.1,False,True,True
ED-013693,HGH,2024-10-30 13:03:00,Wed,Walk-in,P-18553,37,Adult (25-44),M,4,2024-10-30 13:05:30,2.5,Gastrointestinal,Nausea and vomiting,2024-10-30 13:53:30,48.0,Registrar,2024-10-30 15:06:00,123,True,Discharged,N/A,Both pathology and imaging,"Minor (suturing, splinting, wound care)",False,False,72.2,False,False,False
ED-013722,HGH,2024-10-30 16:00:00,Wed,Ambulance,P-12051,37,Adult (25-44),F,4,2024-10-30 16:03:42,3.7,Neurological,Syncope / collapse,2024-10-30 18:22:36,138.9,Resident/HMO,2024-10-30 21:52:00,352,False,Discharged,N/A,Both pathology and imaging,"Moderate (procedural sedation, reduction, abscess I&D)",False,False,76.7,False,False,True
ED-013767,HGH,2024-10-31 07:35:00,Thu,Ambulance,P-33559,28,Adult (25-44),F,4,2024-10-31 07:37:48,2.8,Other,Review by ED / GP referral,2024-10-31 08:26:54,49.1,Nurse practitioner,2024-10-31 08:44:00,69,True,Discharged,N/A,Pathology only,"Moderate (procedural sedation, reduction, abscess I&D)",False,False,72.9,False,False,False
ED-013803,HGH,2024-10-31 12:45:00,Thu,Ambulance,P-07732,37,Adult (25-44),M,2,2024-10-31 12:47:54,2.9,Gastrointestinal,GI bleed - haematemesis/melaena,2024-10-31 12:54:42,6.8,Emergency physician,2024-10-31 18:05:00,320,False,Admitted,Medical,Both pathology and imaging,"Minor (suturing, splinting, wound care)",False,False,60.6,False,False,False
ED-013840,HGH,2024-10-31 18:22:00,Thu,Walk-in,P-15977,24,Young adult (16-24),F,5,2024-10-31 18:25:36,3.6,Urological/renal,UTI symptoms,2024-10-31 19:07:00,41.4,GP-in-ED,2024-10-31 19:45:00,83,True,Discharged,N/A,None,None,False,False,90.3,False,False,False
ED-013903,HGH,2024-11-01 13:01:00,Fri,Ambulance,P-11017,49,Middle-aged (45-64),M,3,2024-11-01 13:07:42,6.7,Abdominal pain,Abdominal pain - acute,2024-11-01 13:25:42,18.0,Resident/HMO,2024-11-01 17:32:00,271,False,Discharged,N/A,Both pathology and imaging,"Moderate (procedural sedation, reduction, abscess I&D)",False,False,62.7,False,False,False
ED-013948,HGH,2024-11-01 20:20:00,Fri,Walk-in,P-05864,26,Adult (25-44),M,3,2024-11-01 20:22:42,2.7,Chest pain,Chest pain - non-cardiac/musculoskeletal,2024-11-01 21:15:48,53.1,Resident/HMO,2024-11-02 00:41:00,261,False,Discharged,N/A,Both pathology and imaging,"Minor (suturing, splinting, wound care)",False,False,95.8,False,False,False
ED-013977,HGH,2024-11-02 08:45:00,Sat,Ambulance,P-03058,58,Middle-aged (45-64),F,4,2024-11-02 08:46:12,1.2,Musculoskeletal,Back pain - acute,2024-11-02 09:51:42,65.5,Registrar,2024-11-02 11:08:00,143,True,Discharged,N/A,Pathology only,"Minor (suturing, splinting, wound care)",False,False,78.1,False,False,False
ED-014065,HGH,2024-11-02 21:42:00,Sat,Walk-in,P-03977,22,Young adult (16-24),M,2,2024-11-02 21:43:54,1.9,Obstetric/gynaecological,Vaginal bleeding - early pregnancy,2024-11-02 21:58:36,14.7,Registrar,2024-11-03 03:41:00,359,False,Admitted,Surgical,Both pathology and imaging,"Moderate (procedural sedation, reduction, abscess I&D)",False,False,81.8,False,False,False
ED-014084,HGH,2024-11-03 06:44:00,Sun,Walk-in,P-04940,74,Older adult (65-79),F,5,2024-11-03 06:46:48,2.8,Respiratory,Cough / upper respiratory symptoms,2024-11-03 07:35:30,48.7,Resident/HMO,2024-11-03 07:38:00,54,True,Discharged,N/A,None,"Minor (suturing, splinting, wound care)",False,False,69.2,False,False,False
ED-014095,HGH,2024-11-03 09:48:00,Sun,Walk-in,P-29609,71,Older adult (65-79),F,5,2024-11-03 09:51:48,3.8,General unwell/sepsis-query,Generally unwell / reduced oral intake,2024-11-03 11:19:42,87.9,Resident/HMO,2024-11-03 11:35:00,107,True,Discharged,N/A,Pathology only,None,False,False,86.0,False,False,False
ED-014120,HGH,2024-11-03 13:15:00,Sun,Walk-in,P-03484,44,Adult (25-44),F,5,2024-11-03 13:21:24,6.4,Gastrointestinal,Diarrhoea - acute/infective,2024-11-03 15:33:00,131.6,GP-in-ED,2024-11-03 14:50:00,95,True,Discharged,N/A,Imaging only,None,False,False,90.8,False,False,False
ED-014134,HGH,2024-11-03 14:52:00,Sun,Ambulance,P-24740,44,Adult (25-44),M,4,2024-11-03 15:05:00,13.0,Injury/trauma,Fracture - suspected lower limb/hip,2024-11-03 15:59:48,54.8,Resident/HMO,2024-11-03 17:44:00,172,True,Short stay unit,Short stay unit,Pathology only,"Minor (suturing, splinting, wound care)",False,False,92.7,False,False,False
ED-014148,HGH,2024-11-03 17:04:00,Sun,Ambulance,P-10408,42,Adult (25-44),M,5,2024-11-03 17:12:24,8.4,Injury/trauma,Fracture - suspected upper limb,2024-11-03 18:28:30,76.1,Nurse practitioner,2024-11-03 18:08:00,64,True,Discharged,N/A,Imaging only,None,False,False,83.6,False,False,False
ED-014160,HGH,2024-11-03 19:17:00,Sun,Walk-in,P-07797,64,Middle-aged (45-64),F,4,2024-11-03 19:22:48,5.8,Urological/renal,UTI symptoms,2024-11-03 19:47:00,24.2,Emergency physician,2024-11-04 00:22:00,305,False,Discharged,N/A,None,None,False,False,78.0,False,False,False
ED-014172,HGH,2024-11-03 21:07:00,Sun,Walk-in,P-12401,29,Adult (25-44),F,3,2024-11-03 21:12:06,5.1,General unwell/sepsis-query,Generally unwell / reduced oral intake,2024-11-03 21:27:24,15.3,Emergency physician,2024-11-03 23:27:00,140,True,Discharged,N/A,Imaging only,"Minor (suturing, splinting, wound care)",False,False,95.6,False,False,False
ED-014217,HGH,2024-11-04 10:35:00,Mon,Ambulance,P-10550,68,Older adult (65-79),F,3,2024-11-04 10:43:12,8.2,Injury/trauma,Fall - long lie >1hr / elderly,2024-11-04 11:04:24,21.2,Registrar,2024-11-04 14:46:00,251,False,Admitted,Short stay unit,Both pathology and imaging,None,False,False,45.6,False,False,False
ED-014242,HGH,2024-11-04 13:04:00,Mon,Walk-in,P-14467,55,Middle-aged (45-64),F,4,2024-11-04 13:07:30,3.5,Injury/trauma,Fall - mechanical (no LOC),2024-11-04 14:10:36,63.1,Registrar,2024-11-04 17:35:00,271,False,Admitted,CCU,None,None,False,False,42.3,False,False,False
ED-014284,HGH,2024-11-04 20:04:00,Mon,Ambulance,P-30511,47,Middle-aged (45-64),F,2,2024-11-04 20:09:06,5.1,Neurological,Stroke/TIA symptoms,2024-11-04 20:15:24,6.3,Emergency physician,2024-11-04 23:53:00,229,True,Admitted,Surgical,Both pathology and imaging,"Moderate (procedural sedation, reduction, abscess I&D)",False,False,86.9,False,False,False
ED-014290,HGH,2024-11-04 21:22:00,Mon,Ambulance,P-11484,34,Adult (25-44),F,3,2024-11-04 21:26:48,4.8,Respiratory,Shortness of breath - acute,2024-11-04 22:16:00,49.2,Nurse practitioner,2024-11-05 00:34:00,192,True,Admitted,Surgical,Both pathology and imaging,"Minor (suturing, splinting, wound care)",False,False,70.1,False,False,True
ED-014316,HGH,2024-11-05 07:47:00,Tue,Ambulance,P-26347,23,Young adult (16-24),M,5,2024-11-05 07:49:48,2.8,Injury/trauma,Fall - long lie >1hr / elderly,2024-11-05 08:59:48,70.0,Resident/HMO,2024-11-05 08:56:00,69,True,Discharged,N/A,Imaging only,"Minor (suturing, splinting, wound care)",False,False,95.7,False,False,False
ED-014333,HGH,2024-11-05 10:58:00,Tue,Walk-in,P-33414,60,Middle-aged (45-64),F,4,2024-11-05 11:04:42,6.7,Chest pain,Chest pain - pleuritic,2024-11-05 11:31:54,27.2,Emergency physician,2024-11-05 12:10:00,72,True,Discharged,N/A,Pathology only,None,False,False,95.4,False,False,False
ED-014467,HGH,2024-11-06 15:56:00,Wed,Ambulance,P-27831,42,Adult (25-44),M,2,2024-11-06 15:59:12,3.2,Respiratory,Shortness of breath - acute,2024-11-06 16:10:30,11.3,Emergency physician,2024-11-06 21:07:00,311,False,Discharged,N/A,Both pathology and imaging,"Minor (suturing, splinting, wound care)",False,False,68.2,False,False,False
ED-014496,HGH,2024-11-06 21:31:00,Wed,Walk-in,P-09975,47,Middle-aged (45-64),F,5,2024-11-06 21:32:06,1.1,Musculoskeletal,Joint pain / swelling,2024-11-06 23:37:30,125.4,Resident/HMO,2024-11-06 22:21:00,50,True,Discharged,N/A,None,None,False,False,88.2,False,False,False
ED-014503,HGH,2024-11-07 00:03:00,Thu,Walk-in,P-23696,23,Young adult (16-24),F,2,2024-11-07 00:07:06,4.1,Urological/renal,Urinary retention,2024-11-07 00:11:06,4.0,Emergency physician,2024-11-07 03:38:00,215,True,Discharged,N/A,Both pathology and imaging,None,False,False,87.2,False,False,False
ED-014516,HGH,2024-11-07 06:30:00,Thu,Walk-in,P-19184,39,Adult (25-44),M,5,2024-11-07 06:35:48,5.8,Gastrointestinal,Nausea and vomiting,2024-11-07 08:08:42,92.9,Emergency physician,2024-11-07 07:37:00,67,True,Discharged,N/A,Both pathology and imaging,None,False,False,75.5,False,False,False
ED-014523,HGH,2024-11-07 08:49:00,Thu,Ambulance,P-23554,35,Adult (25-44),F,2,2024-11-07 08:54:00,5.0,Gastrointestinal,GI bleed - haematemesis/melaena,2024-11-07 09:02:42,8.7,Registrar,2024-11-07 13:27:00,278,False,Discharged,N/A,Both pathology and imaging,"Minor (suturing, splinting, wound care)",False,False,70.8,False,False,False
ED-014528,HGH,2024-11-07 10:08:00,Thu,Walk-in,P-22651,26,Adult (25-44),F,4,2024-11-07 10:12:18,4.3,Mental health,Suicidal ideation / self-harm,2024-11-07 11:07:18,55.0,Nurse practitioner,2024-11-07 16:38:00,390,False,Discharged,N/A,None,None,False,False,88.3,False,True,False
ED-014615,HGH,2024-11-08 00:18:00,Fri,Walk-in,P-32789,102,Elderly (80+),F,3,2024-11-08 00:21:36,3.6,Neurological,Syncope / collapse,2024-11-08 01:28:24,66.8,Registrar,2024-11-08 03:40:00,202,True,Discharged,N/A,Both pathology and imaging,"Moderate (procedural sedation, reduction, abscess I&D)",False,False,79.7,False,False,False
ED-014645,HGH,2024-11-08 10:58:00,Fri,Ambulance,P-12038,28,Adult (25-44),F,3,2024-11-08 11:00:48,2.8,Chest pain,Chest pain - cardiac features,2024-11-08 12:03:36,62.8,Emergency physician,2024-11-08 15:37:00,279,False,Discharged,N/A,Both pathology and imaging,"Moderate (procedural sedation, reduction, abscess I&D)",False,False,93.5,False,False,False
ED-014657,HGH,2024-11-08 12:10:00,Fri,Ambulance,P-33506,22,Young adult (16-24),F,3,2024-11-08 12:15:00,5.0,Neurological,Syncope / collapse,2024-11-08 12:35:42,20.7,Resident/HMO,2024-11-08 14:10:00,120,True,Discharged,N/A,Imaging only,None,False,False,69.9,False,False,False
ED-014669,HGH,2024-11-08 13:03:00,Fri,Ambulance,P-03111,71,Older adult (65-79),M,4,2024-11-08 13:07:48,4.8,Injury/trauma,Fall - long lie >1hr / elderly,2024-11-08 14:01:48,54.0,Registrar,2024-11-08 16:08:00,185,True,Admitted,Maternity,Both pathology and imaging,None,False,False,75.4,False,False,False
ED-014685,HGH,2024-11-08 15:27:00,Fri,Ambulance,P-07349,63,Middle-aged (45-64),F,2,2024-11-08 15:30:06,3.1,Gastrointestinal,GI bleed - haematemesis/melaena,2024-11-08 15:35:30,5.4,Emergency physician,2024-11-08 19:13:00,226,True,Admitted,Surgical,Both pathology and imaging,None,False,False,80.3,False,False,False
ED-014763,HGH,2024-11-09 10:23:00,Sat,Walk-in,P-25090,26,Adult (25-44),M,4,2024-11-09 10:26:30,3.5,Mental health,Depression - acute presentation,2024-11-09 11:21:48,55.3,Nurse practitioner,2024-11-09 15:17:00,294,False,Discharged,N/A,Both pathology and imaging,None,False,False,59.9,False,True,False
ED-014821,HGH,2024-11-09 20:38:00,Sat,Ambulance,P-02971,22,Young adult (16-24),M,4,2024-11-09 20:54:12,16.2,Abdominal pain,Abdominal pain - acute,2024-11-09 22:02:18,68.1,Resident/HMO,2024-11-09 23:30:00,172,True,Discharged,N/A,Pathology only,None,False,False,115.1,False,False,False
ED-014856,HGH,2024-11-10 10:15:00,Sun,Walk-in,P-22131,23,Young adult (16-24),M,4,2024-11-10 10:22:00,7.0,Injury/trauma,Head injury - minor (GCS 15),2024-11-10 12:43:12,141.2,Registrar,2024-11-10 12:56:00,161,True,Discharged,N/A,None,None,False,False,72.7,False,False,False
ED-015003,HGH,2024-11-11 18:06:00,Mon,Walk-in,P-05293,29,Adult (25-44),F,3,2024-11-11 18:12:18,6.3,Urological/renal,Urinary retention,2024-11-11 18:42:42,30.4,Registrar,2024-11-11 21:17:00,191,True,Admitted,Surgical,Both pathology and imaging,"Moderate (procedural sedation, reduction, abscess I&D)",False,False,84.2,False,False,False
ED-015004,HGH,2024-11-11 18:08:00,Mon,Ambulance,P-17951,64,Middle-aged (45-64),M,2,2024-11-11 18:14:48,6.8,Injury/trauma,MVA - stretcher,2024-11-11 18:19:54,5.1,Registrar,2024-11-11 23:53:00,345,False,Admitted,Short stay unit,Both pathology and imaging,"Minor (suturing, splinting, wound care)",False,False,88.0,False,False,False
ED-015038,HGH,2024-11-11 22:32:00,Mon,Ambulance,P-00412,28,Adult (25-44),M,5,2024-11-11 22:37:24,5.4,Injury/trauma,Burn - minor (<10% TBSA),2024-11-12 03:37:24,300.0,Resident/HMO,2024-11-11 23:52:00,80,True,Discharged,N/A,None,None,False,False,120.9,False,False,False
ED-015125,HGH,2024-11-12 19:47:00,Tue,Ambulance,P-02878,34,Adult (25-44),F,3,2024-11-12 19:56:54,9.9,Neurological,Syncope / collapse,2024-11-12 20:20:18,23.4,Registrar,2024-11-13 00:35:00,288,False,Discharged,N/A,Both pathology and imaging,"Moderate (procedural sedation, reduction, abscess I&D)",False,False,104.7,False,False,False
ED-015217,HGH,2024-11-13 15:02:00,Wed,Ambulance,P-12632,69,Older adult (65-79),M,2,2024-11-13 15:04:24,2.4,Abdominal pain,Abdominal pain - acute,2024-11-13 15:10:12,5.8,Emergency physician,2024-11-13 20:43:00,341,False,Discharged,N/A,Both pathology and imaging,"Major (intubation, chest drain, resuscitation)",False,False,106.9,False,False,True
ED-015222,HGH,2024-11-13 15:44:00,Wed,Walk-in,P-32148,21,Young adult (16-24),M,5,2024-11-13 15:53:06,9.1,Obstetric/gynaecological,Pelvic pain,2024-11-13 18:43:48,170.7,GP-in-ED,2024-11-13 16:40:00,56,True,Discharged,N/A,Both pathology and imaging,None,False,False,63.1,False,False,False
ED-015230,HGH,2024-11-13 16:41:00,Wed,Ambulance,P-21476,40,Adult (25-44),F,3,2024-11-13 16:52:12,11.2,Allergic reaction,Anaphylaxis / severe allergic,2024-11-13 17:21:06,28.9,Resident/HMO,2024-11-13 19:32:00,171,True,Short stay unit,Short stay unit,Imaging only,"Moderate (procedural sedation, reduction, abscess I&D)",False,True,103.9,False,False,True
ED-015266,HGH,2024-11-14 05:26:00,Thu,Walk-in,P-28098,49,Middle-aged (45-64),M,3,2024-11-14 05:27:54,1.9,General unwell/sepsis-query,Generally unwell / reduced oral intake,2024-11-14 05:46:36,18.7,GP-in-ED,2024-11-14 09:44:00,258,False,Admitted,Orthopaedic,Both pathology and imaging,None,False,False,90.5,False,False,False
ED-015307,HGH,2024-11-14 14:50:00,Thu,Walk-in,P-22677,99,Elderly (80+),M,4,2024-11-14 14:57:06,7.1,Other,Medication issue / script,2024-11-14 15:51:18,54.2,Registrar,2024-11-14 18:53:00,243,False,Discharged,N/A,None,"Minor (suturing, splinting, wound care)",True,False,79.7,False,False,False
ED-015404,HGH,2024-11-15 14:17:00,Fri,Ambulance,P-21617,45,Middle-aged (45-64),M,3,2024-11-15 14:22:42,5.7,Abdominal pain,Abdominal pain - acute,2024-11-15 14:54:12,31.5,Registrar,2024-11-15 17:55:00,218,True,Discharged,N/A,None,"Minor (suturing, splinting, wound care)",True,False,83.2,False,False,True
ED-015421,HGH,2024-11-15 16:22:00,Fri,Walk-in,P-00138,13,Paediatric (0-15),M,5,2024-11-15 16:24:24,2.4,Paediatric febrile,Febrile child (<5yr),2024-11-15 17:22:12,57.8,Registrar,2024-11-15 18:47:00,145,True,Discharged,N/A,None,None,False,False,80.7,False,False,False
ED-015462,HGH,2024-11-15 23:57:00,Fri,Walk-in,P-04147,76,Older adult (65-79),M,4,2024-11-16 00:03:00,6.0,Abdominal pain,Abdominal pain - non-specific/chronic,2024-11-16 00:25:24,22.4,Emergency physician,2024-11-16 03:41:00,224,True,Discharged,N/A,Pathology only,None,False,False,98.5,False,False,False
ED-015522,HGH,2024-11-16 12:01:00,Sat,Walk-in,P-01177,48,Middle-aged (45-64),M,4,2024-11-16 12:03:00,2.0,Ophthalmological,Eye injury / foreign body,2024-11-16 12:28:24,25.4,Registrar,2024-11-16 15:02:00,181,True,Discharged,N/A,Both pathology and imaging,None,False,False,89.9,False,False,False
ED-015566,HGH,2024-11-16 17:42:00,Sat,Ambulance,P-22167,37,Adult (25-44),F,2,2024-11-16 17:44:48,2.8,Chest pain,Chest pain - cardiac features,2024-11-16 17:50:42,5.9,Emergency physician,2024-11-16 20:41:00,179,True,Admitted,Surgical,Pathology only,None,False,True,74.8,False,False,False
ED-015648,HGH,2024-11-17 16:12:00,Sun,Walk-in,P-32634,102,Elderly (80+),M,3,2024-11-17 16:20:00,8.0,Allergic reaction,Anaphylaxis / severe allergic,2024-11-17 16:47:18,27.3,Registrar,2024-11-17 21:12:00,300,False,Discharged,N/A,None,None,False,False,83.8,False,False,False
ED-015705,HGH,2024-11-18 10:37:00,Mon,Ambulance,P-29202,44,Adult (25-44),F,2,2024-11-18 10:41:12,4.2,Respiratory,Asthma exacerbation,2024-11-18 10:53:12,12.0,Emergency physician,2024-11-18 15:07:00,270,False,Discharged,N/A,Both pathology and imaging,"Major (intubation, chest drain, resuscitation)",False,False,101.3,False,False,False
ED-015714,HGH,2024-11-18 11:34:00,Mon,Ambulance,P-22210,102,Elderly (80+),F,2,2024-11-18 11:42:24,8.4,Abdominal pain,Abdominal pain - acute,2024-11-18 11:54:24,12.0,Registrar,2024-11-18 16:02:00,268,False,Admitted,Surgical,Both pathology and imaging,None,False,False,42.4,False,False,True
ED-015745,HGH,2024-11-18 16:10:00,Mon,Walk-in,P-19446,38,Adult (25-44),F,4,2024-11-18 16:16:24,6.4,Mental health,Anxiety / panic,2024-11-18 16:51:00,34.6,Registrar,2024-11-18 22:20:00,370,False,Discharged,N/A,Both pathology and imaging,None,False,False,91.2,False,True,False
ED-015818,HGH,2024-11-19 09:33:00,Tue,Ambulance,P-31144,69,Older adult (65-79),M,5,2024-11-19 09:35:00,2.0,Injury/trauma,Fall - mechanical (no LOC),2024-11-19 12:40:06,185.1,Nurse practitioner,2024-11-19 12:21:00,168,True,Short stay unit,Short stay unit,Imaging only,"Minor (suturing, splinting, wound care)",False,False,65.3,False,False,False
ED-015890,HGH,2024-11-19 23:05:00,Tue,Walk-in,P-07665,102,Elderly (80+),F,5,2024-11-19 23:13:24,8.4,Gastrointestinal,Nausea and vomiting,2024-11-20 01:07:48,114.4,Nurse practitioner,2024-11-20 01:12:00,127,True,Discharged,N/A,Both pathology and imaging,None,True,False,72.7,False,False,False
ED-015909,HGH,2024-11-20 07:48:00,Wed,Walk-in,P-02978,83,Elderly (80+),M,3,2024-11-20 07:53:54,5.9,Injury/trauma,Head injury - minor (GCS 15),2024-11-20 08:10:06,16.2,Emergency physician,2024-11-20 12:45:00,297,False,Discharged,N/A,Both pathology and imaging,"Major (intubation, chest drain, resuscitation)",False,False,62.7,False,False,False
ED-015924,HGH,2024-11-20 10:41:00,Wed,Ambulance,P-01787,61,Middle-aged (45-64),F,3,2024-11-20 10:44:12,3.2,Neurological,Syncope / collapse,2024-11-20 11:17:54,33.7,Emergency physician,2024-11-20 13:45:00,184,True,Discharged,N/A,Pathology only,None,False,False,97.8,False,False,False
ED-015965,HGH,2024-11-20 16:54:00,Wed,Walk-in,P-25131,94,Elderly (80+),M,3,2024-11-20 16:56:54,2.9,Neurological,Syncope / collapse,2024-11-20 17:27:54,31.0,Resident/HMO,2024-11-20 20:49:00,235,True,Discharged,N/A,Both pathology and imaging,"Moderate (procedural sedation, reduction, abscess I&D)",False,False,89.3,False,False,False
ED-016051,HGH,2024-11-21 13:23:00,Thu,Ambulance,P-04639,24,Young adult (16-24),F,5,2024-11-21 13:28:42,5.7,Injury/trauma,Head injury - minor (GCS 15),2024-11-21 14:50:24,81.7,Resident/HMO,2024-11-21 14:22:00,59,True,Discharged,N/A,None,"Moderate (procedural sedation, reduction, abscess I&D)",False,False,99.7,False,False,True
ED-016063,HGH,2024-11-21 15:02:00,Thu,Walk-in,P-08033,37,Adult (25-44),F,4,2024-11-21 15:06:06,4.1,Ophthalmological,Eye injury / foreign body,2024-11-21 15:57:30,51.4,Emergency physician,2024-11-21 16:09:00,67,True,Discharged,N/A,Pathology only,"Major (intubation, chest drain, resuscitation)",False,False,83.3,False,False,False
ED-016177,HGH,2024-11-22 15:09:00,Fri,Walk-in,P-00330,89,Elderly (80+),M,2,2024-11-22 15:16:54,7.9,Allergic reaction,Anaphylaxis / severe allergic,2024-11-22 15:22:48,5.9,Resident/HMO,2024-11-22 21:14:00,365,False,Admitted,Medical,Both pathology and imaging,"Moderate (procedural sedation, reduction, abscess I&D)",False,False,91.4,False,False,False
ED-016198,HGH,2024-11-22 18:18:00,Fri,Walk-in,P-12013,38,Adult (25-44),F,4,2024-11-22 18:25:06,7.1,Injury/trauma,Fall - mechanical (no LOC),2024-11-22 18:54:36,29.5,Nurse practitioner,2024-11-22 20:06:00,108,True,Discharged,N/A,Both pathology and imaging,None,False,False,72.4,False,False,False
ED-016206,HGH,2024-11-22 20:14:00,Fri,Walk-in,P-27754,38,Adult (25-44),F,3,2024-11-22 20:19:30,5.5,Injury/trauma,Fall - long lie >1hr / elderly,2024-11-22 21:09:06,49.6,Emergency physician,2024-11-23 00:33:00,259,False,Discharged,N/A,None,"Minor (suturing, splinting, wound care)",False,False,80.6,False,False,False
ED-016332,HGH,2024-11-23 19:30:00,Sat,Walk-in,P-04537,25,Adult (25-44),M,4,2024-11-23 19:32:42,2.7,Mental health,Anxiety / panic,2024-11-23 20:56:24,83.7,Nurse practitioner,2024-11-24 01:52:00,382,False,Discharged,N/A,None,None,False,False,87.6,False,True,False
ED-016373,HGH,2024-11-24 09:36:00,Sun,Inter-hospital transfer,P-16772,49,Middle-aged (45-64),F,3,2024-11-24 09:41:00,5.0,Cardiac arrhythmia,Palpitations - new AF/SVT,2024-11-24 09:57:48,16.8,Resident/HMO,2024-11-24 13:14:00,218,True,Admitted,Medical,Pathology only,None,False,False,77.2,False,False,False
ED-016398,HGH,2024-11-24 12:58:00,Sun,Walk-in,P-29358,53,Middle-aged (45-64),F,3,2024-11-24 13:02:12,4.2,Mental health,Suicidal ideation / self-harm,2024-11-24 13:25:18,23.1,Resident/HMO,2024-11-24 17:43:00,285,False,Discharged,N/A,Both pathology and imaging,"Minor (suturing, splinting, wound care)",False,False,89.5,False,True,False
ED-016467,HGH,2024-11-25 05:43:00,Mon,Walk-in,P-27187,72,Older adult (65-79),M,3,2024-11-25 05:48:48,5.8,Abdominal pain,Abdominal pain - acute,2024-11-25 06:04:00,15.2,Resident/HMO,2024-11-25 12:44:00,421,False,Discharged,N/A,Pathology only,None,False,False,40.0,False,False,False
ED-016496,HGH,2024-11-25 10:33:00,Mon,Walk-in,P-18259,58,Middle-aged (45-64),F,5,2024-11-25 10:35:42,2.7,Gastrointestinal,Diarrhoea - acute/infective,2024-11-25 11:37:00,61.3,GP-in-ED,2024-11-25 11:30:00,57,True,Discharged,N/A,Pathology only,"Moderate (procedural sedation, reduction, abscess I&D)",False,False,67.3,False,False,False
ED-016497,HGH,2024-11-25 10:36:00,Mon,Ambulance,P-04274,29,Adult (25-44),F,4,2024-11-25 10:41:12,5.2,Gastrointestinal,Diarrhoea - acute/infective,2024-11-25 14:46:42,245.5,Nurse practitioner,2024-11-25 12:14:00,98,True,Discharged,N/A,Imaging only,"Minor (suturing, splinting, wound care)",False,False,99.4,False,False,False
ED-016522,HGH,2024-11-25 13:18:00,Mon,Walk-in,P-01623,37,Adult (25-44),F,3,2024-11-25 13:21:24,3.4,Injury/trauma,Fracture - suspected upper limb,2024-11-25 14:44:06,82.7,Resident/HMO,2024-11-25 18:00:00,282,False,Discharged,N/A,Both pathology and imaging,None,False,False,75.5,False,False,False
ED-016540,HGH,2024-11-25 15:30:00,Mon,Walk-in,P-00836,57,Middle-aged (45-64),M,3,2024-11-25 15:39:30,9.5,Injury/trauma,Fall - mechanical (no LOC),2024-11-25 15:59:00,19.5,Emergency physician,2024-11-25 17:03:00,93,True,Discharged,N/A,Pathology only,None,False,False,96.4,False,False,False
ED-016591,HGH,2024-11-26 06:34:00,Tue,Walk-in,P-13658,37,Adult (25-44),M,3,2024-11-26 06:37:48,3.8,Neurological,Stroke/TIA symptoms,2024-11-26 07:26:30,48.7,Emergency physician,2024-11-26 10:53:00,259,False,Admitted,Medical,Pathology only,None,False,False,99.7,False,False,False
ED-016593,HGH,2024-11-26 07:01:00,Tue,Walk-in,P-28094,29,Adult (25-44),M,4,2024-11-26 07:05:54,4.9,Skin/wound,Cellulitis,2024-11-26 07:58:48,52.9,Resident/HMO,2024-11-26 09:32:00,151,True,Discharged,N/A,Both pathology and imaging,"Minor (suturing, splinting, wound care)",False,False,80.7,False,False,False
ED-016597,HGH,2024-11-26 08:35:00,Tue,Walk-in,P-25472,37,Adult (25-44),M,4,2024-11-26 08:45:24,10.4,Injury/trauma,Fracture - suspected lower limb/hip,2024-11-26 09:26:24,41.0,Resident/HMO,2024-11-26 11:49:00,194,True,Discharged,N/A,Pathology only,None,False,False,92.6,False,False,False
ED-016631,HGH,2024-11-26 12:42:00,Tue,Walk-in,P-31038,55,Middle-aged (45-64),F,4,2024-11-26 12:45:00,3.0,Mental health,Suicidal ideation / self-harm,2024-11-26 13:25:48,40.8,Emergency physician,2024-11-26 16:56:00,254,False,Admitted,Mental health,Pathology only,"Minor (suturing, splinting, wound care)",False,False,79.9,False,True,True
ED-016650,HGH,2024-11-26 14:48:00,Tue,Walk-in,P-34792,63,Middle-aged (45-64),M,3,2024-11-26 14:57:54,9.9,Urological/renal,UTI symptoms,2024-11-26 15:35:30,37.6,Registrar,2024-11-26 15:50:00,62,True,Did not wait (DNW),N/A,Pathology only,"Minor (suturing, splinting, wound care)",False,False,100.4,False,False,False
ED-016674,HGH,2024-11-26 18:59:00,Tue,Walk-in,P-15561,53,Middle-aged (45-64),F,4,2024-11-26 19:06:48,7.8,Skin/wound,Cellulitis,2024-11-26 19:50:54,44.1,Resident/HMO,2024-11-26 21:13:00,134,True,Discharged,N/A,None,None,False,False,91.6,False,False,False
ED-016705,HGH,2024-11-27 08:22:00,Wed,Ambulance,P-17975,21,Young adult (16-24),F,2,2024-11-27 08:25:30,3.5,Injury/trauma,Fall - long lie >1hr / elderly,2024-11-27 08:41:00,15.5,Emergency physician,2024-11-27 15:29:00,427,False,Discharged,N/A,Both pathology and imaging,"Minor (suturing, splinting, wound care)",False,False,98.0,False,False,False
ED-016710,HGH,2024-11-27 09:22:00,Wed,Walk-in,P-13135,54,Middle-aged (45-64),F,3,2024-11-27 09:26:00,4.0,Injury/trauma,Fall - long lie >1hr / elderly,2024-11-27 09:55:06,29.1,Resident/HMO,2024-11-27 12:09:00,167,True,Admitted,Orthopaedic,Imaging only,None,False,False,87.3,False,False,False
ED-016739,HGH,2024-11-27 13:19:00,Wed,Walk-in,P-09205,56,Middle-aged (45-64),M,5,2024-11-27 13:23:00,4.0,Gastrointestinal,Nausea and vomiting,2024-11-27 14:35:54,72.9,Resident/HMO,2024-11-27 14:11:00,52,True,Discharged,N/A,Imaging only,"Minor (suturing, splinting, wound care)",False,False,53.4,False,False,False
ED-016789,HGH,2024-11-27 21:55:00,Wed,Ambulance,P-03300,66,Older adult (65-79),F,2,2024-11-27 22:01:12,6.2,Neurological,Stroke/TIA symptoms,2024-11-27 22:11:06,9.9,Resident/HMO,2024-11-28 01:32:00,217,True,Admitted,Short stay unit,Both pathology and imaging,"Moderate (procedural sedation, reduction, abscess I&D)",False,False,50.5,False,False,False
ED-016828,HGH,2024-11-28 11:26:00,Thu,Walk-in,P-05989,53,Middle-aged (45-64),M,3,2024-11-28 11:30:18,4.3,Cardiac arrhythmia,Palpitations - new AF/SVT,2024-11-28 13:41:30,131.2,Registrar,2024-11-28 14:37:00,191,True,Admitted,Maternity,Both pathology and imaging,"Minor (suturing, splinting, wound care)",False,False,86.6,False,False,False
ED-016855,HGH,2024-11-28 14:22:00,Thu,Inter-hospital transfer,P-29399,50,Middle-aged (45-64),M,2,2024-11-28 14:24:36,2.6,Chest pain,Chest pain - cardiac features,2024-11-28 14:29:12,4.6,Resident/HMO,2024-11-28 20:52:00,390,False,Admitted,Paediatric,Both pathology and imaging,"Minor (suturing, splinting, wound care)",False,False,74.2,False,False,False
ED-016900,HGH,2024-11-28 23:44:00,Thu,Walk-in,P-12474,40,Adult (25-44),F,3,2024-11-28 23:46:18,2.3,Neurological,Headache - severe/thunderclap,2024-11-29 00:03:12,16.9,Resident/HMO,2024-11-29 04:07:00,263,False,Discharged,N/A,Pathology only,"Minor (suturing, splinting, wound care)",False,False,59.4,False,False,False
ED-016915,HGH,2024-11-29 09:08:00,Fri,Ambulance,P-13136,52,Middle-aged (45-64),F,3,2024-11-29 09:22:06,14.1,Mental health,Suicidal ideation / self-harm,2024-11-29 10:04:36,42.5,Emergency physician,2024-11-29 17:04:00,476,False,Discharged,N/A,Both pathology and imaging,"Moderate (procedural sedation, reduction, abscess I&D)",False,False,91.3,False,True,False
ED-016941,HGH,2024-11-29 14:21:00,Fri,Ambulance,P-07038,75,Older adult (65-79),F,2,2024-11-29 14:27:36,6.6,Gastrointestinal,GI bleed - haematemesis/melaena,2024-11-29 14:32:00,4.4,Emergency physician,2024-11-29 17:57:00,216,True,Admitted,Surgical,Pathology only,"Minor (suturing, splinting, wound care)",False,False,92.2,False,False,False
ED-016952,HGH,2024-11-29 16:54:00,Fri,Walk-in,P-23639,22,Young adult (16-24),F,5,2024-11-29 16:57:12,3.2,ENT,Foreign body - ear/nose/throat,2024-11-29 18:00:12,63.0,Registrar,2024-11-29 19:43:00,169,True,Discharged,N/A,None,"Minor (suturing, splinting, wound care)",False,False,86.5,False,False,False
ED-016955,HGH,2024-11-29 17:34:00,Fri,Ambulance,P-19458,24,Young adult (16-24),M,4,2024-11-29 17:37:42,3.7,ENT,Sore throat / tonsillar,2024-11-29 18:12:48,35.1,GP-in-ED,2024-11-29 20:11:00,157,True,Discharged,N/A,Both pathology and imaging,None,False,False,81.3,False,False,False
ED-016989,HGH,2024-11-29 23:47:00,Fri,Ambulance,P-32348,68,Older adult (65-79),M,2,2024-11-29 23:49:54,2.9,Allergic reaction,Anaphylaxis / severe allergic,2024-11-29 23:56:54,7.0,Registrar,2024-11-30 04:06:00,259,False,Discharged,N/A,Both pathology and imaging,None,False,True,94.5,False,False,True
ED-017063,HGH,2024-11-30 15:03:00,Sat,Walk-in,P-03600,34,Adult (25-44),M,2,2024-11-30 15:16:36,13.6,Injury/trauma,Fracture - suspected lower limb/hip,2024-11-30 15:23:30,6.9,Resident/HMO,2024-11-30 21:01:00,358,False,Admitted,Surgical,Imaging only,None,True,False,76.5,False,False,False
ED-017077,HGH,2024-11-30 17:24:00,Sat,Ambulance,P-25625,26,Adult (25-44),M,3,2024-11-30 17:33:00,9.0,Neurological,Syncope / collapse,2024-11-30 17:49:24,16.4,Resident/HMO,2024-11-30 20:31:00,187,True,Discharged,N/A,Both pathology and imaging,None,True,False,96.2,False,False,True
ED-017124,HGH,2024-12-01 05:24:00,Sun,Walk-in,P-32876,33,Adult (25-44),F,2,2024-12-01 05:29:42,5.7,Respiratory,Asthma exacerbation,2024-12-01 05:39:42,10.0,Resident/HMO,2024-12-01 10:39:00,315,False,Admitted,Short stay unit,Both pathology and imaging,None,False,False,87.8,False,False,False
ED-017206,HGH,2024-12-01 20:01:00,Sun,Walk-in,P-13652,76,Older adult (65-79),F,4,2024-12-01 20:04:12,3.2,Abdominal pain,Abdominal pain - RIF (? appendicitis),2024-12-01 21:00:54,56.7,Emergency physician,2024-12-01 22:50:00,169,True,Discharged,N/A,Both pathology and imaging,None,True,False,63.6,False,False,False
ED-017225,HGH,2024-12-02 00:26:00,Mon,Ambulance,P-06624,47,Middle-aged (45-64),F,2,2024-12-02 00:35:36,9.6,Chest pain,Chest pain - cardiac features,2024-12-02 00:57:30,21.9,Emergency physician,2024-12-02 05:17:00,291,False,Admitted,Orthopaedic,Both pathology and imaging,"Moderate (procedural sedation, reduction, abscess I&D)",False,False,102.7,False,False,True
ED-017231,HGH,2024-12-02 08:20:00,Mon,Walk-in,P-32594,37,Adult (25-44),F,3,2024-12-02 08:23:00,3.0,Mental health,Suicidal ideation / self-harm,2024-12-02 08:50:42,27.7,Registrar,2024-12-02 14:14:00,354,False,Admitted,Mental health,Both pathology and imaging,None,False,False,102.2,False,True,False
ED-017306,HGH,2024-12-02 20:13:00,Mon,Walk-in,P-19408,71,Older adult (65-79),M,2,2024-12-02 20:17:36,4.6,Abdominal pain,Abdominal pain - RIF (? appendicitis),2024-12-02 20:24:12,6.6,Emergency physician,2024-12-03 00:01:00,228,True,Admitted,Short stay unit,Imaging only,"Minor (suturing, splinting, wound care)",False,False,102.4,False,False,False
ED-017326,HGH,2024-12-03 05:44:00,Tue,Ambulance,P-23721,31,Adult (25-44),F,2,2024-12-03 05:49:00,5.0,Chest pain,Chest pain - cardiac features,2024-12-03 06:13:36,24.6,Registrar,2024-12-03 10:34:00,290,False,Discharged,N/A,Both pathology and imaging,"Moderate (procedural sedation, reduction, abscess I&D)",False,False,92.2,False,False,False
ED-017354,HGH,2024-12-03 12:18:00,Tue,Ambulance,P-25774,39,Adult (25-44),F,3,2024-12-03 12:22:24,4.4,Cardiac arrhythmia,Palpitations - new AF/SVT,2024-12-03 12:57:06,34.7,Emergency physician,2024-12-03 21:36:00,558,False,Admitted,CCU,Both pathology and imaging,None,False,True,100.7,False,False,True
ED-017415,HGH,2024-12-03 23:35:00,Tue,Ambulance,P-26630,33,Adult (25-44),M,3,2024-12-03 23:36:54,1.9,Injury/trauma,Fall - mechanical (no LOC),2024-12-04 00:11:48,34.9,GP-in-ED,2024-12-04 02:37:00,182,True,Discharged,N/A,None,"Minor (suturing, splinting, wound care)",False,False,77.2,False,False,False
ED-017521,HGH,2024-12-04 23:20:00,Wed,Walk-in,P-05951,21,Young adult (16-24),F,5,2024-12-04 23:22:30,2.5,Abdominal pain,Abdominal pain - non-specific/chronic,2024-12-05 01:04:00,101.5,Nurse practitioner,2024-12-05 00:49:00,89,True,Discharged,N/A,None,None,False,False,69.3,False,False,False
ED-017627,HGH,2024-12-05 22:39:00,Thu,Walk-in,P-25397,38,Adult (25-44),M,4,2024-12-05 22:41:24,2.4,Injury/trauma,Laceration - upper limb,2024-12-05 23:10:54,29.5,Resident/HMO,2024-12-06 01:22:00,163,True,Short stay unit,Short stay unit,Pathology only,"Major (intubation, chest drain, resuscitation)",False,False,41.4,False,False,False
ED-017644,HGH,2024-12-06 08:24:00,Fri,Walk-in,P-27336,24,Young adult (16-24),M,4,2024-12-06 08:27:42,3.7,Injury/trauma,Fracture - suspected upper limb,2024-12-06 09:19:30,51.8,Registrar,2024-12-06 10:28:00,124,True,Discharged,N/A,None,None,False,False,88.5,False,False,False
ED-017655,HGH,2024-12-06 10:54:00,Fri,Walk-in,P-16449,102,Elderly (80+),M,4,2024-12-06 11:10:06,16.1,Abdominal pain,Abdominal pain - acute,2024-12-06 11:45:00,34.9,Resident/HMO,2024-12-06 13:51:00,177,True,Short stay unit,Short stay unit,Imaging only,None,False,False,33.0,False,False,False
ED-017667,HGH,2024-12-06 12:14:00,Fri,Walk-in,P-25249,28,Adult (25-44),M,4,2024-12-06 12:16:42,2.7,Neurological,Headache - tension/migraine,2024-12-06 12:45:00,28.3,Resident/HMO,2024-12-06 13:03:00,49,True,Discharged,N/A,Both pathology and imaging,"Minor (suturing, splinting, wound care)",False,False,80.5,False,False,True
ED-017711,HGH,2024-12-06 20:07:00,Fri,Walk-in,P-22407,32,Adult (25-44),M,2,2024-12-06 20:12:18,5.3,Chest pain,Chest pain - cardiac features,2024-12-06 20:21:54,9.6,Nurse practitioner,2024-12-07 00:30:00,263,False,Admitted,Medical,Both pathology and imaging,None,False,False,95.2,False,False,False
ED-017721,HGH,2024-12-06 22:13:00,Fri,Walk-in,P-22394,58,Middle-aged (45-64),M,3,2024-12-06 22:21:06,8.1,Respiratory,COPD exacerbation,2024-12-06 23:15:00,53.9,Resident/HMO,2024-12-07 00:45:00,152,True,Discharged,N/A,None,None,False,False,99.1,False,False,False
ED-017735,HGH,2024-12-07 07:09:00,Sat,Walk-in,P-26224,73,Older adult (65-79),F,2,2024-12-07 07:14:06,5.1,Neurological,Syncope / collapse,2024-12-07 07:18:36,4.5,Emergency physician,2024-12-07 12:24:00,315,False,Discharged,N/A,Both pathology and imaging,"Major (intubation, chest drain, resuscitation)",False,False,72.6,False,False,False
ED-017818,HGH,2024-12-07 19:01:00,Sat,Walk-in,P-10223,43,Adult (25-44),F,4,2024-12-07 19:02:36,1.6,Mental health,Depression - acute presentation,2024-12-07 19:36:42,34.1,GP-in-ED,2024-12-08 00:00:00,299,False,Discharged,N/A,Pathology only,None,True,False,89.4,False,True,False
ED-017834,HGH,2024-12-07 21:16:00,Sat,Walk-in,P-16515,102,Elderly (80+),M,4,2024-12-07 21:18:54,2.9,Injury/trauma,Fracture - suspected upper limb,2024-12-07 23:50:00,151.1,GP-in-ED,2024-12-08 01:41:00,265,False,Discharged,N/A,None,None,False,False,93.2,False,False,True
ED-017910,HGH,2024-12-08 13:59:00,Sun,Walk-in,P-26902,70,Older adult (65-79),F,4,2024-12-08 14:02:36,3.6,Other,Medication issue / script,2024-12-08 14:56:54,54.3,Nurse practitioner,2024-12-08 20:09:00,370,False,Discharged,N/A,Pathology only,None,False,False,56.0,False,False,False
ED-017938,HGH,2024-12-08 18:36:00,Sun,Ambulance,P-33880,36,Adult (25-44),F,2,2024-12-08 18:41:18,5.3,Neurological,Stroke/TIA symptoms,2024-12-08 18:48:54,7.6,Registrar,2024-12-08 20:55:00,139,True,Discharged,N/A,Pathology only,"Moderate (procedural sedation, reduction, abscess I&D)",False,False,102.6,False,False,False
ED-017951,HGH,2024-12-08 23:17:00,Sun,Walk-in,P-20183,27,Adult (25-44),M,2,2024-12-08 23:23:18,6.3,Chest pain,Chest pain - non-cardiac/musculoskeletal,2024-12-08 23:30:36,7.3,Nurse practitioner,2024-12-09 03:23:00,246,False,Discharged,N/A,Both pathology and imaging,"Minor (suturing, splinting, wound care)",False,False,95.9,False,False,False
ED-017982,HGH,2024-12-09 11:03:00,Mon,Walk-in,P-32103,70,Older adult (65-79),F,3,2024-12-09 11:05:42,2.7,Neurological,Syncope / collapse,2024-12-09 11:15:30,9.8,Nurse practitioner,2024-12-09 13:18:00,135,True,Admitted,CCU,None,"Moderate (procedural sedation, reduction, abscess I&D)",False,False,80.8,False,False,False
ED-018066,HGH,2024-12-10 01:00:00,Tue,Ambulance,P-00958,33,Adult (25-44),F,4,2024-12-10 01:04:42,4.7,Injury/trauma,Fall - mechanical (no LOC),2024-12-10 02:12:00,67.3,Emergency physician,2024-12-10 02:32:00,92,True,Discharged,N/A,None,"Minor (suturing, splinting, wound care)",False,False,93.0,False,False,False
ED-018096,HGH,2024-12-10 11:15:00,Tue,Ambulance,P-03424,26,Adult (25-44),M,2,2024-12-10 11:18:12,3.2,Chest pain,Chest pain - cardiac features,2024-12-10 11:26:48,8.6,Emergency physician,2024-12-10 16:56:00,341,False,Admitted,Surgical,Both pathology and imaging,None,False,False,56.2,False,False,False
ED-018160,HGH,2024-12-10 21:10:00,Tue,Inter-hospital transfer,P-07491,38,Adult (25-44),F,3,2024-12-10 21:15:42,5.7,Injury/trauma,Fracture - suspected lower limb/hip,2024-12-10 21:27:30,11.8,Resident/HMO,2024-12-11 01:59:00,289,False,Discharged,N/A,Pathology only,None,False,False,78.6,False,False,False
ED-018163,HGH,2024-12-10 21:22:00,Tue,Walk-in,P-34673,55,Middle-aged (45-64),F,3,2024-12-10 21:27:30,5.5,Neurological,Dizziness / vertigo,2024-12-10 22:23:00,55.5,Registrar,2024-12-10 23:47:00,145,True,Discharged,N/A,Both pathology and imaging,None,False,False,98.1,False,False,False
ED-018169,HGH,2024-12-10 22:16:00,Tue,Walk-in,P-01508,52,Middle-aged (45-64),F,3,2024-12-10 22:23:54,7.9,Injury/trauma,Fall - mechanical (no LOC),2024-12-10 22:59:54,36.0,Registrar,2024-12-10 23:52:00,96,True,Discharged,N/A,Pathology only,"Moderate (procedural sedation, reduction, abscess I&D)",False,False,99.6,False,False,False
ED-018192,HGH,2024-12-11 09:22:00,Wed,Ambulance,P-22975,30,Adult (25-44),F,3,2024-12-11 09:26:12,4.2,Neurological,Headache - severe/thunderclap,2024-12-11 09:42:36,16.4,Registrar,2024-12-11 13:01:00,219,True,Discharged,N/A,Both pathology and imaging,None,False,False,82.4,False,False,False
ED-018235,HGH,2024-12-11 16:02:00,Wed,Walk-in,P-25544,50,Middle-aged (45-64),M,4,2024-12-11 16:04:42,2.7,Neurological,Syncope / collapse,2024-12-11 16:37:18,32.6,Resident/HMO,2024-12-11 19:58:00,236,True,Discharged,N/A,Imaging only,"Moderate (procedural sedation, reduction, abscess I&D)",False,False,89.2,False,False,False
ED-018256,HGH,2024-12-11 21:06:00,Wed,Walk-in,P-28519,26,Adult (25-44),F,4,2024-12-11 21:19:18,13.3,ENT,Epistaxis,2024-12-11 22:11:06,51.8,Registrar,2024-12-12 02:59:00,353,False,Left against medical advice (LAMA),N/A,None,"Moderate (procedural sedation, reduction, abscess I&D)",False,False,98.7,False,False,False
ED-018336,HGH,2024-12-12 17:56:00,Thu,Walk-in,P-32919,98,Elderly (80+),F,4,2024-12-12 17:58:42,2.7,Musculoskeletal,Back pain - acute,2024-12-12 20:36:30,157.8,Registrar,2024-12-12 20:39:00,163,True,Discharged,N/A,Pathology only,None,False,False,81.1,False,False,False
ED-018353,HGH,2024-12-12 21:24:00,Thu,Walk-in,P-06455,42,Adult (25-44),F,4,2024-12-12 21:31:00,7.0,Mental health,Depression - acute presentation,2024-12-12 23:03:54,92.9,Resident/HMO,2024-12-13 02:49:00,325,False,Discharged,N/A,None,None,True,False,89.7,False,True,False
ED-018377,HGH,2024-12-13 07:37:00,Fri,Ambulance,P-26799,26,Adult (25-44),F,4,2024-12-13 07:38:48,1.8,Injury/trauma,Fall - long lie >1hr / elderly,2024-12-13 08:58:48,80.0,Registrar,2024-12-13 10:23:00,166,True,Discharged,N/A,None,None,False,False,79.4,False,False,False
ED-018380,HGH,2024-12-13 08:11:00,Fri,Ambulance,P-25996,102,Elderly (80+),M,3,2024-12-13 08:13:42,2.7,Chest pain,Chest pain - cardiac features,2024-12-13 08:47:36,33.9,Registrar,2024-12-13 17:22:00,551,False,Discharged,N/A,Pathology only,None,False,False,82.1,False,False,False
ED-018402,HGH,2024-12-13 11:00:00,Fri,Ambulance,P-13892,56,Middle-aged (45-64),M,2,2024-12-13 11:04:54,4.9,Neurological,Stroke/TIA symptoms,2024-12-13 11:11:48,6.9,Emergency physician,2024-12-13 15:55:00,295,False,Admitted,Medical,Both pathology and imaging,"Moderate (procedural sedation, reduction, abscess I&D)",False,False,85.3,False,False,False
ED-018489,HGH,2024-12-13 21:03:00,Fri,Walk-in,P-27918,43,Adult (25-44),M,3,2024-12-13 21:08:00,5.0,Poisoning/overdose,Accidental ingestion,2024-12-13 21:27:54,19.9,Nurse practitioner,2024-12-14 00:38:00,215,True,Discharged,N/A,None,"Minor (suturing, splinting, wound care)",False,False,96.7,False,False,True
ED-018528,HGH,2024-12-14 09:44:00,Sat,Ambulance,P-08871,34,Adult (25-44),F,2,2024-12-14 09:47:42,3.7,Cardiac arrhythmia,Palpitations - new AF/SVT,2024-12-14 10:10:48,23.1,Registrar,2024-12-14 12:23:00,159,True,Discharged,N/A,Both pathology and imaging,"Major (intubation, chest drain, resuscitation)",False,False,91.8,False,False,False
ED-018568,HGH,2024-12-14 15:31:00,Sat,Walk-in,P-15574,67,Older adult (65-79),F,5,2024-12-14 15:37:48,6.8,Skin/wound,Abscess,2024-12-14 18:55:54,198.1,Registrar,2024-12-14 19:24:00,233,True,Did not wait (DNW),N/A,Both pathology and imaging,None,False,False,99.8,False,False,False
ED-018572,HGH,2024-12-14 16:11:00,Sat,Walk-in,P-22213,54,Middle-aged (45-64),M,3,2024-12-14 16:16:06,5.1,Neurological,Dizziness / vertigo,2024-12-14 16:37:48,21.7,Resident/HMO,2024-12-14 19:36:00,205,True,Discharged,N/A,Imaging only,"Minor (suturing, splinting, wound care)",False,False,61.0,False,False,False
ED-018574,HGH,2024-12-14 16:28:00,Sat,Ambulance,P-27023,98,Elderly (80+),F,3,2024-12-14 16:32:12,4.2,Neurological,Headache - severe/thunderclap,2024-12-14 16:55:54,23.7,Resident/HMO,2024-12-14 21:00:00,272,False,Discharged,N/A,Imaging only,"Major (intubation, chest drain, resuscitation)",False,False,88.0,False,False,False
ED-018656,HGH,2024-12-15 12:57:00,Sun,Walk-in,P-16429,33,Adult (25-44),F,5,2024-12-15 12:58:12,1.2,Cardiac arrhythmia,Palpitations - benign/known,2024-12-15 13:39:06,40.9,GP-in-ED,2024-12-15 14:58:00,121,True,Discharged,N/A,Imaging only,None,False,False,62.8,False,False,False
ED-018671,HGH,2024-12-15 15:05:00,Sun,Walk-in,P-12894,29,Adult (25-44),X,3,2024-12-15 15:18:24,13.4,Mental health,Depression - acute presentation,2024-12-15 16:05:42,47.3,Emergency physician,2024-12-15 19:05:00,240,True,Discharged,N/A,Both pathology and imaging,"Major (intubation, chest drain, resuscitation)",False,False,94.0,False,True,False
ED-018784,HGH,2024-12-16 16:23:00,Mon,Walk-in,P-34026,14,Paediatric (0-15),F,4,2024-12-16 16:27:18,4.3,Paediatric febrile,Febrile child (<5yr),2024-12-16 17:06:12,38.9,Nurse practitioner,2024-12-16 19:32:00,189,True,Discharged,N/A,Both pathology and imaging,None,False,False,93.8,False,False,False
ED-018789,HGH,2024-12-16 16:46:00,Mon,Walk-in,P-05803,36,Adult (25-44),F,4,2024-12-16 16:47:36,1.6,Neurological,Dizziness / vertigo,2024-12-16 17:13:06,25.5,GP-in-ED,2024-12-16 19:07:00,141,True,Discharged,N/A,Pathology only,None,False,False,94.6,False,False,False
ED-018796,HGH,2024-12-16 18:10:00,Mon,Ambulance,P-13605,102,Elderly (80+),M,2,2024-12-16 18:12:00,2.0,Injury/trauma,Head injury - moderate/severe,2024-12-16 18:13:54,1.9,Emergency physician,2024-12-16 22:02:00,232,True,Discharged,N/A,Both pathology and imaging,"Minor (suturing, splinting, wound care)",False,False,49.1,False,False,False
ED-018803,HGH,2024-12-16 19:44:00,Mon,Ambulance,P-15292,46,Middle-aged (45-64),F,3,2024-12-16 19:46:54,2.9,General unwell/sepsis-query,Febrile - query sepsis,2024-12-16 20:14:18,27.4,Emergency physician,2024-12-16 22:45:00,181,True,Discharged,N/A,Both pathology and imaging,"Moderate (procedural sedation, reduction, abscess I&D)",False,False,98.4,False,False,False
ED-018845,HGH,2024-12-17 09:59:00,Tue,Walk-in,P-04536,102,Elderly (80+),M,2,2024-12-17 10:03:18,4.3,Chest pain,Chest pain - cardiac features,2024-12-17 10:09:18,6.0,Emergency physician,2024-12-17 18:20:00,501,False,Admitted,Medical,Both pathology and imaging,"Moderate (procedural sedation, reduction, abscess I&D)",False,False,82.0,False,False,False
ED-018859,HGH,2024-12-17 11:00:00,Tue,Ambulance,P-28708,45,Middle-aged (45-64),F,5,2024-12-17 11:06:42,6.7,Neurological,Syncope / collapse,2024-12-17 12:37:24,90.7,Emergency physician,2024-12-17 12:29:00,89,True,Discharged,N/A,None,None,False,True,101.2,False,False,True
ED-018861,HGH,2024-12-17 11:06:00,Tue,Walk-in,P-18115,27,Adult (25-44),F,5,2024-12-17 11:11:00,5.0,Obstetric/gynaecological,Pelvic pain,2024-12-17 13:15:30,124.5,Resident/HMO,2024-12-17 12:34:00,88,True,Discharged,N/A,None,None,False,False,90.3,False,False,False
ED-018870,HGH,2024-12-17 11:59:00,Tue,Walk-in,P-03052,61,Middle-aged (45-64),M,4,2024-12-17 12:01:12,2.2,Injury/trauma,Fall - mechanical (no LOC),2024-12-17 12:39:30,38.3,Resident/HMO,2024-12-17 15:05:00,186,True,Discharged,N/A,None,"Minor (suturing, splinting, wound care)",False,False,87.0,False,False,False
ED-018875,HGH,2024-12-17 12:21:00,Tue,Walk-in,P-34671,55,Middle-aged (45-64),M,4,2024-12-17 12:25:48,4.8,Mental health,Anxiety / panic,2024-12-17 13:07:30,41.7,Registrar,2024-12-18 00:32:00,731,False,Discharged,N/A,Both pathology and imaging,None,False,False,46.9,False,True,False
ED-018958,HGH,2024-12-18 09:37:00,Wed,Walk-in,P-04666,18,Young adult (16-24),M,4,2024-12-18 09:42:06,5.1,Ophthalmological,Eye injury / foreign body,2024-12-18 12:32:12,170.1,Resident/HMO,2024-12-18 11:12:00,95,True,Discharged,N/A,Both pathology and imaging,None,False,False,81.6,False,False,False
ED-019005,HGH,2024-12-18 16:05:00,Wed,Walk-in,P-24130,55,Middle-aged (45-64),F,4,2024-12-18 16:09:06,4.1,Injury/trauma,MVA - ambulatory,2024-12-18 17:36:42,87.6,Nurse practitioner,2024-12-18 17:38:00,93,True,Short stay unit,Short stay unit,Pathology only,None,False,False,76.5,False,False,False
ED-019144,HGH,2024-12-19 22:30:00,Thu,Walk-in,P-08391,46,Middle-aged (45-64),M,3,2024-12-19 22:32:42,2.7,Respiratory,COPD exacerbation,2024-12-19 22:52:48,20.1,Emergency physician,2024-12-20 02:27:00,237,True,Admitted,Medical,Imaging only,None,False,False,83.5,False,False,False
ED-019158,HGH,2024-12-20 02:00:00,Fri,Walk-in,P-28309,24,Young adult (16-24),F,4,2024-12-20 02:01:42,1.7,Urological/renal,Renal colic / ureteric pain,2024-12-20 02:58:30,56.8,Registrar,2024-12-20 05:12:00,192,True,Discharged,N/A,None,None,False,False,84.8,False,False,False
ED-019176,HGH,2024-12-20 09:42:00,Fri,Ambulance,P-25785,45,Middle-aged (45-64),M,5,2024-12-20 09:46:30,4.5,Injury/trauma,Head injury - minor (GCS 15),2024-12-20 11:15:54,89.4,Nurse practitioner,2024-12-20 10:18:00,36,True,Discharged,N/A,Imaging only,None,False,False,89.8,False,False,False
ED-019248,HGH,2024-12-20 19:52:00,Fri,Walk-in,P-18781,57,Middle-aged (45-64),F,3,2024-12-20 19:59:42,7.7,Respiratory,Shortness of breath - acute,2024-12-20 20:25:12,25.5,Resident/HMO,2024-12-21 00:11:00,259,False,Admitted,Surgical,Pathology only,"Minor (suturing, splinting, wound care)",False,False,87.0,False,False,True
ED-019387,HGH,2024-12-22 00:21:00,Sun,Ambulance,P-06811,50,Middle-aged (45-64),M,2,2024-12-22 00:29:06,8.1,Chest pain,Chest pain - cardiac features,2024-12-22 00:34:48,5.7,Resident/HMO,2024-12-22 03:44:00,203,True,Admitted,Short stay unit,Both pathology and imaging,"Minor (suturing, splinting, wound care)",False,False,56.2,False,False,False
ED-019615,HGH,2024-12-24 09:53:00,Tue,Ambulance,P-23690,24,Young adult (16-24),M,2,2024-12-24 10:00:30,7.5,General unwell/sepsis-query,Febrile - query sepsis,2024-12-24 10:08:54,8.4,Resident/HMO,2024-12-24 13:23:00,210,True,Admitted,Short stay unit,Both pathology and imaging,"Major (intubation, chest drain, resuscitation)",False,False,79.3,False,False,False
ED-019650,HGH,2024-12-24 14:08:00,Tue,Ambulance,P-15822,35,Adult (25-44),F,2,2024-12-24 14:13:06,5.1,Poisoning/overdose,Intentional overdose,2024-12-24 14:24:06,11.0,Registrar,2024-12-24 19:45:00,337,False,Admitted,Short stay unit,Pathology only,None,False,False,83.4,False,False,False
ED-019658,HGH,2024-12-24 15:05:00,Tue,Walk-in,P-01315,74,Older adult (65-79),F,2,2024-12-24 15:08:06,3.1,Chest pain,Chest pain - cardiac features,2024-12-24 15:12:30,4.4,Registrar,2024-12-24 23:17:00,492,False,Admitted,Surgical,Imaging only,None,False,False,51.3,False,False,False
ED-019664,HGH,2024-12-24 16:20:00,Tue,Walk-in,P-04633,29,Adult (25-44),M,4,2024-12-24 16:25:00,5.0,Other,Review by ED / GP referral,2024-12-24 17:19:24,54.4,Resident/HMO,2024-12-24 18:49:00,149,True,Discharged,N/A,None,None,False,False,69.8,False,False,False
ED-019678,HGH,2024-12-24 18:27:00,Tue,Walk-in,P-14445,43,Adult (25-44),F,4,2024-12-24 18:32:30,5.5,Neurological,Headache - tension/migraine,2024-12-24 19:37:12,64.7,GP-in-ED,2024-12-24 22:52:00,265,False,Admitted,Short stay unit,Pathology only,None,False,False,47.1,False,False,False
ED-019740,HGH,2024-12-25 10:09:00,Wed,Walk-in,P-09102,32,Adult (25-44),M,4,2024-12-25 10:15:54,6.9,ENT,Foreign body - ear/nose/throat,2024-12-25 11:58:12,102.3,Resident/HMO,2024-12-25 13:41:00,212,True,Discharged,N/A,None,"Moderate (procedural sedation, reduction, abscess I&D)",False,False,81.7,False,False,True
ED-019746,HGH,2024-12-25 10:50:00,Wed,Walk-in,P-09788,33,Adult (25-44),F,5,2024-12-25 10:58:18,8.3,Ophthalmological,Acute vision loss / eye pain,2024-12-25 11:30:42,32.4,Resident/HMO,2024-12-25 11:48:00,58,True,Did not wait (DNW),N/A,None,"Minor (suturing, splinting, wound care)",False,False,46.8,False,False,False
ED-019827,HGH,2024-12-26 02:21:00,Thu,Police/corrections,P-33877,42,Adult (25-44),F,4,2024-12-26 02:23:00,2.0,Respiratory,COPD exacerbation,2024-12-26 03:35:00,72.0,Registrar,2024-12-26 04:36:00,135,True,Discharged,N/A,None,"Moderate (procedural sedation, reduction, abscess I&D)",False,False,94.1,False,False,False
ED-019841,HGH,2024-12-26 09:06:00,Thu,Walk-in,P-21872,37,Adult (25-44),F,4,2024-12-26 09:09:00,3.0,Musculoskeletal,Back pain - acute,2024-12-26 09:49:18,40.3,GP-in-ED,2024-12-26 11:45:00,159,True,Discharged,N/A,Both pathology and imaging,None,False,False,96.5,False,False,False
ED-019854,HGH,2024-12-26 10:51:00,Thu,Walk-in,P-21716,46,Middle-aged (45-64),F,3,2024-12-26 10:55:36,4.6,Gastrointestinal,Diarrhoea - acute/infective,2024-12-26 11:20:12,24.6,Resident/HMO,2024-12-26 14:47:00,236,True,Discharged,N/A,Imaging only,"Minor (suturing, splinting, wound care)",False,False,85.5,False,False,True
ED-019884,HGH,2024-12-26 14:58:00,Thu,Ambulance,P-21662,40,Adult (25-44),M,3,2024-12-26 15:01:36,3.6,Obstetric/gynaecological,Vaginal bleeding - early pregnancy,2024-12-26 15:11:12,9.6,Registrar,2024-12-26 22:12:00,434,False,Discharged,N/A,Imaging only,"Minor (suturing, splinting, wound care)",False,False,89.2,False,False,False
ED-019946,HGH,2024-12-27 09:06:00,Fri,Walk-in,P-04686,61,Middle-aged (45-64),M,5,2024-12-27 09:12:24,6.4,Chest pain,Chest pain - non-cardiac/musculoskeletal,2024-12-27 12:03:48,171.4,GP-in-ED,2024-12-27 10:03:00,57,True,Short stay unit,Short stay unit,Pathology only,None,False,False,91.9,False,False,False
ED-019959,HGH,2024-12-27 11:16:00,Fri,Walk-in,P-23801,34,Adult (25-44),F,4,2024-12-27 11:19:12,3.2,Injury/trauma,Laceration - upper limb,2024-12-27 12:19:06,59.9,GP-in-ED,2024-12-27 13:03:00,107,True,Discharged,N/A,Pathology only,None,False,False,47.0,False,False,False
ED-020078,HGH,2024-12-28 15:14:00,Sat,Walk-in,P-05734,34,Adult (25-44),M,4,2024-12-28 15:19:36,5.6,Neurological,Dizziness / vertigo,2024-12-28 16:36:12,76.6,Nurse practitioner,2024-12-28 16:49:00,95,True,Discharged,N/A,Both pathology and imaging,None,False,False,64.3,False,False,False
ED-020104,HGH,2024-12-28 19:49:00,Sat,Walk-in,P-05237,42,Adult (25-44),M,3,2024-12-28 19:52:12,3.2,Injury/trauma,Laceration - facial/scalp,2024-12-28 20:21:30,29.3,Emergency physician,2024-12-28 22:14:00,145,True,Discharged,N/A,Imaging only,None,False,False,76.9,False,False,False
ED-020111,HGH,2024-12-28 21:46:00,Sat,Walk-in,P-32722,80,Elderly (80+),F,4,2024-12-28 21:51:06,5.1,Chest pain,Chest pain - cardiac features,2024-12-28 22:28:30,37.4,Resident/HMO,2024-12-29 01:17:00,211,True,Discharged,N/A,Imaging only,"Minor (suturing, splinting, wound care)",False,False,103.4,False,False,False
ED-020191,HGH,2024-12-29 16:22:00,Sun,Walk-in,P-02748,24,Young adult (16-24),F,3,2024-12-29 16:26:36,4.6,Neurological,Headache - severe/thunderclap,2024-12-29 17:20:42,54.1,Registrar,2024-12-29 21:09:00,287,False,Discharged,N/A,Both pathology and imaging,"Major (intubation, chest drain, resuscitation)",False,False,90.5,False,False,False
ED-020200,HGH,2024-12-29 18:06:00,Sun,Walk-in,P-26300,43,Adult (25-44),M,4,2024-12-29 18:09:18,3.3,Abdominal pain,Abdominal pain - non-specific/chronic,2024-12-29 18:53:00,43.7,GP-in-ED,2024-12-29 20:31:00,145,True,Discharged,N/A,None,None,False,False,83.0,False,False,False
ED-020216,HGH,2024-12-29 21:40:00,Sun,Walk-in,P-02554,54,Middle-aged (45-64),F,4,2024-12-29 21:47:12,7.2,Abdominal pain,Abdominal pain - non-specific/chronic,2024-12-29 23:40:18,113.1,Registrar,2024-12-29 23:48:00,128,True,Discharged,N/A,None,None,False,False,90.7,False,False,False
ED-020220,HGH,2024-12-29 23:12:00,Sun,Walk-in,P-18460,102,Elderly (80+),M,4,2024-12-29 23:16:30,4.5,Chest pain,Chest pain - non-cardiac/musculoskeletal,2024-12-30 00:33:54,77.4,Nurse practitioner,2024-12-30 02:15:00,183,True,Discharged,N/A,Imaging only,None,False,False,79.2,False,False,False
ED-020273,HGH,2024-12-30 11:34:00,Mon,Walk-in,P-21780,32,Adult (25-44),X,3,2024-12-30 11:36:30,2.5,ENT,Epistaxis,2024-12-30 12:19:18,42.8,Emergency physician,2024-12-30 20:06:00,512,False,Discharged,N/A,Both pathology and imaging,"Minor (suturing, splinting, wound care)",False,False,81.1,False,False,False
ED-020318,HGH,2024-12-30 17:31:00,Mon,Ambulance,P-20522,18,Young adult (16-24),M,2,2024-12-30 17:35:24,4.4,Chest pain,Chest pain - non-cardiac/musculoskeletal,2024-12-30 17:40:48,5.4,Resident/HMO,2024-12-30 23:03:00,332,False,Discharged,N/A,Both pathology and imaging,"Moderate (procedural sedation, reduction, abscess I&D)",False,False,76.3,False,False,False
ED-020442,HGH,2024-12-31 20:17:00,Tue,Ambulance,P-19939,56,Middle-aged (45-64),M,3,2024-12-31 20:21:48,4.8,Injury/trauma,Fracture - suspected lower limb/hip,2024-12-31 20:38:12,16.4,Emergency physician,2024-12-31 23:07:00,170,True,Admitted,Surgical,Both pathology and imaging,None,False,False,98.0,False,False,False
ED-020594,HGH,2025-01-02 13:20:00,Thu,Ambulance,P-17358,43,Adult (25-44),F,3,2025-01-02 13:22:48,2.8,Chest pain,Chest pain - cardiac features,2025-01-02 13:55:00,32.2,Registrar,2025-01-02 15:25:00,125,True,Discharged,N/A,Both pathology and imaging,None,False,False,97.3,False,False,False
ED-020604,HGH,2025-01-02 16:07:00,Thu,Ambulance,P-03337,82,Elderly (80+),F,5,2025-01-02 16:10:54,3.9,Neurological,Syncope / collapse,2025-01-02 18:05:18,114.4,Resident/HMO,2025-01-02 19:20:00,193,True,Admitted,Medical,None,None,False,False,44.3,False,False,True
ED-020705,HGH,2025-01-03 18:33:00,Fri,Walk-in,P-14217,46,Middle-aged (45-64),M,3,2025-01-03 18:38:00,5.0,ENT,Epistaxis,2025-01-03 20:14:00,96.0,Registrar,2025-01-03 20:47:00,134,True,Discharged,N/A,Imaging only,"Moderate (procedural sedation, reduction, abscess I&D)",False,False,87.1,False,False,False
ED-020751,HGH,2025-01-04 11:30:00,Sat,Ambulance,P-08554,27,Adult (25-44),M,2,2025-01-04 11:32:24,2.4,Chest pain,Chest pain - cardiac features,2025-01-04 11:46:12,13.8,Emergency physician,2025-01-04 14:58:00,208,True,Discharged,N/A,Pathology only,None,True,True,90.1,False,False,False
ED-020787,HGH,2025-01-04 16:29:00,Sat,Walk-in,P-07222,43,Adult (25-44),F,4,2025-01-04 16:31:18,2.3,Injury/trauma,Head injury - minor (GCS 15),2025-01-04 18:05:12,93.9,Emergency physician,2025-01-04 17:51:00,82,True,Admitted,Orthopaedic,None,"Minor (suturing, splinting, wound care)",False,False,83.4,False,False,False
ED-020822,HGH,2025-01-05 07:54:00,Sun,Walk-in,P-11939,71,Older adult (65-79),F,4,2025-01-05 07:56:36,2.6,Abdominal pain,Abdominal pain - acute,2025-01-05 09:56:48,120.2,Nurse practitioner,2025-01-05 09:25:00,91,True,Admitted,Surgical,Imaging only,None,False,False,81.2,False,False,False
ED-020854,HGH,2025-01-05 13:21:00,Sun,Ambulance,P-31035,32,Adult (25-44),M,3,2025-01-05 13:22:54,1.9,Neurological,Stroke/TIA symptoms,2025-01-05 13:57:42,34.8,Nurse practitioner,2025-01-05 17:34:00,253,False,Admitted,Short stay unit,Both pathology and imaging,None,False,False,65.0,False,False,False
ED-020865,HGH,2025-01-05 14:53:00,Sun,Walk-in,P-14147,23,Young adult (16-24),F,4,2025-01-05 14:57:18,4.3,Abdominal pain,Abdominal pain - non-specific/chronic,2025-01-05 15:35:00,37.7,Registrar,2025-01-05 17:15:00,142,True,Discharged,N/A,None,None,False,False,98.1,False,False,False
ED-020901,HGH,2025-01-05 22:20:00,Sun,Ambulance,P-00386,40,Adult (25-44),M,2,2025-01-05 22:23:24,3.4,Neurological,Stroke/TIA symptoms,2025-01-05 22:32:54,9.5,Resident/HMO,2025-01-06 00:11:00,111,True,Admitted,Orthopaedic,Both pathology and imaging,None,False,False,93.2,False,False,False
ED-020902,HGH,2025-01-05 22:23:00,Sun,Walk-in,P-12482,38,Adult (25-44),F,5,2025-01-05 22:26:48,3.8,Skin/wound,Wound review / dressing change,2025-01-06 00:45:00,138.2,Nurse practitioner,2025-01-05 23:08:00,45,True,Discharged,N/A,None,None,False,False,99.7,False,False,False
ED-020921,HGH,2025-01-06 07:29:00,Mon,Walk-in,P-30318,48,Middle-aged (45-64),M,5,2025-01-06 07:34:30,5.5,Skin/wound,Wound review / dressing change,2025-01-06 11:40:00,245.5,Nurse practitioner,2025-01-06 08:52:00,83,True,Short stay unit,Short stay unit,Imaging only,None,False,False,91.8,False,False,False
ED-020942,HGH,2025-01-06 10:05:00,Mon,Walk-in,P-10409,14,Paediatric (0-15),F,3,2025-01-06 10:10:00,5.0,Respiratory,COPD exacerbation,2025-01-06 10:23:30,13.5,Emergency physician,2025-01-06 12:41:00,156,True,Admitted,Paediatric,Pathology only,"Minor (suturing, splinting, wound care)",False,False,67.6,False,False,True
ED-021005,HGH,2025-01-06 21:45:00,Mon,Ambulance,P-15699,40,Adult (25-44),F,2,2025-01-06 21:47:36,2.6,Injury/trauma,MVA - stretcher,2025-01-06 21:52:30,4.9,Registrar,2025-01-07 03:02:00,317,False,Discharged,N/A,Both pathology and imaging,None,False,True,77.9,False,False,False
ED-021006,HGH,2025-01-06 21:55:00,Mon,Walk-in,P-24079,53,Middle-aged (45-64),M,2,2025-01-06 21:57:36,2.6,Abdominal pain,Abdominal pain - acute,2025-01-06 22:02:12,4.6,Resident/HMO,2025-01-07 02:24:00,269,False,Discharged,N/A,Both pathology and imaging,"Major (intubation, chest drain, resuscitation)",False,False,72.5,False,False,False
ED-021011,HGH,2025-01-06 22:37:00,Mon,Ambulance,P-04904,34,Adult (25-44),F,3,2025-01-06 22:40:00,3.0,Injury/trauma,Fracture - suspected lower limb/hip,2025-01-06 23:21:06,41.1,Nurse practitioner,2025-01-07 05:32:00,415,False,Admitted,CCU,Both pathology and imaging,None,False,False,94.8,False,False,False
ED-021032,HGH,2025-01-07 08:54:00,Tue,Inter-hospital transfer,P-05049,65,Older adult (65-79),F,5,2025-01-07 08:57:12,3.2,Abdominal pain,Abdominal pain - non-specific/chronic,2025-01-07 09:50:54,53.7,Resident/HMO,2025-01-07 09:38:00,44,True,Discharged,N/A,Imaging only,"Minor (suturing, splinting, wound care)",False,False,96.3,False,False,False
ED-021073,HGH,2025-01-07 13:25:00,Tue,Walk-in,P-28216,35,Adult (25-44),F,3,2025-01-07 13:30:54,5.9,Mental health,Psychosis / acute behavioural disturbance,2025-01-07 13:58:00,27.1,Resident/HMO,2025-01-07 19:34:00,369,False,Admitted,Mental health,Imaging only,None,False,False,89.0,False,True,False
ED-021086,HGH,2025-01-07 15:24:00,Tue,Ambulance,P-02852,67,Older adult (65-79),M,3,2025-01-07 15:27:12,3.2,Injury/trauma,Fall - long lie >1hr / elderly,2025-01-07 15:31:24,4.2,Registrar,2025-01-07 17:37:00,133,True,Discharged,N/A,Both pathology and imaging,None,False,False,94.3,False,False,False
ED-021128,HGH,2025-01-08 07:19:00,Wed,Walk-in,P-14542,40,Adult (25-44),F,4,2025-01-08 07:21:54,2.9,Musculoskeletal,Back pain - acute,2025-01-08 08:00:06,38.2,Resident/HMO,2025-01-08 10:43:00,204,True,Discharged,N/A,None,None,False,False,81.3,False,False,False
ED-021144,HGH,2025-01-08 09:19:00,Wed,Police/corrections,P-23882,31,Adult (25-44),F,3,2025-01-08 09:22:12,3.2,Neurological,Stroke/TIA symptoms,2025-01-08 09:34:12,12.0,Emergency physician,2025-01-08 12:07:00,168,True,Admitted,Medical,Pathology only,None,False,False,54.8,False,False,False
ED-021173,HGH,2025-01-08 13:00:00,Wed,Ambulance,P-12245,101,Elderly (80+),M,3,2025-01-08 13:03:36,3.6,General unwell/sepsis-query,Febrile - query sepsis,2025-01-08 13:29:42,26.1,Registrar,2025-01-08 17:28:00,268,False,Discharged,N/A,Both pathology and imaging,"Minor (suturing, splinting, wound care)",True,False,86.7,False,False,False
ED-021175,HGH,2025-01-08 13:05:00,Wed,Walk-in,P-00155,49,Middle-aged (45-64),F,5,2025-01-08 13:08:42,3.7,Respiratory,Cough / upper respiratory symptoms,2025-01-08 14:12:12,63.5,Resident/HMO,2025-01-08 14:53:00,108,True,Discharged,N/A,None,"Major (intubation, chest drain, resuscitation)",True,False,97.3,False,False,False
ED-021179,HGH,2025-01-08 13:32:00,Wed,Walk-in,P-15579,58,Middle-aged (45-64),F,4,2025-01-08 13:46:24,14.4,Mental health,Suicidal ideation / self-harm,2025-01-08 15:17:42,91.3,GP-in-ED,2025-01-08 20:42:00,430,False,Admitted,Mental health,None,None,True,False,99.9,False,True,False
ED-021208,HGH,2025-01-08 16:54:00,Wed,Walk-in,P-01894,33,Adult (25-44),M,5,2025-01-08 16:56:24,2.4,Ophthalmological,Eye injury / foreign body,2025-01-08 20:16:48,200.4,Registrar,2025-01-08 18:42:00,108,True,Discharged,N/A,Pathology only,"Minor (suturing, splinting, wound care)",False,False,92.4,False,False,False
ED-021294,HGH,2025-01-09 14:58:00,Thu,Walk-in,P-04834,51,Middle-aged (45-64),M,4,2025-01-09 15:01:48,3.8,General unwell/sepsis-query,Generally unwell / reduced oral intake,2025-01-09 16:19:30,77.7,Resident/HMO,2025-01-09 18:08:00,190,True,Discharged,N/A,None,None,False,False,68.3,False,False,False
ED-021362,HGH,2025-01-10 10:35:00,Fri,Walk-in,P-23650,89,Elderly (80+),F,3,2025-01-10 10:38:30,3.5,Skin/wound,Abscess,2025-01-10 10:51:42,13.2,Resident/HMO,2025-01-10 14:23:00,228,True,Discharged,N/A,None,"Minor (suturing, splinting, wound care)",False,False,96.9,False,False,False
ED-021393,HGH,2025-01-10 14:50:00,Fri,Walk-in,P-30680,98,Elderly (80+),F,5,2025-01-10 14:53:06,3.1,Respiratory,Asthma exacerbation,2025-01-10 16:16:54,83.8,Nurse practitioner,2025-01-10 16:52:00,122,True,Discharged,N/A,Pathology only,None,False,False,95.9,False,False,False
ED-021413,HGH,2025-01-10 17:45:00,Fri,Walk-in,P-28531,77,Older adult (65-79),M,4,2025-01-10 17:54:36,9.6,Cardiac arrhythmia,Palpitations - benign/known,2025-01-10 19:36:12,101.6,Resident/HMO,2025-01-10 20:13:00,148,True,Discharged,N/A,Pathology only,None,False,False,87.6,False,False,True
ED-021486,HGH,2025-01-11 13:17:00,Sat,Ambulance,P-19575,57,Middle-aged (45-64),M,4,2025-01-11 13:18:36,1.6,Injury/trauma,Fall - mechanical (no LOC),2025-01-11 13:53:06,34.5,Registrar,2025-01-11 14:43:00,86,True,Discharged,N/A,Imaging only,None,False,False,89.2,False,False,False
ED-021555,HGH,2025-01-12 08:39:00,Sun,Walk-in,P-13621,65,Older adult (65-79),F,4,2025-01-12 08:43:36,4.6,Neurological,Headache - severe/thunderclap,2025-01-12 11:01:12,137.6,Resident/HMO,2025-01-12 11:25:00,166,True,Did not wait (DNW),N/A,Pathology only,None,False,False,80.2,False,False,False
ED-021620,HGH,2025-01-12 22:11:00,Sun,Walk-in,P-11419,36,Adult (25-44),M,2,2025-01-12 22:15:42,4.7,Respiratory,Asthma exacerbation,2025-01-12 22:21:24,5.7,Registrar,2025-01-13 03:57:00,346,False,Discharged,N/A,Both pathology and imaging,"Moderate (procedural sedation, reduction, abscess I&D)",False,False,61.7,False,False,False
ED-021649,HGH,2025-01-13 10:30:00,Mon,Walk-in,P-10169,49,Middle-aged (45-64),M,4,2025-01-13 10:35:30,5.5,Injury/trauma,Laceration - upper limb,2025-01-13 13:18:18,162.8,Registrar,2025-01-13 12:18:00,108,True,Discharged,N/A,Imaging only,None,False,False,87.4,False,False,False
ED-021657,HGH,2025-01-13 11:22:00,Mon,Walk-in,P-28657,18,Young adult (16-24),F,4,2025-01-13 11:27:42,5.7,Obstetric/gynaecological,Vaginal bleeding - early pregnancy,2025-01-13 11:50:48,23.1,GP-in-ED,2025-01-13 15:43:00,261,False,Discharged,N/A,None,None,False,False,98.9,False,False,False
ED-021679,HGH,2025-01-13 14:37:00,Mon,Ambulance,P-16487,41,Adult (25-44),M,4,2025-01-13 14:39:54,2.9,Chest pain,Chest pain - non-cardiac/musculoskeletal,2025-01-13 16:07:36,87.7,Emergency physician,2025-01-13 20:09:00,332,False,Discharged,N/A,Imaging only,"Moderate (procedural sedation, reduction, abscess I&D)",False,False,39.5,False,False,False
ED-021686,HGH,2025-01-13 15:31:00,Mon,Ambulance,P-10670,39,Adult (25-44),F,4,2025-01-13 15:34:36,3.6,Chest pain,Chest pain - cardiac features,2025-01-13 16:01:06,26.5,Nurse practitioner,2025-01-13 17:42:00,131,True,Discharged,N/A,Pathology only,None,False,False,92.4,False,False,False
ED-021693,HGH,2025-01-13 15:52:00,Mon,Walk-in,P-30122,18,Young adult (16-24),F,4,2025-01-13 15:57:12,5.2,Injury/trauma,Fracture - suspected upper limb,2025-01-13 17:18:54,81.7,Nurse practitioner,2025-01-13 17:42:00,110,True,Did not wait (DNW),N/A,None,None,False,False,99.4,False,False,False
ED-021730,HGH,2025-01-14 00:41:00,Tue,Walk-in,P-01289,63,Middle-aged (45-64),F,3,2025-01-14 00:48:42,7.7,Respiratory,Shortness of breath - acute,2025-01-14 01:14:12,25.5,Registrar,2025-01-14 02:23:00,102,True,Admitted,CCU,Both pathology and imaging,None,False,False,89.7,False,False,False
ED-021796,HGH,2025-01-14 17:29:00,Tue,Ambulance,P-03474,21,Young adult (16-24),F,3,2025-01-14 17:33:30,4.5,Urological/renal,Renal colic / ureteric pain,2025-01-14 18:10:18,36.8,GP-in-ED,2025-01-14 20:59:00,210,True,Discharged,N/A,None,None,False,False,101.2,False,False,False
ED-021812,HGH,2025-01-14 22:19:00,Tue,Walk-in,P-29954,54,Middle-aged (45-64),F,4,2025-01-14 22:28:00,9.0,General unwell/sepsis-query,Generally unwell / reduced oral intake,2025-01-14 23:08:00,40.0,Nurse practitioner,2025-01-15 02:48:00,269,False,Discharged,N/A,Imaging only,"Moderate (procedural sedation, reduction, abscess I&D)",False,False,96.4,False,False,False
ED-021856,HGH,2025-01-15 09:26:00,Wed,Walk-in,P-30746,20,Young adult (16-24),M,2,2025-01-15 09:29:18,3.3,Gastrointestinal,Nausea and vomiting,2025-01-15 09:37:12,7.9,Registrar,2025-01-15 17:16:00,470,False,Discharged,N/A,Both pathology and imaging,"Moderate (procedural sedation, reduction, abscess I&D)",False,False,102.7,False,False,False
ED-021870,HGH,2025-01-15 11:31:00,Wed,Ambulance,P-30785,45,Middle-aged (45-64),M,2,2025-01-15 11:36:12,5.2,Cardiac arrhythmia,Palpitations - new AF/SVT,2025-01-15 11:40:18,4.1,Emergency physician,2025-01-15 14:22:00,171,True,Short stay unit,Short stay unit,Both pathology and imaging,"Minor (suturing, splinting, wound care)",False,False,71.2,False,False,False
ED-021937,HGH,2025-01-16 07:27:00,Thu,Walk-in,P-03093,48,Middle-aged (45-64),M,4,2025-01-16 07:29:24,2.4,Musculoskeletal,Back pain - acute,2025-01-16 08:09:06,39.7,Resident/HMO,2025-01-16 09:37:00,130,True,Discharged,N/A,Both pathology and imaging,None,False,False,85.6,False,False,False
ED-021948,HGH,2025-01-16 09:39:00,Thu,Walk-in,P-23288,82,Elderly (80+),M,5,2025-01-16 09:40:48,1.8,Musculoskeletal,Joint pain / swelling,2025-01-16 10:18:24,37.6,Nurse practitioner,2025-01-16 11:09:00,90,True,Discharged,N/A,None,None,False,False,90.6,False,False,False
ED-021953,HGH,2025-01-16 10:54:00,Thu,Walk-in,P-13309,49,Middle-aged (45-64),M,2,2025-01-16 10:58:48,4.8,Injury/trauma,Head injury - minor (GCS 15),2025-01-16 11:01:30,2.7,Emergency physician,2025-01-16 14:30:00,216,True,Discharged,N/A,Both pathology and imaging,None,False,False,89.9,False,False,False
ED-022056,HGH,2025-01-17 11:03:00,Fri,Ambulance,P-03914,35,Adult (25-44),M,3,2025-01-17 11:06:12,3.2,Respiratory,Shortness of breath - acute,2025-01-17 12:21:24,75.2,Emergency physician,2025-01-17 16:19:00,316,False,Admitted,CCU,Both pathology and imaging,"Minor (suturing, splinting, wound care)",False,False,104.0,False,False,False
ED-022069,HGH,2025-01-17 12:04:00,Fri,Ambulance,P-01552,42,Adult (25-44),F,3,2025-01-17 12:12:00,8.0,Injury/trauma,Fall - long lie >1hr / elderly,2025-01-17 12:43:12,31.2,Registrar,2025-01-17 14:04:00,120,True,Admitted,Short stay unit,Both pathology and imaging,"Minor (suturing, splinting, wound care)",False,False,86.2,False,False,False
ED-022099,HGH,2025-01-17 16:21:00,Fri,Inter-hospital transfer,P-34410,36,Adult (25-44),M,3,2025-01-17 16:24:36,3.6,Abdominal pain,Abdominal pain - acute,2025-01-17 16:47:36,23.0,Emergency physician,2025-01-17 17:44:00,83,True,Admitted,Short stay unit,Imaging only,None,False,False,88.1,False,False,False
ED-022111,HGH,2025-01-17 19:20:00,Fri,Walk-in,P-12430,38,Adult (25-44),F,4,2025-01-17 19:25:00,5.0,Injury/trauma,Fall - mechanical (no LOC),2025-01-17 20:02:18,37.3,Nurse practitioner,2025-01-17 21:38:00,138,True,Admitted,Medical,Both pathology and imaging,None,False,False,94.1,False,False,False
ED-022329,HGH,2025-01-19 18:41:00,Sun,Walk-in,P-08550,56,Middle-aged (45-64),M,4,2025-01-19 18:51:06,10.1,ENT,Epistaxis,2025-01-19 19:26:48,35.7,Nurse practitioner,2025-01-19 20:41:00,120,True,Discharged,N/A,Imaging only,None,False,False,90.6,False,False,False
ED-022521,HGH,2025-01-21 14:30:00,Tue,Walk-in,P-08712,45,Middle-aged (45-64),F,3,2025-01-21 14:33:42,3.7,Mental health,Suicidal ideation / self-harm,2025-01-21 14:53:18,19.6,Resident/HMO,2025-01-21 19:04:00,274,False,Discharged,N/A,Pathology only,"Major (intubation, chest drain, resuscitation)",False,False,67.2,False,True,True
ED-022542,HGH,2025-01-21 18:43:00,Tue,Walk-in,P-01565,18,Young adult (16-24),M,2,2025-01-21 18:48:48,5.8,Chest pain,Chest pain - cardiac features,2025-01-21 18:53:18,4.5,Registrar,2025-01-21 22:05:00,202,True,Admitted,Medical,Both pathology and imaging,"Moderate (procedural sedation, reduction, abscess I&D)",False,False,94.6,False,False,False
ED-022616,HGH,2025-01-22 13:45:00,Wed,Ambulance,P-18928,55,Middle-aged (45-64),F,2,2025-01-22 13:47:24,2.4,Neurological,Seizure - resolved,2025-01-22 13:56:00,8.6,Resident/HMO,2025-01-22 19:10:00,325,False,Admitted,CCU,Both pathology and imaging,"Minor (suturing, splinting, wound care)",False,False,68.4,False,False,False
ED-022630,HGH,2025-01-22 16:11:00,Wed,Walk-in,P-29409,42,Adult (25-44),F,3,2025-01-22 16:13:36,2.6,Respiratory,COPD exacerbation,2025-01-22 16:26:54,13.3,Resident/HMO,2025-01-22 18:36:00,145,True,Discharged,N/A,Both pathology and imaging,None,False,False,83.5,False,False,False
ED-022762,HGH,2025-01-23 23:37:00,Thu,Ambulance,P-00826,58,Middle-aged (45-64),F,3,2025-01-23 23:41:18,4.3,Neurological,Headache - tension/migraine,2025-01-24 00:06:24,25.1,Resident/HMO,2025-01-24 03:41:00,244,False,Discharged,N/A,Both pathology and imaging,"Moderate (procedural sedation, reduction, abscess I&D)",False,True,85.2,False,False,False
ED-022834,HGH,2025-01-24 17:42:00,Fri,Walk-in,P-08099,45,Middle-aged (45-64),F,3,2025-01-24 17:44:30,2.5,Respiratory,Asthma exacerbation,2025-01-24 18:38:30,54.0,Resident/HMO,2025-01-24 20:25:00,163,True,Discharged,N/A,Both pathology and imaging,None,False,False,87.8,False,False,False
ED-022862,HGH,2025-01-25 03:05:00,Sat,Walk-in,P-18174,30,Adult (25-44),F,2,2025-01-25 03:07:36,2.6,Cardiac arrhythmia,Palpitations - benign/known,2025-01-25 03:15:36,8.0,Nurse practitioner,2025-01-25 09:01:00,356,False,Discharged,N/A,Both pathology and imaging,None,False,False,95.6,False,False,False
ED-022923,HGH,2025-01-25 15:16:00,Sat,Ambulance,P-30565,41,Adult (25-44),F,1,2025-01-25 15:16:00,0.0,Chest pain,Chest pain - cardiac features,2025-01-25 15:16:42,0.7,Nurse practitioner,2025-01-25 19:38:00,262,False,Admitted,ICU,Both pathology and imaging,"Major (intubation, chest drain, resuscitation)",False,True,44.0,False,False,False
ED-022977,HGH,2025-01-26 02:34:00,Sun,Ambulance,P-17454,52,Middle-aged (45-64),F,3,2025-01-26 02:42:48,8.8,General unwell/sepsis-query,Febrile - query sepsis,2025-01-26 03:04:06,21.3,Emergency physician,2025-01-26 07:21:00,287,False,Admitted,Medical,Pathology only,"Moderate (procedural sedation, reduction, abscess I&D)",False,False,36.5,False,False,False
ED-022998,HGH,2025-01-26 11:20:00,Sun,Ambulance,P-24401,16,Young adult (16-24),M,4,2025-01-26 11:24:06,4.1,Respiratory,Shortness of breath - acute,2025-01-26 11:56:48,32.7,GP-in-ED,2025-01-26 12:20:00,60,True,Did not wait (DNW),N/A,Pathology only,None,False,False,68.0,False,False,False
ED-023048,HGH,2025-01-27 00:56:00,Mon,Walk-in,P-24751,86,Elderly (80+),F,3,2025-01-27 00:58:42,2.7,Mental health,Suicidal ideation / self-harm,2025-01-27 01:31:12,32.5,Registrar,2025-01-27 05:24:00,268,False,Discharged,N/A,Pathology only,"Minor (suturing, splinting, wound care)",False,False,72.6,False,True,False
ED-023176,HGH,2025-01-28 09:01:00,Tue,Walk-in,P-11592,54,Middle-aged (45-64),F,3,2025-01-28 09:22:12,21.2,Ophthalmological,Acute vision loss / eye pain,2025-01-28 10:06:12,44.0,Registrar,2025-01-28 13:03:00,242,False,Discharged,N/A,None,"Major (intubation, chest drain, resuscitation)",False,False,113.4,False,False,False
ED-023192,HGH,2025-01-28 11:12:00,Tue,Walk-in,P-12627,55,Middle-aged (45-64),F,4,2025-01-28 11:18:24,6.4,Injury/trauma,Laceration - facial/scalp,2025-01-28 12:03:48,45.4,Nurse practitioner,2025-01-28 11:58:00,46,True,Admitted,Surgical,Pathology only,None,False,False,94.5,False,False,False
ED-023251,HGH,2025-01-28 22:23:00,Tue,Walk-in,P-20919,58,Middle-aged (45-64),M,4,2025-01-28 22:28:48,5.8,Injury/trauma,Fall - mechanical (no LOC),2025-01-28 23:36:36,67.8,GP-in-ED,2025-01-29 00:15:00,112,True,Discharged,N/A,Pathology only,None,False,False,76.5,False,False,False
ED-023260,HGH,2025-01-29 00:45:00,Wed,Ambulance,P-08005,80,Elderly (80+),M,4,2025-01-29 00:50:12,5.2,Respiratory,Asthma exacerbation,2025-01-29 01:26:54,36.7,Nurse practitioner,2025-01-29 03:31:00,166,True,Admitted,Medical,None,None,False,False,69.6,False,False,True
ED-023302,HGH,2025-01-29 12:58:00,Wed,Walk-in,P-31864,20,Young adult (16-24),M,4,2025-01-29 13:00:12,2.2,Neurological,Headache - tension/migraine,2025-01-29 13:34:24,34.2,Registrar,2025-01-29 16:56:00,238,True,Discharged,N/A,Pathology only,None,False,False,61.0,False,False,False
ED-023353,HGH,2025-01-29 20:37:00,Wed,Walk-in,P-16775,84,Elderly (80+),M,3,2025-01-29 20:39:36,2.6,Injury/trauma,Head injury - minor (GCS 15),2025-01-29 21:46:18,66.7,GP-in-ED,2025-01-30 04:02:00,445,False,Discharged,N/A,Imaging only,None,False,False,55.1,False,False,False
ED-023375,HGH,2025-01-30 06:52:00,Thu,Ambulance,P-24960,32,Adult (25-44),M,2,2025-01-30 06:54:06,2.1,Injury/trauma,Fall - long lie >1hr / elderly,2025-01-30 07:14:12,20.1,Registrar,2025-01-30 10:28:00,216,True,Admitted,Orthopaedic,Both pathology and imaging,"Minor (suturing, splinting, wound care)",False,False,93.3,False,False,False
ED-023389,HGH,2025-01-30 09:35:00,Thu,Walk-in,P-27791,32,Adult (25-44),M,5,2025-01-30 09:40:54,5.9,Mental health,Anxiety / panic,2025-01-30 11:57:24,136.5,Nurse practitioner,2025-01-30 17:59:00,504,False,Discharged,N/A,None,None,False,False,61.1,False,True,False
ED-023425,HGH,2025-01-30 15:20:00,Thu,Walk-in,P-23972,32,Adult (25-44),F,4,2025-01-30 15:26:42,6.7,ENT,Epistaxis,2025-01-30 16:07:48,41.1,Nurse practitioner,2025-01-30 17:08:00,108,True,Discharged,N/A,Both pathology and imaging,None,False,False,86.0,False,False,False
ED-023440,HGH,2025-01-30 19:24:00,Thu,Walk-in,P-28384,21,Young adult (16-24),F,3,2025-01-30 19:27:54,3.9,Injury/trauma,Fall - mechanical (no LOC),2025-01-30 19:47:36,19.7,Registrar,2025-01-31 00:03:00,279,False,Discharged,N/A,None,"Moderate (procedural sedation, reduction, abscess I&D)",False,False,83.4,False,False,False
ED-023452,HGH,2025-01-30 22:08:00,Thu,Walk-in,P-14191,54,Middle-aged (45-64),M,3,2025-01-30 22:10:24,2.4,Injury/trauma,Fall - long lie >1hr / elderly,2025-01-30 22:16:54,6.5,Nurse practitioner,2025-01-31 02:30:00,262,False,Admitted,Surgical,Imaging only,"Minor (suturing, splinting, wound care)",False,False,59.9,False,False,False
ED-023456,HGH,2025-01-30 23:46:00,Thu,Walk-in,P-23492,52,Middle-aged (45-64),M,3,2025-01-30 23:47:24,1.4,Abdominal pain,Abdominal pain - acute,2025-01-31 00:12:42,25.3,Emergency physician,2025-01-31 03:44:00,238,True,Discharged,N/A,Both pathology and imaging,None,False,False,86.5,False,False,False
ED-023471,HGH,2025-01-31 07:15:00,Fri,Walk-in,P-25298,102,Elderly (80+),F,4,2025-01-31 07:20:00,5.0,ENT,Sore throat / tonsillar,2025-01-31 08:10:18,50.3,GP-in-ED,2025-01-31 08:17:00,62,True,Discharged,N/A,None,"Minor (suturing, splinting, wound care)",False,False,91.7,False,False,False
ED-023487,HGH,2025-01-31 11:13:00,Fri,Ambulance,P-16151,65,Older adult (65-79),F,3,2025-01-31 11:16:18,3.3,Abdominal pain,Abdominal pain - acute,2025-01-31 11:27:00,10.7,Nurse practitioner,2025-01-31 12:49:00,96,True,Discharged,N/A,Both pathology and imaging,"Moderate (procedural sedation, reduction, abscess I&D)",False,False,71.7,False,False,True
ED-023492,HGH,2025-01-31 11:51:00,Fri,Walk-in,P-28338,56,Middle-aged (45-64),M,5,2025-01-31 11:53:24,2.4,Other,Medication issue / script,2025-01-31 12:36:30,43.1,Resident/HMO,2025-01-31 12:35:00,44,True,Short stay unit,Short stay unit,Imaging only,None,False,False,53.0,False,False,False
ED-023498,HGH,2025-01-31 12:22:00,Fri,Walk-in,P-13095,65,Older adult (65-79),M,2,2025-01-31 12:28:54,6.9,Respiratory,Shortness of breath - acute,2025-01-31 12:47:30,18.6,Emergency physician,2025-01-31 16:31:00,249,False,Admitted,Paediatric,Both pathology and imaging,"Major (intubation, chest drain, resuscitation)",False,False,88.7,False,False,False
ED-023513,HGH,2025-01-31 14:44:00,Fri,Ambulance,P-03808,66,Older adult (65-79),F,4,2025-01-31 14:48:18,4.3,Respiratory,Shortness of breath - acute,2025-01-31 17:29:18,161.0,Registrar,2025-01-31 17:21:00,157,True,Discharged,N/A,Both pathology and imaging,None,True,False,73.0,False,False,False
ED-023526,HGH,2025-01-31 16:17:00,Fri,Walk-in,P-18577,64,Middle-aged (45-64),M,3,2025-01-31 16:21:00,4.0,General unwell/sepsis-query,Febrile - query sepsis,2025-01-31 17:14:12,53.2,Nurse practitioner,2025-01-31 20:47:00,270,False,Discharged,N/A,Both pathology and imaging,None,False,False,77.3,False,False,False
ED-023537,HGH,2025-01-31 17:48:00,Fri,Walk-in,P-34902,22,Young adult (16-24),F,4,2025-01-31 17:53:12,5.2,Poisoning/overdose,Intentional overdose,2025-01-31 18:36:12,43.0,Resident/HMO,2025-01-31 20:01:00,133,True,Discharged,N/A,Imaging only,None,True,False,97.4,False,False,False
ED-023560,HGH,2025-01-31 20:42:00,Fri,Ambulance,P-13604,26,Adult (25-44),M,3,2025-01-31 20:45:12,3.2,Injury/trauma,Fracture - suspected lower limb/hip,2025-01-31 21:14:42,29.5,Nurse practitioner,2025-01-31 23:40:00,178,True,Discharged,N/A,Both pathology and imaging,None,False,False,91.3,False,False,False
ED-023622,HGH,2025-02-01 13:04:00,Sat,Walk-in,P-14710,52,Middle-aged (45-64),F,3,2025-02-01 13:10:18,6.3,Chest pain,Chest pain - pleuritic,2025-02-01 13:28:00,17.7,Resident/HMO,2025-02-01 15:05:00,121,True,Short stay unit,Short stay unit,Pathology only,None,False,False,83.6,False,False,False
ED-023654,HGH,2025-02-01 18:35:00,Sat,Helicopter/retrieval,P-04112,52,Middle-aged (45-64),M,4,2025-02-01 18:43:00,8.0,Urological/renal,UTI symptoms,2025-02-01 19:19:18,36.3,Nurse practitioner,2025-02-01 19:40:00,65,True,Discharged,N/A,Pathology only,None,False,False,97.5,False,False,True
ED-023741,HGH,2025-02-02 18:02:00,Sun,Walk-in,P-13135,49,Middle-aged (45-64),M,4,2025-02-02 18:05:48,3.8,Injury/trauma,Laceration - facial/scalp,2025-02-02 18:46:54,41.1,Resident/HMO,2025-02-02 20:13:00,131,True,Discharged,N/A,Both pathology and imaging,None,False,False,89.6,False,False,False
ED-023749,HGH,2025-02-02 19:17:00,Sun,Ambulance,P-30856,54,Middle-aged (45-64),M,3,2025-02-02 19:19:36,2.6,General unwell/sepsis-query,Febrile - query sepsis,2025-02-02 21:14:06,114.5,Resident/HMO,2025-02-03 02:05:00,408,False,Admitted,Short stay unit,Both pathology and imaging,"Moderate (procedural sedation, reduction, abscess I&D)",False,False,71.2,False,False,False
ED-023816,HGH,2025-02-03 11:43:00,Mon,Walk-in,P-07139,67,Older adult (65-79),M,4,2025-02-03 11:48:18,5.3,Injury/trauma,Fall - mechanical (no LOC),2025-02-03 12:35:36,47.3,Nurse practitioner,2025-02-03 15:51:00,248,False,Discharged,N/A,Pathology only,None,False,False,43.3,False,False,False
ED-023852,HGH,2025-02-03 18:03:00,Mon,Ambulance,P-10348,38,Adult (25-44),F,2,2025-02-03 18:04:42,1.7,Neurological,Stroke/TIA symptoms,2025-02-03 18:19:48,15.1,Emergency physician,2025-02-03 21:33:00,210,True,Admitted,CCU,Both pathology and imaging,"Minor (suturing, splinting, wound care)",False,False,90.2,False,False,False
ED-023881,HGH,2025-02-04 00:04:00,Tue,Police/corrections,P-18439,41,Adult (25-44),F,3,2025-02-04 00:08:36,4.6,Chest pain,Chest pain - cardiac features,2025-02-04 00:21:06,12.5,Emergency physician,2025-02-04 04:48:00,284,False,Admitted,Medical,Pathology only,"Minor (suturing, splinting, wound care)",False,False,80.7,False,False,False
ED-023903,HGH,2025-02-04 08:26:00,Tue,Walk-in,P-13458,43,Adult (25-44),F,5,2025-02-04 08:29:48,3.8,Abdominal pain,Abdominal pain - acute,2025-02-04 09:42:36,72.8,Registrar,2025-02-04 09:42:00,76,True,Short stay unit,Short stay unit,Imaging only,None,False,False,69.8,False,False,False
ED-024019,HGH,2025-02-05 09:26:00,Wed,Ambulance,P-19879,13,Paediatric (0-15),F,4,2025-02-05 09:33:00,7.0,Mental health,Anxiety / panic,2025-02-05 10:26:42,53.7,Nurse practitioner,2025-02-05 16:21:00,415,False,Discharged,N/A,None,None,False,False,97.3,False,True,False
ED-024078,HGH,2025-02-05 18:14:00,Wed,Walk-in,P-16529,29,Adult (25-44),F,4,2025-02-05 18:21:00,7.0,Respiratory,Cough / upper respiratory symptoms,2025-02-05 19:08:36,47.6,Emergency physician,2025-02-05 20:46:00,152,True,Discharged,N/A,Both pathology and imaging,None,False,False,70.7,False,False,False
ED-024153,HGH,2025-02-06 12:23:00,Thu,Walk-in,P-05167,29,Adult (25-44),M,5,2025-02-06 12:27:00,4.0,ENT,Foreign body - ear/nose/throat,2025-02-06 14:41:36,134.6,Resident/HMO,2025-02-06 15:01:00,158,True,Discharged,N/A,None,None,False,False,91.9,False,False,False
ED-024175,HGH,2025-02-06 17:06:00,Thu,Ambulance,P-17443,33,Adult (25-44),F,3,2025-02-06 17:09:36,3.6,Injury/trauma,Fracture - suspected lower limb/hip,2025-02-06 17:50:24,40.8,Registrar,2025-02-06 21:47:00,281,False,Discharged,N/A,Both pathology and imaging,None,False,False,96.8,False,False,False
ED-024208,HGH,2025-02-07 04:34:00,Fri,Walk-in,P-24173,36,Adult (25-44),F,3,2025-02-07 04:41:24,7.4,Mental health,Suicidal ideation / self-harm,2025-02-07 05:06:30,25.1,GP-in-ED,2025-02-07 10:09:00,335,False,Discharged,N/A,Both pathology and imaging,None,False,False,77.8,False,True,False
ED-024214,HGH,2025-02-07 08:18:00,Fri,Walk-in,P-21178,65,Older adult (65-79),M,4,2025-02-07 08:23:36,5.6,Injury/trauma,Fall - mechanical (no LOC),2025-02-07 09:21:18,57.7,GP-in-ED,2025-02-07 10:20:00,122,True,Discharged,N/A,Imaging only,None,False,False,76.6,False,False,False
ED-024332,HGH,2025-02-08 12:24:00,Sat,Walk-in,P-07271,40,Adult (25-44),F,3,2025-02-08 12:26:48,2.8,Urological/renal,Renal colic / ureteric pain,2025-02-08 13:39:06,72.3,Nurse practitioner,2025-02-08 14:20:00,116,True,Discharged,N/A,Pathology only,None,False,False,88.6,False,False,False
ED-024338,HGH,2025-02-08 12:42:00,Sat,Ambulance,P-14858,91,Elderly (80+),F,5,2025-02-08 12:46:12,4.2,Neurological,Dizziness / vertigo,2025-02-08 15:18:12,152.0,Nurse practitioner,2025-02-08 14:14:00,92,True,Discharged,N/A,None,None,True,False,99.8,False,False,False
ED-024474,HGH,2025-02-09 19:10:00,Sun,Ambulance,P-15743,70,Older adult (65-79),M,5,2025-02-09 19:17:42,7.7,Neurological,Syncope / collapse,2025-02-09 22:41:48,204.1,Registrar,2025-02-09 20:38:00,88,True,Discharged,N/A,None,None,False,False,93.9,False,False,False
ED-024476,HGH,2025-02-09 19:17:00,Sun,Walk-in,P-30063,85,Elderly (80+),M,2,2025-02-09 19:19:42,2.7,Respiratory,COPD exacerbation,2025-02-09 19:45:54,26.2,Registrar,2025-02-09 22:11:00,174,True,Admitted,Medical,Both pathology and imaging,"Moderate (procedural sedation, reduction, abscess I&D)",False,False,105.3,False,False,False
ED-024507,HGH,2025-02-10 07:16:00,Mon,Walk-in,P-18951,75,Older adult (65-79),F,3,2025-02-10 07:20:48,4.8,Neurological,Headache - severe/thunderclap,2025-02-10 07:39:42,18.9,Registrar,2025-02-10 10:50:00,214,True,Discharged,N/A,None,"Moderate (procedural sedation, reduction, abscess I&D)",False,False,73.0,False,False,False
ED-024581,HGH,2025-02-10 19:09:00,Mon,Walk-in,P-09654,30,Adult (25-44),F,4,2025-02-10 19:12:00,3.0,Injury/trauma,Laceration - upper limb,2025-02-10 20:26:06,74.1,Nurse practitioner,2025-02-10 22:41:00,212,True,Discharged,N/A,None,"Minor (suturing, splinting, wound care)",False,False,85.1,False,False,True
ED-024607,HGH,2025-02-11 05:26:00,Tue,Walk-in,P-08740,1,Paediatric (0-15),F,2,2025-02-11 05:29:06,3.1,Paediatric febrile,Febrile child (<5yr),2025-02-11 05:40:12,11.1,Resident/HMO,2025-02-11 11:14:00,348,False,Discharged,N/A,Both pathology and imaging,None,False,False,95.2,False,False,False
ED-024709,HGH,2025-02-11 23:45:00,Tue,Walk-in,P-31596,87,Elderly (80+),M,4,2025-02-11 23:50:54,5.9,Urological/renal,Renal colic / ureteric pain,2025-02-12 00:20:42,29.8,Emergency physician,2025-02-12 02:37:00,172,True,Admitted,Surgical,Pathology only,None,False,False,88.6,False,False,False
ED-024714,HGH,2025-02-12 00:46:00,Wed,Walk-in,P-01843,24,Young adult (16-24),F,4,2025-02-12 00:50:54,4.9,Chest pain,Chest pain - pleuritic,2025-02-12 02:26:12,95.3,Nurse practitioner,2025-02-12 03:53:00,187,True,Admitted,Surgical,Both pathology and imaging,None,False,False,95.1,False,False,True
ED-024725,HGH,2025-02-12 06:22:00,Wed,Walk-in,P-10188,69,Older adult (65-79),F,4,2025-02-12 06:24:48,2.8,Urological/renal,Renal colic / ureteric pain,2025-02-12 07:18:18,53.5,Nurse practitioner,2025-02-12 08:14:00,112,True,Discharged,N/A,Imaging only,None,True,False,53.1,False,False,False
ED-024773,HGH,2025-02-12 13:01:00,Wed,Ambulance,P-06958,31,Adult (25-44),F,4,2025-02-12 13:03:48,2.8,Abdominal pain,Abdominal pain - RIF (? appendicitis),2025-02-12 13:23:54,20.1,GP-in-ED,2025-02-12 15:14:00,133,True,Discharged,N/A,Imaging only,None,False,False,66.2,False,False,False
ED-024776,HGH,2025-02-12 13:27:00,Wed,Walk-in,P-14626,60,Middle-aged (45-64),F,4,2025-02-12 13:32:36,5.6,Musculoskeletal,Back pain - acute,2025-02-12 14:05:30,32.9,GP-in-ED,2025-02-12 16:01:00,154,True,Admitted,Medical,Imaging only,"Minor (suturing, splinting, wound care)",False,False,78.3,False,False,False
ED-024900,HGH,2025-02-13 16:20:00,Thu,Walk-in,P-18553,30,Adult (25-44),F,4,2025-02-13 16:27:30,7.5,General unwell/sepsis-query,Generally unwell / reduced oral intake,2025-02-13 21:27:30,300.0,Emergency physician,2025-02-13 18:10:00,110,True,Admitted,Medical,Both pathology and imaging,None,False,False,67.9,False,False,False
ED-024915,HGH,2025-02-13 19:34:00,Thu,Ambulance,P-11650,82,Elderly (80+),F,4,2025-02-13 19:36:36,2.6,Abdominal pain,Abdominal pain - non-specific/chronic,2025-02-13 20:19:12,42.6,Nurse practitioner,2025-02-14 00:16:00,282,False,Discharged,N/A,Imaging only,"Minor (suturing, splinting, wound care)",False,False,80.7,False,False,False
ED-024927,HGH,2025-02-13 21:11:00,Thu,Walk-in,P-09346,76,Older adult (65-79),F,2,2025-02-13 21:15:54,4.9,Neurological,Headache - severe/thunderclap,2025-02-13 21:20:54,5.0,Emergency physician,2025-02-14 03:09:00,358,False,Discharged,N/A,Both pathology and imaging,None,False,False,73.5,False,False,False
ED-024957,HGH,2025-02-14 09:18:00,Fri,Ambulance,P-07567,72,Older adult (65-79),F,2,2025-02-14 09:20:54,2.9,Respiratory,Shortness of breath - acute,2025-02-14 09:31:36,10.7,Registrar,2025-02-14 16:08:00,410,False,Discharged,N/A,Pathology only,"Major (intubation, chest drain, resuscitation)",False,False,55.6,False,False,True
ED-025036,HGH,2025-02-14 23:02:00,Fri,Walk-in,P-31793,35,Adult (25-44),M,4,2025-02-14 23:05:18,3.3,Gastrointestinal,Nausea and vomiting,2025-02-15 00:35:00,89.7,Nurse practitioner,2025-02-15 00:41:00,99,True,Discharged,N/A,None,None,False,False,91.3,False,False,True
ED-025074,HGH,2025-02-15 10:49:00,Sat,Walk-in,P-01537,61,Middle-aged (45-64),F,3,2025-02-15 10:54:36,5.6,Mental health,Psychosis / acute behavioural disturbance,2025-02-15 11:03:24,8.8,Registrar,2025-02-15 16:19:00,330,False,Admitted,Mental health,Both pathology and imaging,None,False,False,87.8,False,True,False
ED-025108,HGH,2025-02-15 16:00:00,Sat,Walk-in,P-08899,32,Adult (25-44),F,3,2025-02-15 16:04:12,4.2,Respiratory,Shortness of breath - acute,2025-02-15 17:07:24,63.2,Resident/HMO,2025-02-15 19:41:00,221,True,Admitted,Short stay unit,Pathology only,None,False,False,64.6,False,False,False
ED-025186,HGH,2025-02-16 12:24:00,Sun,Ambulance,P-15880,55,Middle-aged (45-64),F,4,2025-02-16 12:26:12,2.2,Neurological,Headache - severe/thunderclap,2025-02-16 13:08:54,42.7,GP-in-ED,2025-02-16 16:17:00,233,True,Discharged,N/A,Both pathology and imaging,None,False,False,80.9,False,False,False
ED-025206,HGH,2025-02-16 15:57:00,Sun,Walk-in,P-11446,78,Older adult (65-79),M,4,2025-02-16 15:58:54,1.9,Injury/trauma,Fall - mechanical (no LOC),2025-02-16 16:21:24,22.5,Registrar,2025-02-16 17:59:00,122,True,Admitted,Medical,Both pathology and imaging,None,False,False,90.1,False,False,False
ED-025220,HGH,2025-02-16 19:22:00,Sun,Walk-in,P-04640,18,Young adult (16-24),M,5,2025-02-16 19:29:42,7.7,Injury/trauma,Fall - mechanical (no LOC),2025-02-16 23:48:54,259.2,Resident/HMO,2025-02-16 21:12:00,110,True,Short stay unit,Short stay unit,Pathology only,"Moderate (procedural sedation, reduction, abscess I&D)",False,False,93.1,False,False,True
ED-025224,HGH,2025-02-16 20:15:00,Sun,Walk-in,P-32813,43,Adult (25-44),M,5,2025-02-16 20:17:54,2.9,Injury/trauma,Burn - minor (<10% TBSA),2025-02-16 21:21:54,64.0,Nurse practitioner,2025-02-16 22:12:00,117,True,Discharged,N/A,Imaging only,None,False,False,94.4,False,False,False
ED-025257,HGH,2025-02-17 08:46:00,Mon,Walk-in,P-00607,24,Young adult (16-24),F,2,2025-02-17 08:52:24,6.4,Respiratory,Shortness of breath - acute,2025-02-17 09:00:42,8.3,Resident/HMO,2025-02-17 16:19:00,453,False,Admitted,ICU,Both pathology and imaging,"Moderate (procedural sedation, reduction, abscess I&D)",False,False,80.9,False,False,True
ED-025350,HGH,2025-02-17 23:34:00,Mon,Walk-in,P-28125,68,Older adult (65-79),M,2,2025-02-17 23:35:30,1.5,Gastrointestinal,GI bleed - haematemesis/melaena,2025-02-17 23:42:48,7.3,Emergency physician,2025-02-18 06:27:00,413,False,Admitted,Medical,Both pathology and imaging,"Moderate (procedural sedation, reduction, abscess I&D)",False,False,101.9,False,False,False
ED-025351,HGH,2025-02-18 00:02:00,Tue,Walk-in,P-27664,45,Middle-aged (45-64),F,2,2025-02-18 00:06:48,4.8,Mental health,Psychosis / acute behavioural disturbance,2025-02-18 00:13:12,6.4,Emergency physician,2025-02-18 06:53:00,411,False,Discharged,N/A,Both pathology and imaging,"Major (intubation, chest drain, resuscitation)",False,False,65.2,False,True,False
ED-025357,HGH,2025-02-18 03:56:00,Tue,Walk-in,P-27043,23,Young adult (16-24),F,4,2025-02-18 04:08:24,12.4,Obstetric/gynaecological,Pelvic pain,2025-02-18 04:24:30,16.1,Registrar,2025-02-18 08:00:00,244,False,Discharged,N/A,None,None,False,False,97.2,False,False,False
ED-025360,HGH,2025-02-18 07:18:00,Tue,Walk-in,P-34426,23,Young adult (16-24),M,4,2025-02-18 07:23:00,5.0,Skin/wound,Wound review / dressing change,2025-02-18 08:46:00,83.0,Resident/HMO,2025-02-18 09:15:00,117,True,Discharged,N/A,Pathology only,None,False,False,103.2,False,False,False
ED-025390,HGH,2025-02-18 11:49:00,Tue,Walk-in,P-06064,20,Young adult (16-24),F,3,2025-02-18 11:51:36,2.6,Mental health,Suicidal ideation / self-harm,2025-02-18 12:34:24,42.8,Nurse practitioner,2025-02-18 21:19:00,570,False,Discharged,N/A,Pathology only,"Major (intubation, chest drain, resuscitation)",False,False,94.2,False,True,True
ED-025429,HGH,2025-02-18 19:32:00,Tue,Walk-in,P-29087,54,Middle-aged (45-64),F,4,2025-02-18 19:34:30,2.5,Injury/trauma,Fall - mechanical (no LOC),2025-02-18 20:34:30,60.0,Resident/HMO,2025-02-18 22:05:00,153,True,Discharged,N/A,Both pathology and imaging,None,False,False,99.8,False,False,False
ED-025463,HGH,2025-02-19 09:12:00,Wed,Walk-in,P-25328,52,Middle-aged (45-64),M,5,2025-02-19 09:16:18,4.3,Respiratory,Cough / upper respiratory symptoms,2025-02-19 12:31:12,194.9,Registrar,2025-02-19 10:00:00,48,True,Discharged,N/A,None,None,False,False,91.6,False,False,False
ED-025577,HGH,2025-02-20 10:18:00,Thu,Walk-in,P-18986,102,Elderly (80+),F,4,2025-02-20 10:28:42,10.7,Skin/wound,Cellulitis,2025-02-20 11:59:24,90.7,Nurse practitioner,2025-02-20 16:45:00,387,False,Discharged,N/A,Pathology only,None,False,False,89.4,False,False,False
ED-025631,HGH,2025-02-20 19:52:00,Thu,Walk-in,P-00933,22,Young adult (16-24),F,2,2025-02-20 19:59:18,7.3,Injury/trauma,Fall - mechanical (no LOC),2025-02-20 20:04:24,5.1,Emergency physician,2025-02-21 00:41:00,289,False,Discharged,N/A,Pathology only,"Major (intubation, chest drain, resuscitation)",False,False,69.3,False,False,True
ED-025637,HGH,2025-02-20 21:15:00,Thu,Ambulance,P-29546,22,Young adult (16-24),M,2,2025-02-20 21:19:12,4.2,Mental health,Psychosis / acute behavioural disturbance,2025-02-20 21:29:24,10.2,Emergency physician,2025-02-21 02:29:00,314,False,Discharged,N/A,Pathology only,None,False,False,86.6,False,True,False
ED-025727,HGH,2025-02-22 00:13:00,Sat,Walk-in,P-22782,58,Middle-aged (45-64),M,3,2025-02-22 00:17:18,4.3,Mental health,Depression - acute presentation,2025-02-22 00:29:36,12.3,Resident/HMO,2025-02-22 08:02:00,469,False,Discharged,N/A,Both pathology and imaging,"Major (intubation, chest drain, resuscitation)",False,False,98.3,False,True,False
ED-025771,HGH,2025-02-22 12:06:00,Sat,Police/corrections,P-33872,28,Adult (25-44),M,3,2025-02-22 12:10:54,4.9,Social/no fixed address,Social admission / no fixed address,2025-02-22 12:34:30,23.6,Registrar,2025-02-22 16:42:00,276,False,Discharged,N/A,Both pathology and imaging,"Moderate (procedural sedation, reduction, abscess I&D)",False,False,85.2,False,False,False
ED-025862,HGH,2025-02-23 10:56:00,Sun,Ambulance,P-03814,43,Adult (25-44),M,2,2025-02-23 11:02:48,6.8,Chest pain,Chest pain - cardiac features,2025-02-23 11:17:42,14.9,Registrar,2025-02-23 16:56:00,360,False,Admitted,Surgical,Both pathology and imaging,"Minor (suturing, splinting, wound care)",False,False,106.7,False,False,False
ED-025973,HGH,2025-02-24 12:31:00,Mon,Walk-in,P-28571,20,Young adult (16-24),F,5,2025-02-24 12:35:18,4.3,Neurological,Headache - severe/thunderclap,2025-02-24 14:52:00,136.7,Registrar,2025-02-24 13:31:00,60,True,Discharged,N/A,None,None,False,False,61.0,False,False,False
ED-026015,HGH,2025-02-24 19:00:00,Mon,Walk-in,P-30256,82,Elderly (80+),F,4,2025-02-24 19:05:12,5.2,Injury/trauma,Laceration - upper limb,2025-02-24 20:05:42,60.5,Nurse practitioner,2025-02-24 23:06:00,246,False,Discharged,N/A,Pathology only,None,False,False,89.3,False,False,False
ED-026069,HGH,2025-02-25 11:17:00,Tue,Walk-in,P-33928,87,Elderly (80+),F,4,2025-02-25 11:22:00,5.0,Neurological,Syncope / collapse,2025-02-25 11:56:48,34.8,GP-in-ED,2025-02-25 17:12:00,355,False,Discharged,N/A,Imaging only,None,False,False,80.3,False,False,False
ED-026075,HGH,2025-02-25 12:36:00,Tue,Ambulance,P-21052,51,Middle-aged (45-64),F,2,2025-02-25 12:41:42,5.7,Neurological,Syncope / collapse,2025-02-25 12:48:30,6.8,Emergency physician,2025-02-25 16:05:00,209,True,Discharged,N/A,Both pathology and imaging,None,False,False,86.9,False,False,False
ED-026119,HGH,2025-02-25 19:07:00,Tue,Ambulance,P-02679,31,Adult (25-44),F,2,2025-02-25 19:14:24,7.4,Neurological,Stroke/TIA symptoms,2025-02-25 19:22:00,7.6,Resident/HMO,2025-02-25 23:31:00,264,False,Discharged,N/A,Both pathology and imaging,"Moderate (procedural sedation, reduction, abscess I&D)",False,False,81.8,False,False,False
ED-026137,HGH,2025-02-25 23:03:00,Tue,Walk-in,P-00798,36,Adult (25-44),F,2,2025-02-25 23:11:42,8.7,Gastrointestinal,GI bleed - haematemesis/melaena,2025-02-25 23:25:36,13.9,Emergency physician,2025-02-26 04:51:00,348,False,Admitted,Medical,Both pathology and imaging,None,False,False,97.2,False,False,False
ED-026178,HGH,2025-02-26 10:41:00,Wed,Walk-in,P-09121,31,Adult (25-44),M,4,2025-02-26 10:47:42,6.7,Injury/trauma,Laceration - upper limb,2025-02-26 11:26:06,38.4,GP-in-ED,2025-02-26 12:47:00,126,True,Discharged,N/A,Imaging only,"Minor (suturing, splinting, wound care)",False,False,94.9,False,False,False
ED-026258,HGH,2025-02-27 01:09:00,Thu,Ambulance,P-23004,29,Adult (25-44),M,2,2025-02-27 01:16:30,7.5,Respiratory,Shortness of breath - acute,2025-02-27 01:24:18,7.8,Registrar,2025-02-27 08:28:00,439,False,Admitted,ICU,Both pathology and imaging,None,False,False,91.7,False,False,False
ED-026301,HGH,2025-02-27 13:04:00,Thu,Walk-in,P-19080,63,Middle-aged (45-64),M,4,2025-02-27 13:07:30,3.5,Respiratory,Cough / upper respiratory symptoms,2025-02-27 15:08:24,120.9,GP-in-ED,2025-02-27 17:34:00,270,False,Discharged,N/A,Pathology only,"Minor (suturing, splinting, wound care)",True,False,80.1,False,False,False
ED-026327,HGH,2025-02-27 17:39:00,Thu,Walk-in,P-14264,34,Adult (25-44),F,3,2025-02-27 17:43:30,4.5,Chest pain,Chest pain - non-cardiac/musculoskeletal,2025-02-27 18:09:06,25.6,Nurse practitioner,2025-02-27 20:29:00,170,True,Discharged,N/A,Both pathology and imaging,None,False,False,65.2,False,False,True
ED-026396,HGH,2025-02-28 11:17:00,Fri,Walk-in,P-11844,18,Young adult (16-24),F,2,2025-02-28 11:21:24,4.4,Abdominal pain,Abdominal pain - acute,2025-02-28 11:25:30,4.1,Emergency physician,2025-02-28 13:28:00,131,True,Admitted,CCU,Both pathology and imaging,None,False,False,72.4,False,False,False
ED-026452,HGH,2025-02-28 19:06:00,Fri,Walk-in,P-04903,68,Older adult (65-79),M,2,2025-02-28 19:07:42,1.7,Mental health,Suicidal ideation / self-harm,2025-02-28 19:14:24,6.7,Registrar,2025-03-01 04:27:00,561,False,Discharged,N/A,Both pathology and imaging,None,False,False,76.9,False,True,False
ED-026506,HGH,2025-03-01 11:14:00,Sat,Ambulance,P-21552,25,Adult (25-44),F,4,2025-03-01 11:15:12,1.2,Abdominal pain,Abdominal pain - non-specific/chronic,2025-03-01 14:24:54,189.7,Emergency physician,2025-03-01 14:36:00,202,True,Did not wait (DNW),N/A,Pathology only,"Minor (suturing, splinting, wound care)",False,False,74.0,False,False,False
ED-026534,HGH,2025-03-01 14:33:00,Sat,Walk-in,P-26095,66,Older adult (65-79),M,2,2025-03-01 14:37:06,4.1,Chest pain,Chest pain - cardiac features,2025-03-01 14:45:12,8.1,Nurse practitioner,2025-03-01 19:19:00,286,False,Discharged,N/A,Both pathology and imaging,"Moderate (procedural sedation, reduction, abscess I&D)",False,False,74.5,False,False,False
ED-026619,HGH,2025-03-02 12:24:00,Sun,Walk-in,P-29415,58,Middle-aged (45-64),M,2,2025-03-02 12:27:06,3.1,Gastrointestinal,Nausea and vomiting,2025-03-02 12:34:48,7.7,Emergency physician,2025-03-02 19:28:00,424,False,Discharged,N/A,Both pathology and imaging,"Moderate (procedural sedation, reduction, abscess I&D)",False,False,40.3,False,False,False
ED-026647,HGH,2025-03-02 17:08:00,Sun,Ambulance,P-15733,49,Middle-aged (45-64),F,5,2025-03-02 17:11:24,3.4,Cardiac arrhythmia,Palpitations - new AF/SVT,2025-03-02 20:49:48,218.4,GP-in-ED,2025-03-02 19:37:00,149,True,Admitted,Medical,Pathology only,None,False,False,92.2,False,False,False
ED-026654,HGH,2025-03-02 19:02:00,Sun,Walk-in,P-11575,44,Adult (25-44),F,4,2025-03-02 19:05:48,3.8,Musculoskeletal,Joint pain / swelling,2025-03-02 21:03:06,117.3,Nurse practitioner,2025-03-02 20:33:00,91,True,Discharged,N/A,Imaging only,None,False,False,103.9,False,False,False
ED-026692,HGH,2025-03-03 04:59:00,Mon,Walk-in,P-13449,31,Adult (25-44),F,4,2025-03-03 05:03:30,4.5,Injury/trauma,Laceration - facial/scalp,2025-03-03 06:02:42,59.2,Resident/HMO,2025-03-03 08:17:00,198,True,Admitted,Orthopaedic,None,None,False,False,101.7,False,False,False
ED-026725,HGH,2025-03-03 11:14:00,Mon,Police/corrections,P-23585,66,Older adult (65-79),M,4,2025-03-03 11:17:12,3.2,Other,Medication issue / script,2025-03-03 13:13:30,116.3,Emergency physician,2025-03-03 12:58:00,104,True,Discharged,N/A,Imaging only,None,False,False,102.6,False,False,False
ED-026742,HGH,2025-03-03 13:29:00,Mon,Walk-in,P-13716,27,Adult (25-44),F,3,2025-03-03 13:30:18,1.3,Poisoning/overdose,Accidental ingestion,2025-03-03 13:48:06,17.8,Resident/HMO,2025-03-03 16:03:00,154,True,Discharged,N/A,Pathology only,"Minor (suturing, splinting, wound care)",False,False,62.9,False,False,False
ED-026885,HGH,2025-03-04 20:46:00,Tue,Walk-in,P-06373,30,Adult (25-44),M,4,2025-03-04 20:49:30,3.5,Musculoskeletal,Joint pain / swelling,2025-03-04 22:06:18,76.8,Registrar,2025-03-04 22:33:00,107,True,Discharged,N/A,Both pathology and imaging,None,False,False,39.1,False,False,False
ED-027053,HGH,2025-03-06 13:28:00,Thu,Ambulance,P-16759,66,Older adult (65-79),F,4,2025-03-06 13:38:24,10.4,Neurological,Syncope / collapse,2025-03-06 15:22:48,104.4,Registrar,2025-03-06 15:54:00,146,True,Discharged,N/A,Pathology only,"Minor (suturing, splinting, wound care)",False,False,104.3,False,False,False
ED-027124,HGH,2025-03-07 09:03:00,Fri,Ambulance,P-00813,41,Adult (25-44),M,3,2025-03-07 09:07:30,4.5,General unwell/sepsis-query,Generally unwell / reduced oral intake,2025-03-07 09:59:18,51.8,Emergency physician,2025-03-07 14:29:00,326,False,Discharged,N/A,Both pathology and imaging,None,False,False,79.1,False,False,False
ED-027125,HGH,2025-03-07 09:12:00,Fri,Walk-in,P-16096,96,Elderly (80+),F,3,2025-03-07 09:15:06,3.1,Injury/trauma,Burn - minor (<10% TBSA),2025-03-07 09:50:48,35.7,Nurse practitioner,2025-03-07 15:32:00,380,False,Discharged,N/A,Both pathology and imaging,None,False,False,101.0,False,False,False
ED-027150,HGH,2025-03-07 11:52:00,Fri,Ambulance,P-32305,50,Middle-aged (45-64),M,4,2025-03-07 11:55:42,3.7,Chest pain,Chest pain - non-cardiac/musculoskeletal,2025-03-07 12:57:06,61.4,Emergency physician,2025-03-07 14:21:00,149,True,Discharged,N/A,None,None,False,False,92.5,False,False,False
ED-027165,HGH,2025-03-07 13:17:00,Fri,Walk-in,P-24799,22,Young adult (16-24),F,2,2025-03-07 13:21:54,4.9,Cardiac arrhythmia,Palpitations - benign/known,2025-03-07 13:38:06,16.2,Registrar,2025-03-07 18:54:00,337,False,Discharged,N/A,Both pathology and imaging,None,False,False,81.9,False,False,False
ED-027175,HGH,2025-03-07 14:59:00,Fri,Walk-in,P-16893,68,Older adult (65-79),F,2,2025-03-07 15:03:54,4.9,Injury/trauma,Head injury - minor (GCS 15),2025-03-07 15:17:30,13.6,Emergency physician,2025-03-07 21:49:00,410,False,Discharged,N/A,Both pathology and imaging,"Major (intubation, chest drain, resuscitation)",False,False,105.6,False,False,False
ED-027205,HGH,2025-03-07 21:38:00,Fri,Walk-in,P-04391,30,Adult (25-44),M,4,2025-03-07 21:41:30,3.5,Injury/trauma,Fracture - suspected upper limb,2025-03-07 22:22:36,41.1,GP-in-ED,2025-03-08 01:20:00,222,True,Discharged,N/A,None,"Moderate (procedural sedation, reduction, abscess I&D)",False,False,91.1,False,False,False
ED-027209,HGH,2025-03-07 22:51:00,Fri,Police/corrections,P-08864,54,Middle-aged (45-64),F,4,2025-03-07 22:58:06,7.1,Other,Medication issue / script,2025-03-07 23:36:36,38.5,Resident/HMO,2025-03-08 02:13:00,202,True,Discharged,N/A,Imaging only,None,False,False,69.4,False,False,True
ED-027212,HGH,2025-03-08 00:04:00,Sat,Ambulance,P-19228,50,Middle-aged (45-64),F,3,2025-03-08 00:08:18,4.3,Mental health,Suicidal ideation / self-harm,2025-03-08 00:49:48,41.5,Resident/HMO,2025-03-08 05:00:00,296,False,Discharged,N/A,Pathology only,None,True,False,67.9,False,True,False
ED-027245,HGH,2025-03-08 10:56:00,Sat,Walk-in,P-17470,33,Adult (25-44),F,2,2025-03-08 10:58:12,2.2,Injury/trauma,Fracture - suspected lower limb/hip,2025-03-08 11:01:06,2.9,Registrar,2025-03-08 14:30:00,214,True,Admitted,Surgical,Both pathology and imaging,None,False,False,77.8,False,False,True
ED-027312,HGH,2025-03-08 23:36:00,Sat,Walk-in,P-03437,44,Adult (25-44),M,3,2025-03-08 23:40:54,4.9,Mental health,Depression - acute presentation,2025-03-08 23:57:00,16.1,Nurse practitioner,2025-03-09 08:13:00,517,False,Admitted,Mental health,Both pathology and imaging,"Minor (suturing, splinting, wound care)",False,False,86.6,True,True,False
ED-027636,HGH,2025-03-12 08:45:00,Wed,Walk-in,P-00618,55,Middle-aged (45-64),M,5,2025-03-12 08:49:06,4.1,Mental health,Suicidal ideation / self-harm,2025-03-12 11:39:18,170.2,Resident/HMO,2025-03-12 15:23:00,398,False,Discharged,N/A,Both pathology and imaging,None,False,False,89.0,False,True,False
ED-027656,HGH,2025-03-12 12:03:00,Wed,Walk-in,P-19499,34,Adult (25-44),M,4,2025-03-12 12:08:54,5.9,Skin/wound,Cellulitis,2025-03-12 13:42:00,93.1,Emergency physician,2025-03-12 14:07:00,124,True,Admitted,Medical,Pathology only,None,False,False,86.5,False,False,False
ED-027691,HGH,2025-03-12 18:25:00,Wed,Ambulance,P-27958,22,Young adult (16-24),M,5,2025-03-12 18:30:06,5.1,Poisoning/overdose,Accidental ingestion,2025-03-12 22:04:12,214.1,Emergency physician,2025-03-12 20:07:00,102,True,Discharged,N/A,None,None,False,False,86.0,False,False,False
ED-027781,HGH,2025-03-13 14:47:00,Thu,Ambulance,P-10076,73,Older adult (65-79),M,3,2025-03-13 14:50:24,3.4,Cardiac arrhythmia,Palpitations - new AF/SVT,2025-03-13 16:06:54,76.5,Registrar,2025-03-13 17:25:00,158,True,Discharged,N/A,Both pathology and imaging,None,False,True,97.6,False,False,False
ED-027810,HGH,2025-03-13 18:53:00,Thu,Walk-in,P-12152,57,Middle-aged (45-64),F,4,2025-03-13 18:57:30,4.5,Injury/trauma,Burn - minor (<10% TBSA),2025-03-13 20:26:00,88.5,Registrar,2025-03-13 20:48:00,115,True,Discharged,N/A,Both pathology and imaging,None,False,False,98.7,False,False,False
ED-027835,HGH,2025-03-13 23:02:00,Thu,Walk-in,P-11859,29,Adult (25-44),F,4,2025-03-13 23:08:00,6.0,Gastrointestinal,Diarrhoea - acute/infective,2025-03-14 00:45:54,97.9,Resident/HMO,2025-03-14 00:49:00,107,True,Discharged,N/A,Pathology only,"Minor (suturing, splinting, wound care)",False,False,107.1,False,False,False
ED-027889,HGH,2025-03-14 12:01:00,Fri,Walk-in,P-20240,52,Middle-aged (45-64),M,3,2025-03-14 12:05:54,4.9,Gastrointestinal,GI bleed - haematemesis/melaena,2025-03-14 12:52:12,46.3,Registrar,2025-03-14 13:45:00,104,True,Discharged,N/A,Both pathology and imaging,None,False,False,95.0,False,False,False
ED-027910,HGH,2025-03-14 14:58:00,Fri,Walk-in,P-22006,35,Adult (25-44),F,4,2025-03-14 15:04:30,6.5,Neurological,Headache - severe/thunderclap,2025-03-14 15:38:18,33.8,Nurse practitioner,2025-03-14 15:52:00,54,True,Did not wait (DNW),N/A,Imaging only,None,False,False,92.2,False,False,True
ED-027918,HGH,2025-03-14 16:32:00,Fri,Walk-in,P-29719,17,Young adult (16-24),M,4,2025-03-14 16:35:18,3.3,Chest pain,Chest pain - non-cardiac/musculoskeletal,2025-03-14 16:52:48,17.5,GP-in-ED,2025-03-14 19:39:00,187,True,Discharged,N/A,Imaging only,None,False,False,69.6,False,False,False
ED-027948,HGH,2025-03-14 22:21:00,Fri,Walk-in,P-08864,36,Adult (25-44),F,3,2025-03-14 22:22:30,1.5,Chest pain,Chest pain - cardiac features,2025-03-14 22:31:42,9.2,Registrar,2025-03-15 00:31:00,130,True,Discharged,N/A,Both pathology and imaging,None,False,False,83.0,False,False,False
ED-027953,HGH,2025-03-14 23:14:00,Fri,Walk-in,P-21698,47,Middle-aged (45-64),F,4,2025-03-14 23:17:36,3.6,Skin/wound,Cellulitis,2025-03-15 00:24:24,66.8,GP-in-ED,2025-03-15 04:16:00,302,False,Discharged,N/A,Both pathology and imaging,None,False,False,85.7,False,False,False
ED-027981,HGH,2025-03-15 08:59:00,Sat,Ambulance,P-29452,15,Paediatric (0-15),M,3,2025-03-15 09:03:18,4.3,Injury/trauma,Fracture - suspected upper limb,2025-03-15 09:45:36,42.3,Emergency physician,2025-03-15 14:45:00,346,False,Discharged,N/A,Imaging only,None,False,False,110.1,False,False,True
ED-028038,HGH,2025-03-15 17:36:00,Sat,Walk-in,P-16167,44,Adult (25-44),M,3,2025-03-15 17:39:48,3.8,Urological/renal,Urinary retention,2025-03-15 17:49:24,9.6,Resident/HMO,2025-03-15 20:48:00,192,True,Admitted,ICU,Pathology only,None,False,False,61.9,False,False,True
ED-028051,HGH,2025-03-15 20:01:00,Sat,Walk-in,P-18861,40,Adult (25-44),F,3,2025-03-15 20:06:54,5.9,Cardiac arrhythmia,Palpitations - new AF/SVT,2025-03-15 20:41:48,34.9,Resident/HMO,2025-03-16 00:48:00,287,False,Admitted,CCU,Both pathology and imaging,None,False,False,100.0,False,False,False
ED-028154,HGH,2025-03-16 20:18:00,Sun,Walk-in,P-04152,37,Adult (25-44),M,3,2025-03-16 20:25:00,7.0,Neurological,Syncope / collapse,2025-03-16 21:21:36,56.6,Resident/HMO,2025-03-16 22:59:00,161,True,Admitted,Orthopaedic,Both pathology and imaging,"Moderate (procedural sedation, reduction, abscess I&D)",False,False,95.5,False,False,False
ED-028187,HGH,2025-03-17 09:27:00,Mon,Walk-in,P-19289,54,Middle-aged (45-64),F,3,2025-03-17 09:33:24,6.4,Chest pain,Chest pain - non-cardiac/musculoskeletal,2025-03-17 09:59:24,26.0,Registrar,2025-03-17 12:25:00,178,True,Discharged,N/A,Pathology only,None,False,False,84.7,False,False,False
ED-028241,HGH,2025-03-17 14:42:00,Mon,Ambulance,P-09810,53,Middle-aged (45-64),M,3,2025-03-17 14:47:36,5.6,Mental health,Suicidal ideation / self-harm,2025-03-17 15:13:00,25.4,Registrar,2025-03-17 21:37:00,415,False,Discharged,N/A,Both pathology and imaging,"Minor (suturing, splinting, wound care)",False,False,54.3,False,True,False
ED-028331,HGH,2025-03-18 11:13:00,Tue,Walk-in,P-17778,38,Adult (25-44),M,3,2025-03-18 11:19:30,6.5,Obstetric/gynaecological,Vaginal bleeding - early pregnancy,2025-03-18 11:48:24,28.9,Registrar,2025-03-18 15:38:00,265,False,Discharged,N/A,Both pathology and imaging,"Moderate (procedural sedation, reduction, abscess I&D)",False,False,94.1,False,False,False
ED-028354,HGH,2025-03-18 13:42:00,Tue,Walk-in,P-34197,22,Young adult (16-24),M,3,2025-03-18 13:45:06,3.1,Musculoskeletal,Back pain - acute,2025-03-18 13:56:00,10.9,Emergency physician,2025-03-18 17:29:00,227,True,Discharged,N/A,Pathology only,None,True,False,80.0,False,False,False
ED-028416,HGH,2025-03-19 00:07:00,Wed,Walk-in,P-13802,9,Paediatric (0-15),M,3,2025-03-19 00:11:12,4.2,Paediatric febrile,Febrile child (<5yr),2025-03-19 00:21:42,10.5,GP-in-ED,2025-03-19 02:58:00,171,True,Admitted,Paediatric,Both pathology and imaging,"Major (intubation, chest drain, resuscitation)",False,False,86.9,False,False,False
ED-028423,HGH,2025-03-19 04:24:00,Wed,Ambulance,P-16814,26,Adult (25-44),M,2,2025-03-19 04:26:36,2.6,Poisoning/overdose,Intentional overdose,2025-03-19 04:32:06,5.5,Registrar,2025-03-19 07:20:00,176,True,Discharged,N/A,Imaging only,None,False,False,83.0,False,False,False
ED-028436,HGH,2025-03-19 09:21:00,Wed,Walk-in,P-19254,59,Middle-aged (45-64),M,4,2025-03-19 09:25:36,4.6,Neurological,Headache - tension/migraine,2025-03-19 09:54:00,28.4,Registrar,2025-03-19 12:50:00,209,True,Discharged,N/A,None,None,True,False,78.6,False,False,False
ED-028449,HGH,2025-03-19 11:31:00,Wed,Ambulance,P-08239,28,Adult (25-44),F,4,2025-03-19 11:33:30,2.5,Injury/trauma,MVA - ambulatory,2025-03-19 11:52:00,18.5,Resident/HMO,2025-03-19 13:46:00,135,True,Discharged,N/A,Pathology only,None,False,False,80.2,False,False,False
ED-028576,HGH,2025-03-20 17:52:00,Thu,Walk-in,P-33888,46,Middle-aged (45-64),M,4,2025-03-20 17:53:36,1.6,Abdominal pain,Abdominal pain - non-specific/chronic,2025-03-20 18:38:54,45.3,Resident/HMO,2025-03-20 20:14:00,142,True,Discharged,N/A,Both pathology and imaging,"Minor (suturing, splinting, wound care)",False,False,96.5,False,False,False
ED-028628,HGH,2025-03-21 10:45:00,Fri,Ambulance,P-08661,83,Elderly (80+),M,4,2025-03-21 10:50:36,5.6,Neurological,Seizure - resolved,2025-03-21 11:30:36,40.0,Emergency physician,2025-03-21 15:05:00,260,False,Discharged,N/A,Pathology only,None,False,False,93.0,False,False,True
ED-028635,HGH,2025-03-21 11:54:00,Fri,Walk-in,P-04682,87,Elderly (80+),M,5,2025-03-21 11:57:24,3.4,Injury/trauma,Fall - mechanical (no LOC),2025-03-21 16:02:42,245.3,GP-in-ED,2025-03-21 16:21:00,267,False,Did not wait (DNW),N/A,None,"Minor (suturing, splinting, wound care)",False,False,65.7,False,False,False
ED-028650,HGH,2025-03-21 13:24:00,Fri,Police/corrections,P-13432,13,Paediatric (0-15),M,4,2025-03-21 13:31:30,7.5,Poisoning/overdose,Intentional overdose,2025-03-21 18:31:30,300.0,Resident/HMO,2025-03-21 14:58:00,94,True,Admitted,Medical,Both pathology and imaging,"Minor (suturing, splinting, wound care)",False,False,93.1,False,False,False
ED-028675,HGH,2025-03-21 16:00:00,Fri,Walk-in,P-31258,102,Elderly (80+),F,2,2025-03-21 16:02:18,2.3,General unwell/sepsis-query,Febrile - query sepsis,2025-03-21 16:13:30,11.2,Emergency physician,2025-03-21 19:36:00,216,True,Admitted,Orthopaedic,Imaging only,"Moderate (procedural sedation, reduction, abscess I&D)",False,False,84.7,False,False,False
ED-028686,HGH,2025-03-21 18:03:00,Fri,Walk-in,P-05032,98,Elderly (80+),F,4,2025-03-21 18:05:18,2.3,Mental health,Anxiety / panic,2025-03-21 18:53:06,47.8,Resident/HMO,2025-03-21 22:28:00,265,False,Discharged,N/A,None,"Minor (suturing, splinting, wound care)",False,False,83.4,False,True,False
ED-028759,HGH,2025-03-22 12:32:00,Sat,Ambulance,P-28333,41,Adult (25-44),M,2,2025-03-22 12:33:24,1.4,Respiratory,COPD exacerbation,2025-03-22 12:47:12,13.8,Resident/HMO,2025-03-22 16:01:00,209,True,Admitted,Medical,Both pathology and imaging,None,False,False,80.1,False,False,False
ED-028871,HGH,2025-03-23 13:26:00,Sun,Ambulance,P-33342,56,Middle-aged (45-64),M,4,2025-03-23 13:29:36,3.6,Respiratory,COPD exacerbation,2025-03-23 14:31:12,61.6,Nurse practitioner,2025-03-23 16:43:00,197,True,Admitted,Short stay unit,Imaging only,None,False,False,78.4,False,False,True
ED-028955,HGH,2025-03-24 10:25:00,Mon,Walk-in,P-29271,44,Adult (25-44),M,4,2025-03-24 10:28:48,3.8,Musculoskeletal,Joint pain / swelling,2025-03-24 11:36:12,67.4,Emergency physician,2025-03-24 13:42:00,197,True,Discharged,N/A,Pathology only,"Minor (suturing, splinting, wound care)",False,False,103.9,False,False,False
ED-028987,HGH,2025-03-24 14:13:00,Mon,Walk-in,P-15957,89,Elderly (80+),F,4,2025-03-24 14:17:18,4.3,Respiratory,Cough / upper respiratory symptoms,2025-03-24 14:55:48,38.5,Emergency physician,2025-03-24 18:41:00,268,False,Discharged,N/A,Pathology only,"Major (intubation, chest drain, resuscitation)",False,False,96.1,False,False,False
ED-029011,HGH,2025-03-24 18:02:00,Mon,Walk-in,P-08060,43,Adult (25-44),M,4,2025-03-24 18:10:06,8.1,Musculoskeletal,Back pain - acute,2025-03-24 18:53:06,43.0,Emergency physician,2025-03-24 20:40:00,158,True,Discharged,N/A,None,None,False,False,89.5,False,False,False
ED-029027,HGH,2025-03-24 20:03:00,Mon,Walk-in,P-10961,20,Young adult (16-24),M,3,2025-03-24 20:06:36,3.6,Chest pain,Chest pain - pleuritic,2025-03-24 20:48:12,41.6,GP-in-ED,2025-03-25 00:14:00,251,False,Admitted,ICU,Both pathology and imaging,None,False,False,87.3,False,False,False
ED-029070,HGH,2025-03-25 10:05:00,Tue,Walk-in,P-05876,23,Young adult (16-24),M,3,2025-03-25 10:08:36,3.6,Abdominal pain,Abdominal pain - acute,2025-03-25 10:22:12,13.6,Emergency physician,2025-03-25 14:28:00,263,False,Discharged,N/A,Pathology only,None,False,False,88.3,False,False,False
ED-029094,HGH,2025-03-25 11:56:00,Tue,Walk-in,P-11462,82,Elderly (80+),F,3,2025-03-25 12:01:00,5.0,Respiratory,Asthma exacerbation,2025-03-25 12:30:30,29.5,Emergency physician,2025-03-25 15:12:00,196,True,Discharged,N/A,Pathology only,None,False,False,96.2,False,False,False
ED-029106,HGH,2025-03-25 13:11:00,Tue,Walk-in,P-28353,66,Older adult (65-79),M,4,2025-03-25 13:15:18,4.3,Injury/trauma,Laceration - upper limb,2025-03-25 14:22:06,66.8,GP-in-ED,2025-03-25 14:51:00,100,True,Did not wait (DNW),N/A,Pathology only,"Minor (suturing, splinting, wound care)",False,False,105.5,False,False,False
ED-029131,HGH,2025-03-25 17:27:00,Tue,Walk-in,P-02326,24,Young adult (16-24),F,2,2025-03-25 17:33:18,6.3,Poisoning/overdose,Accidental ingestion,2025-03-25 17:37:06,3.8,Emergency physician,2025-03-25 21:30:00,243,False,Discharged,N/A,Both pathology and imaging,"Moderate (procedural sedation, reduction, abscess I&D)",False,False,90.5,False,False,False
ED-029154,HGH,2025-03-25 21:47:00,Tue,Ambulance,P-02322,33,Adult (25-44),M,2,2025-03-25 21:50:54,3.9,Neurological,Stroke/TIA symptoms,2025-03-25 22:01:48,10.9,Registrar,2025-03-26 05:56:00,489,False,Admitted,Orthopaedic,Pathology only,"Major (intubation, chest drain, resuscitation)",False,False,83.2,False,False,False
ED-029198,HGH,2025-03-26 11:43:00,Wed,Walk-in,P-10071,35,Adult (25-44),M,3,2025-03-26 11:47:42,4.7,Abdominal pain,Abdominal pain - non-specific/chronic,2025-03-26 12:56:12,68.5,Resident/HMO,2025-03-26 14:35:00,172,True,Discharged,N/A,None,"Minor (suturing, splinting, wound care)",False,False,77.7,False,False,False
ED-029204,HGH,2025-03-26 12:01:00,Wed,Ambulance,P-24824,24,Young adult (16-24),F,3,2025-03-26 12:04:06,3.1,Neurological,Syncope / collapse,2025-03-26 12:41:42,37.6,Emergency physician,2025-03-26 14:44:00,163,True,Discharged,N/A,Pathology only,None,False,False,73.5,False,False,False
ED-029229,HGH,2025-03-26 14:44:00,Wed,Walk-in,P-04672,16,Young adult (16-24),M,4,2025-03-26 14:53:36,9.6,Injury/trauma,Fracture - suspected upper limb,2025-03-26 15:52:36,59.0,Emergency physician,2025-03-26 17:10:00,146,True,Discharged,N/A,Imaging only,"Minor (suturing, splinting, wound care)",True,False,86.4,False,False,False
ED-029231,HGH,2025-03-26 15:44:00,Wed,Walk-in,P-02585,70,Older adult (65-79),F,4,2025-03-26 15:49:06,5.1,Neurological,Headache - tension/migraine,2025-03-26 16:35:06,46.0,GP-in-ED,2025-03-26 19:04:00,200,True,Discharged,N/A,Both pathology and imaging,None,False,False,76.8,False,False,False
ED-029303,HGH,2025-03-27 09:56:00,Thu,Walk-in,P-13035,26,Adult (25-44),F,4,2025-03-27 10:01:24,5.4,Gastrointestinal,Diarrhoea - acute/infective,2025-03-27 12:05:24,124.0,Registrar,2025-03-27 12:32:00,156,True,Discharged,N/A,None,"Moderate (procedural sedation, reduction, abscess I&D)",False,False,95.4,False,False,False
ED-029317,HGH,2025-03-27 11:56:00,Thu,Ambulance,P-13197,28,Adult (25-44),M,2,2025-03-27 12:03:30,7.5,Neurological,Stroke/TIA symptoms,2025-03-27 12:06:36,3.1,Emergency physician,2025-03-27 15:11:00,195,True,Admitted,Medical,Both pathology and imaging,"Major (intubation, chest drain, resuscitation)",False,True,73.0,False,False,False
ED-029318,HGH,2025-03-27 12:04:00,Thu,Walk-in,P-27905,38,Adult (25-44),M,4,2025-03-27 12:10:36,6.6,Neurological,Syncope / collapse,2025-03-27 13:20:36,70.0,GP-in-ED,2025-03-27 14:49:00,165,True,Discharged,N/A,Pathology only,None,False,False,68.7,False,False,False
ED-029337,HGH,2025-03-27 13:57:00,Thu,Walk-in,P-31079,28,Adult (25-44),F,3,2025-03-27 14:00:12,3.2,Neurological,Headache - tension/migraine,2025-03-27 15:05:54,65.7,Emergency physician,2025-03-27 17:41:00,224,True,Discharged,N/A,Imaging only,None,False,False,85.1,False,False,False
ED-029353,HGH,2025-03-27 17:04:00,Thu,Ambulance,P-31385,97,Elderly (80+),F,5,2025-03-27 17:05:42,1.7,Abdominal pain,Abdominal pain - non-specific/chronic,2025-03-27 20:48:18,222.6,GP-in-ED,2025-03-27 18:39:00,95,True,Short stay unit,Short stay unit,None,None,False,False,61.2,False,False,False
ED-029374,HGH,2025-03-27 23:28:00,Thu,Walk-in,P-04514,18,Young adult (16-24),M,2,2025-03-27 23:30:06,2.1,Injury/trauma,Burn - minor (<10% TBSA),2025-03-27 23:34:42,4.6,Emergency physician,2025-03-28 06:05:00,397,False,Discharged,N/A,Both pathology and imaging,"Minor (suturing, splinting, wound care)",False,False,92.5,False,False,False
ED-029391,HGH,2025-03-28 07:46:00,Fri,Walk-in,P-30080,33,Adult (25-44),F,5,2025-03-28 07:52:48,6.8,Mental health,Anxiety / panic,2025-03-28 09:53:42,120.9,Nurse practitioner,2025-03-28 12:28:00,282,False,Discharged,N/A,Imaging only,None,False,False,101.1,False,True,True
ED-029425,HGH,2025-03-28 12:21:00,Fri,Walk-in,P-15906,23,Young adult (16-24),F,3,2025-03-28 12:25:30,4.5,Musculoskeletal,Back pain - acute,2025-03-28 12:50:12,24.7,Emergency physician,2025-03-28 16:48:00,267,False,Discharged,N/A,Both pathology and imaging,"Minor (suturing, splinting, wound care)",False,False,83.4,False,False,False
ED-029453,HGH,2025-03-28 18:40:00,Fri,Walk-in,P-08329,47,Middle-aged (45-64),F,4,2025-03-28 18:45:12,5.2,General unwell/sepsis-query,Generally unwell / reduced oral intake,2025-03-28 20:21:30,96.3,Registrar,2025-03-28 22:07:00,207,True,Discharged,N/A,Pathology only,None,False,False,67.7,False,False,False
ED-029557,HGH,2025-03-29 14:41:00,Sat,Walk-in,P-20299,25,Adult (25-44),M,2,2025-03-29 14:43:18,2.3,Mental health,Psychosis / acute behavioural disturbance,2025-03-29 14:49:48,6.5,Emergency physician,2025-03-29 22:15:00,454,False,Admitted,Mental health,Both pathology and imaging,"Major (intubation, chest drain, resuscitation)",False,False,99.3,False,True,False
ED-029656,HGH,2025-03-30 12:38:00,Sun,Walk-in,P-26316,14,Paediatric (0-15),F,5,2025-03-30 12:39:54,1.9,Respiratory,Cough / upper respiratory symptoms,2025-03-30 12:59:00,19.1,Registrar,2025-03-30 14:01:00,83,True,Discharged,N/A,Imaging only,"Moderate (procedural sedation, reduction, abscess I&D)",False,False,86.5,False,False,False
ED-029678,HGH,2025-03-30 15:52:00,Sun,Walk-in,P-16032,40,Adult (25-44),M,4,2025-03-30 15:53:12,1.2,Injury/trauma,Fracture - suspected upper limb,2025-03-30 16:49:30,56.3,Nurse practitioner,2025-03-30 21:23:00,331,False,Left against medical advice (LAMA),N/A,Pathology only,None,False,False,91.8,False,False,False
ED-029682,HGH,2025-03-30 16:21:00,Sun,Inter-hospital transfer,P-27259,39,Adult (25-44),F,5,2025-03-30 16:25:12,4.2,Injury/trauma,Fracture - suspected lower limb/hip,2025-03-30 17:36:48,71.6,GP-in-ED,2025-03-30 18:16:00,115,True,Admitted,Medical,None,"Moderate (procedural sedation, reduction, abscess I&D)",False,False,66.3,False,False,False
ED-029691,HGH,2025-03-30 17:59:00,Sun,Ambulance,P-08312,37,Adult (25-44),F,3,2025-03-30 18:04:24,5.4,Injury/trauma,Head injury - minor (GCS 15),2025-03-30 18:29:54,25.5,Registrar,2025-03-30 23:27:00,328,False,Discharged,N/A,Pathology only,"Moderate (procedural sedation, reduction, abscess I&D)",False,False,89.2,False,False,False
ED-029728,HGH,2025-03-31 08:42:00,Mon,Ambulance,P-19601,46,Middle-aged (45-64),F,2,2025-03-31 08:52:54,10.9,Respiratory,Asthma exacerbation,2025-03-31 09:02:06,9.2,Registrar,2025-03-31 11:44:00,182,True,Discharged,N/A,Pathology only,"Minor (suturing, splinting, wound care)",False,True,96.2,False,False,False
ED-029850,HGH,2025-04-01 07:49:00,Tue,Walk-in,P-18088,27,Adult (25-44),F,4,2025-04-01 07:54:00,5.0,Chest pain,Chest pain - non-cardiac/musculoskeletal,2025-04-01 08:25:48,31.8,Emergency physician,2025-04-01 12:11:00,262,False,Admitted,Medical,Imaging only,"Minor (suturing, splinting, wound care)",False,False,66.9,False,False,False
ED-029891,HGH,2025-04-01 14:25:00,Tue,Walk-in,P-17218,3,Paediatric (0-15),F,3,2025-04-01 14:28:30,3.5,Paediatric febrile,Febrile child (<5yr),2025-04-01 14:46:12,17.7,Resident/HMO,2025-04-01 18:15:00,230,True,Discharged,N/A,Both pathology and imaging,None,False,False,94.8,False,False,False
ED-029895,HGH,2025-04-01 15:07:00,Tue,Ambulance,P-29268,50,Middle-aged (45-64),M,3,2025-04-01 15:18:06,11.1,Urological/renal,Urinary retention,2025-04-01 15:51:48,33.7,Emergency physician,2025-04-01 17:00:00,113,True,Discharged,N/A,Imaging only,"Moderate (procedural sedation, reduction, abscess I&D)",False,False,102.9,False,False,True
ED-029898,HGH,2025-04-01 15:28:00,Tue,Ambulance,P-28163,25,Adult (25-44),F,4,2025-04-01 15:34:00,6.0,Injury/trauma,MVA - stretcher,2025-04-01 16:06:18,32.3,GP-in-ED,2025-04-01 17:30:00,122,True,Discharged,N/A,None,None,False,False,78.5,False,False,False
ED-029932,HGH,2025-04-01 19:36:00,Tue,Walk-in,P-31892,35,Adult (25-44),M,3,2025-04-01 19:40:18,4.3,Chest pain,Chest pain - non-cardiac/musculoskeletal,2025-04-01 20:53:18,73.0,Nurse practitioner,2025-04-01 23:05:00,209,True,Discharged,N/A,Both pathology and imaging,"Minor (suturing, splinting, wound care)",False,False,59.2,False,False,False
ED-030154,HGH,2025-04-04 00:38:00,Fri,Ambulance,P-14348,60,Middle-aged (45-64),F,3,2025-04-04 00:53:24,15.4,Neurological,Stroke/TIA symptoms,2025-04-04 02:05:12,71.8,Registrar,2025-04-04 04:39:00,241,False,Discharged,N/A,Pathology only,None,False,False,92.0,False,False,False
ED-030200,HGH,2025-04-04 14:02:00,Fri,Walk-in,P-17870,40,Adult (25-44),F,2,2025-04-04 14:06:30,4.5,General unwell/sepsis-query,Febrile - query sepsis,2025-04-04 14:09:48,3.3,Emergency physician,2025-04-04 17:51:00,229,True,Admitted,Surgical,Both pathology and imaging,None,True,False,60.2,False,False,False
ED-030317,HGH,2025-04-05 15:17:00,Sat,Walk-in,P-34424,24,Young adult (16-24),M,3,2025-04-05 15:19:36,2.6,Abdominal pain,Abdominal pain - acute,2025-04-05 15:43:30,23.9,Resident/HMO,2025-04-05 17:38:00,141,True,Discharged,N/A,Imaging only,None,False,False,75.8,False,False,False
ED-030318,HGH,2025-04-05 15:21:00,Sat,Walk-in,P-21838,46,Middle-aged (45-64),F,2,2025-04-05 15:24:54,3.9,Gastrointestinal,GI bleed - haematemesis/melaena,2025-04-05 15:34:54,10.0,Resident/HMO,2025-04-05 22:23:00,422,False,Admitted,Medical,Both pathology and imaging,"Moderate (procedural sedation, reduction, abscess I&D)",True,False,97.0,False,False,False
ED-030334,HGH,2025-04-05 17:42:00,Sat,Ambulance,P-28228,40,Adult (25-44),F,2,2025-04-05 17:46:30,4.5,Neurological,Headache - severe/thunderclap,2025-04-05 17:50:42,4.2,Registrar,2025-04-05 22:07:00,265,False,Admitted,Surgical,Both pathology and imaging,None,False,False,53.8,False,False,False
ED-030339,HGH,2025-04-05 18:42:00,Sat,Walk-in,P-01620,42,Adult (25-44),M,2,2025-04-05 18:44:30,2.5,Neurological,Syncope / collapse,2025-04-05 18:51:06,6.6,Registrar,2025-04-06 00:29:00,347,False,Discharged,N/A,Pathology only,None,False,False,71.6,False,False,False
ED-030359,HGH,2025-04-05 23:34:00,Sat,Walk-in,P-23980,31,Adult (25-44),F,3,2025-04-05 23:36:18,2.3,Gastrointestinal,GI bleed - haematemesis/melaena,2025-04-06 01:10:06,93.8,Nurse practitioner,2025-04-06 03:39:00,245,False,Admitted,Surgical,Pathology only,"Minor (suturing, splinting, wound care)",False,False,89.3,False,False,False
ED-030443,HGH,2025-04-06 20:04:00,Sun,Walk-in,P-05569,20,Young adult (16-24),F,5,2025-04-06 20:05:18,1.3,Abdominal pain,Abdominal pain - non-specific/chronic,2025-04-06 21:25:12,79.9,Resident/HMO,2025-04-06 21:13:00,69,True,Admitted,Surgical,None,None,True,False,96.7,False,False,False
ED-030500,HGH,2025-04-07 11:58:00,Mon,Helicopter/retrieval,P-34206,31,Adult (25-44),F,3,2025-04-07 12:05:36,7.6,Chest pain,Chest pain - non-cardiac/musculoskeletal,2025-04-07 12:30:36,25.0,Resident/HMO,2025-04-07 18:34:00,396,False,Discharged,N/A,Imaging only,None,False,False,92.9,False,False,False
ED-030580,HGH,2025-04-07 23:44:00,Mon,Ambulance,P-05889,47,Middle-aged (45-64),F,2,2025-04-07 23:48:06,4.1,Poisoning/overdose,Intentional overdose,2025-04-08 00:02:30,14.4,Registrar,2025-04-08 02:34:00,170,True,Discharged,N/A,Imaging only,"Moderate (procedural sedation, reduction, abscess I&D)",False,False,90.7,False,False,False
ED-030581,HGH,2025-04-08 00:58:00,Tue,Walk-in,P-25224,67,Older adult (65-79),F,4,2025-04-08 01:03:00,5.0,Urological/renal,Renal colic / ureteric pain,2025-04-08 02:29:12,86.2,Resident/HMO,2025-04-08 05:42:00,284,False,Discharged,N/A,None,None,True,False,109.6,False,False,False
ED-030608,HGH,2025-04-08 10:16:00,Tue,Walk-in,P-31616,58,Middle-aged (45-64),F,5,2025-04-08 10:18:18,2.3,Respiratory,Asthma exacerbation,2025-04-08 11:18:30,60.2,Nurse practitioner,2025-04-08 10:57:00,41,True,Discharged,N/A,None,"Minor (suturing, splinting, wound care)",False,False,93.8,False,False,False
ED-030641,HGH,2025-04-08 16:33:00,Tue,Walk-in,P-00395,24,Young adult (16-24),F,3,2025-04-08 16:39:42,6.7,Injury/trauma,Head injury - minor (GCS 15),2025-04-08 17:34:24,54.7,Resident/HMO,2025-04-08 18:05:00,92,True,Admitted,Orthopaedic,Both pathology and imaging,None,False,False,103.0,False,False,True
ED-030644,HGH,2025-04-08 16:54:00,Tue,Ambulance,P-33815,28,Adult (25-44),M,4,2025-04-08 16:57:12,3.2,Abdominal pain,Abdominal pain - non-specific/chronic,2025-04-08 20:21:06,203.9,Registrar,2025-04-08 19:53:00,179,True,Discharged,N/A,None,None,False,False,90.3,False,False,False
ED-030654,HGH,2025-04-08 19:13:00,Tue,Walk-in,P-29380,56,Middle-aged (45-64),F,4,2025-04-08 19:21:24,8.4,Abdominal pain,Abdominal pain - acute,2025-04-08 19:50:42,29.3,Nurse practitioner,2025-04-08 20:53:00,100,True,Discharged,N/A,Pathology only,None,False,False,56.5,False,False,False
ED-030678,HGH,2025-04-09 05:19:00,Wed,Walk-in,P-02549,58,Middle-aged (45-64),F,5,2025-04-09 05:24:30,5.5,Neurological,Headache - tension/migraine,2025-04-09 06:15:36,51.1,GP-in-ED,2025-04-09 07:00:00,101,True,Discharged,N/A,Both pathology and imaging,None,False,False,88.4,False,False,False
ED-030716,HGH,2025-04-09 13:38:00,Wed,Walk-in,P-07395,89,Elderly (80+),F,2,2025-04-09 13:45:18,7.3,Respiratory,Shortness of breath - acute,2025-04-09 13:55:30,10.2,Emergency physician,2025-04-09 18:59:00,321,False,Admitted,Surgical,Both pathology and imaging,"Minor (suturing, splinting, wound care)",False,False,105.7,False,False,False
ED-030757,HGH,2025-04-09 21:06:00,Wed,Walk-in,P-02259,60,Middle-aged (45-64),M,2,2025-04-09 21:15:48,9.8,Neurological,Seizure - resolved,2025-04-09 21:20:06,4.3,Emergency physician,2025-04-10 03:30:00,384,False,Admitted,Maternity,Both pathology and imaging,None,False,False,75.8,False,False,False
ED-030886,HGH,2025-04-11 04:34:00,Fri,Walk-in,P-25574,73,Older adult (65-79),F,4,2025-04-11 04:40:06,6.1,Skin/wound,Wound review / dressing change,2025-04-11 05:04:42,24.6,Resident/HMO,2025-04-11 07:21:00,167,True,Discharged,N/A,Pathology only,None,False,False,77.2,False,False,False
ED-031003,HGH,2025-04-12 08:36:00,Sat,Walk-in,P-31527,81,Elderly (80+),F,2,2025-04-12 08:47:18,11.3,Urological/renal,Renal colic / ureteric pain,2025-04-12 08:58:48,11.5,Emergency physician,2025-04-12 17:27:00,531,False,Discharged,N/A,Both pathology and imaging,"Minor (suturing, splinting, wound care)",False,False,100.9,False,False,False
ED-031073,HGH,2025-04-12 15:49:00,Sat,Ambulance,P-18713,43,Adult (25-44),F,4,2025-04-12 16:02:36,13.6,Neurological,Headache - severe/thunderclap,2025-04-12 17:12:06,69.5,Nurse practitioner,2025-04-12 17:18:00,89,True,Did not wait (DNW),N/A,Imaging only,"Major (intubation, chest drain, resuscitation)",False,True,106.5,False,False,False
ED-031096,HGH,2025-04-12 19:21:00,Sat,Ambulance,P-21003,48,Middle-aged (45-64),F,4,2025-04-12 19:28:06,7.1,Injury/trauma,Fracture - suspected upper limb,2025-04-12 21:40:36,132.5,GP-in-ED,2025-04-12 20:20:00,59,True,Discharged,N/A,Imaging only,None,False,False,90.6,False,False,False
ED-031106,HGH,2025-04-12 21:04:00,Sat,Ambulance,P-16542,102,Elderly (80+),M,2,2025-04-12 21:11:12,7.2,Neurological,Headache - severe/thunderclap,2025-04-12 21:16:30,5.3,GP-in-ED,2025-04-13 00:25:00,201,True,Discharged,N/A,Both pathology and imaging,None,False,False,100.7,False,False,True
ED-031169,HGH,2025-04-13 13:50:00,Sun,Ambulance,P-23912,39,Adult (25-44),F,3,2025-04-13 13:58:42,8.7,Abdominal pain,Abdominal pain - acute,2025-04-13 14:36:18,37.6,Resident/HMO,2025-04-13 16:17:00,147,True,Admitted,Surgical,Pathology only,None,False,False,97.2,False,False,False
ED-031183,HGH,2025-04-13 15:49:00,Sun,Walk-in,P-07250,46,Middle-aged (45-64),F,2,2025-04-13 15:54:18,5.3,Respiratory,Shortness of breath - acute,2025-04-13 16:10:36,16.3,Nurse practitioner,2025-04-13 18:25:00,156,True,Discharged,N/A,Pathology only,None,False,False,73.0,False,False,True
ED-031200,HGH,2025-04-13 17:16:00,Sun,Walk-in,P-13920,57,Middle-aged (45-64),F,3,2025-04-13 17:18:54,2.9,Skin/wound,Cellulitis,2025-04-13 18:04:18,45.4,GP-in-ED,2025-04-13 20:14:00,178,True,Discharged,N/A,Both pathology and imaging,"Minor (suturing, splinting, wound care)",True,False,72.5,False,False,False
ED-031317,HGH,2025-04-14 18:58:00,Mon,Ambulance,P-23318,19,Young adult (16-24),F,3,2025-04-14 19:00:42,2.7,Mental health,Psychosis / acute behavioural disturbance,2025-04-14 19:52:00,51.3,Registrar,2025-04-14 23:11:00,253,False,Admitted,Mental health,None,"Minor (suturing, splinting, wound care)",False,False,65.1,False,True,False
ED-031338,HGH,2025-04-14 22:52:00,Mon,Walk-in,P-24236,36,Adult (25-44),M,5,2025-04-14 23:02:00,10.0,Mental health,Suicidal ideation / self-harm,2025-04-15 03:44:12,282.2,Registrar,2025-04-15 06:33:00,461,False,Admitted,Mental health,None,None,False,False,98.9,False,True,True
ED-031378,HGH,2025-04-15 10:39:00,Tue,Walk-in,P-15256,32,Adult (25-44),M,4,2025-04-15 10:42:54,3.9,Injury/trauma,Fracture - suspected lower limb/hip,2025-04-15 11:42:24,59.5,Resident/HMO,2025-04-15 12:46:00,127,True,Discharged,N/A,Imaging only,None,True,False,87.6,False,False,False
ED-031396,HGH,2025-04-15 13:49:00,Tue,Walk-in,P-26181,37,Adult (25-44),M,3,2025-04-15 13:52:54,3.9,Injury/trauma,MVA - ambulatory,2025-04-15 15:17:54,85.0,Registrar,2025-04-15 17:35:00,226,True,Discharged,N/A,Pathology only,"Moderate (procedural sedation, reduction, abscess I&D)",False,False,76.6,False,False,False
ED-031405,HGH,2025-04-15 15:30:00,Tue,Walk-in,P-18636,42,Adult (25-44),F,4,2025-04-15 15:33:24,3.4,ENT,Epistaxis,2025-04-15 16:02:36,29.2,GP-in-ED,2025-04-15 18:26:00,176,True,Discharged,N/A,Pathology only,"Minor (suturing, splinting, wound care)",False,False,66.4,False,False,False
ED-031412,HGH,2025-04-15 16:38:00,Tue,Walk-in,P-20854,42,Adult (25-44),F,5,2025-04-15 16:43:48,5.8,Gastrointestinal,Diarrhoea - acute/infective,2025-04-15 18:24:36,100.8,Emergency physician,2025-04-15 18:21:00,103,True,Discharged,N/A,Pathology only,None,False,False,61.6,False,False,True
ED-031431,HGH,2025-04-15 20:11:00,Tue,Walk-in,P-10495,35,Adult (25-44),F,5,2025-04-15 20:16:30,5.5,Urological/renal,Renal colic / ureteric pain,2025-04-15 22:32:24,135.9,Resident/HMO,2025-04-15 21:03:00,52,True,Discharged,N/A,None,None,False,False,102.3,False,False,False
ED-031437,HGH,2025-04-15 20:58:00,Tue,Walk-in,P-27953,44,Adult (25-44),F,5,2025-04-15 21:01:54,3.9,Injury/trauma,Laceration - facial/scalp,2025-04-15 21:33:24,31.5,Nurse practitioner,2025-04-15 22:43:00,105,True,Discharged,N/A,None,None,False,False,66.6,False,False,False
ED-031454,HGH,2025-04-16 06:38:00,Wed,Ambulance,P-07230,21,Young adult (16-24),M,4,2025-04-16 06:42:18,4.3,Abdominal pain,Abdominal pain - acute,2025-04-16 09:21:48,159.5,Registrar,2025-04-16 08:27:00,109,True,Discharged,N/A,Pathology only,None,False,False,94.8,False,False,False
ED-031517,HGH,2025-04-16 18:30:00,Wed,Walk-in,P-28254,49,Middle-aged (45-64),M,4,2025-04-16 18:33:06,3.1,Neurological,Headache - tension/migraine,2025-04-16 18:54:24,21.3,Resident/HMO,2025-04-16 20:26:00,116,True,Admitted,Medical,None,None,False,False,87.0,False,False,False
ED-031592,HGH,2025-04-17 11:57:00,Thu,Walk-in,P-25688,52,Middle-aged (45-64),F,4,2025-04-17 12:01:30,4.5,Injury/trauma,Fall - mechanical (no LOC),2025-04-17 12:54:54,53.4,Nurse practitioner,2025-04-17 14:22:00,145,True,Discharged,N/A,Both pathology and imaging,None,False,False,81.6,False,False,True
ED-031643,HGH,2025-04-17 22:29:00,Thu,Walk-in,P-16681,12,Paediatric (0-15),F,3,2025-04-17 22:32:00,3.0,Paediatric febrile,Febrile child (5-15yr),2025-04-17 23:13:36,41.6,Emergency physician,2025-04-18 02:54:00,265,False,Discharged,N/A,Imaging only,"Minor (suturing, splinting, wound care)",False,False,72.1,False,False,False
ED-031656,HGH,2025-04-18 00:57:00,Fri,Walk-in,P-17761,41,Adult (25-44),M,4,2025-04-18 01:01:12,4.2,Injury/trauma,Head injury - minor (GCS 15),2025-04-18 01:47:36,46.4,Resident/HMO,2025-04-18 06:23:00,326,False,Discharged,N/A,Imaging only,"Minor (suturing, splinting, wound care)",False,False,64.8,False,False,False
ED-031675,HGH,2025-04-18 09:10:00,Fri,Walk-in,P-24271,46,Middle-aged (45-64),F,3,2025-04-18 09:12:42,2.7,Respiratory,Shortness of breath - acute,2025-04-18 09:24:54,12.2,Emergency physician,2025-04-18 11:11:00,121,True,Discharged,N/A,Both pathology and imaging,None,False,False,62.3,False,False,False
ED-031688,HGH,2025-04-18 10:00:00,Fri,Walk-in,P-11329,23,Young adult (16-24),F,3,2025-04-18 10:04:06,4.1,Injury/trauma,Fracture - suspected upper limb,2025-04-18 10:39:42,35.6,Registrar,2025-04-18 11:00:00,60,True,Did not wait (DNW),N/A,None,"Minor (suturing, splinting, wound care)",False,False,86.8,False,False,False
ED-031704,HGH,2025-04-18 12:54:00,Fri,Ambulance,P-13744,66,Older adult (65-79),F,4,2025-04-18 12:56:36,2.6,Injury/trauma,Fracture - suspected upper limb,2025-04-18 14:52:00,115.4,Registrar,2025-04-18 14:48:00,114,True,Discharged,N/A,None,None,False,False,84.9,False,False,False
ED-031752,HGH,2025-04-18 19:37:00,Fri,Walk-in,P-11355,62,Middle-aged (45-64),M,4,2025-04-18 19:40:12,3.2,Urological/renal,Urinary retention,2025-04-18 20:44:00,63.8,Registrar,2025-04-18 22:15:00,158,True,Admitted,Surgical,Imaging only,None,False,False,67.8,False,False,True
ED-031837,HGH,2025-04-19 15:19:00,Sat,Ambulance,P-02038,91,Elderly (80+),M,2,2025-04-19 15:22:48,3.8,Chest pain,Chest pain - cardiac features,2025-04-19 15:29:36,6.8,Registrar,2025-04-19 18:24:00,185,True,Admitted,CCU,Both pathology and imaging,"Moderate (procedural sedation, reduction, abscess I&D)",False,False,72.8,False,False,False
ED-031997,HGH,2025-04-21 10:52:00,Mon,Walk-in,P-09570,25,Adult (25-44),F,5,2025-04-21 10:57:24,5.4,Injury/trauma,Fall - mechanical (no LOC),2025-04-21 14:28:18,210.9,GP-in-ED,2025-04-21 12:31:00,99,True,Discharged,N/A,Imaging only,None,False,False,82.3,False,False,False
ED-032045,HGH,2025-04-21 17:47:00,Mon,Walk-in,P-05231,35,Adult (25-44),F,5,2025-04-21 17:50:00,3.0,Other,Review by ED / GP referral,2025-04-21 20:21:06,151.1,Resident/HMO,2025-04-21 19:00:00,73,True,Discharged,N/A,Both pathology and imaging,"Moderate (procedural sedation, reduction, abscess I&D)",False,False,83.6,False,False,False
ED-032071,HGH,2025-04-21 22:15:00,Mon,Walk-in,P-13166,47,Middle-aged (45-64),M,4,2025-04-21 22:17:24,2.4,Abdominal pain,Abdominal pain - non-specific/chronic,2025-04-21 22:57:42,40.3,GP-in-ED,2025-04-22 00:40:00,145,True,Discharged,N/A,Imaging only,None,False,False,63.4,False,False,False
ED-032073,HGH,2025-04-21 22:26:00,Mon,Walk-in,P-17686,49,Middle-aged (45-64),F,4,2025-04-21 22:27:36,1.6,Gastrointestinal,Diarrhoea - acute/infective,2025-04-21 23:08:00,40.4,Registrar,2025-04-22 01:24:00,178,True,Discharged,N/A,Pathology only,"Minor (suturing, splinting, wound care)",False,False,62.0,False,False,False
ED-032126,HGH,2025-04-22 12:21:00,Tue,Ambulance,P-06972,46,Middle-aged (45-64),F,4,2025-04-22 12:28:06,7.1,Ophthalmological,Eye injury / foreign body,2025-04-22 15:55:06,207.0,Resident/HMO,2025-04-22 17:53:00,332,False,Discharged,N/A,Both pathology and imaging,None,False,False,98.9,False,False,False
ED-032127,HGH,2025-04-22 12:41:00,Tue,Ambulance,P-14315,44,Adult (25-44),F,4,2025-04-22 12:45:54,4.9,Mental health,Anxiety / panic,2025-04-22 13:11:06,25.2,Resident/HMO,2025-04-22 18:38:00,357,False,Discharged,N/A,Pathology only,None,False,False,48.2,False,True,False
ED-032230,HGH,2025-04-23 10:12:00,Wed,Walk-in,P-24899,45,Middle-aged (45-64),F,3,2025-04-23 10:22:12,10.2,Poisoning/overdose,Intentional overdose,2025-04-23 10:44:18,22.1,Emergency physician,2025-04-23 16:33:00,381,False,Admitted,Medical,Both pathology and imaging,None,False,False,102.6,False,False,False
ED-032245,HGH,2025-04-23 11:56:00,Wed,Walk-in,P-33095,43,Adult (25-44),F,4,2025-04-23 12:01:06,5.1,Cardiac arrhythmia,Palpitations - benign/known,2025-04-23 13:01:36,60.5,Nurse practitioner,2025-04-23 15:20:00,204,True,Discharged,N/A,Imaging only,"Minor (suturing, splinting, wound care)",False,False,81.4,False,False,False
ED-032248,HGH,2025-04-23 12:18:00,Wed,Walk-in,P-33290,73,Older adult (65-79),F,4,2025-04-23 12:21:36,3.6,Gastrointestinal,Diarrhoea - acute/infective,2025-04-23 12:55:24,33.8,Nurse practitioner,2025-04-23 14:04:00,106,True,Discharged,N/A,None,None,False,False,79.5,False,False,False
ED-032253,HGH,2025-04-23 12:53:00,Wed,Inter-hospital transfer,P-16756,41,Adult (25-44),M,2,2025-04-23 12:56:54,3.9,Chest pain,Chest pain - cardiac features,2025-04-23 13:05:30,8.6,Registrar,2025-04-23 17:49:00,296,False,Admitted,Medical,Both pathology and imaging,None,False,False,77.1,False,False,False
ED-032331,HGH,2025-04-24 08:32:00,Thu,Walk-in,P-31581,33,Adult (25-44),F,4,2025-04-24 08:35:54,3.9,Urological/renal,UTI symptoms,2025-04-24 09:41:48,65.9,Registrar,2025-04-24 10:07:00,95,True,Admitted,Surgical,Imaging only,None,False,False,97.1,False,False,False
ED-032362,HGH,2025-04-24 12:05:00,Thu,Walk-in,P-10118,26,Adult (25-44),M,5,2025-04-24 12:08:00,3.0,Abdominal pain,Abdominal pain - non-specific/chronic,2025-04-24 14:49:06,161.1,Nurse practitioner,2025-04-24 13:38:00,93,True,Discharged,N/A,None,"Minor (suturing, splinting, wound care)",False,False,86.1,False,False,False
ED-032439,HGH,2025-04-25 01:09:00,Fri,Ambulance,P-31575,22,Young adult (16-24),F,4,2025-04-25 01:14:24,5.4,Mental health,Suicidal ideation / self-harm,2025-04-25 02:21:06,66.7,Nurse practitioner,2025-04-25 06:30:00,321,False,Discharged,N/A,None,None,False,False,100.1,False,True,True
ED-032442,HGH,2025-04-25 06:15:00,Fri,Walk-in,P-32294,51,Middle-aged (45-64),M,4,2025-04-25 06:18:36,3.6,ENT,Sore throat / tonsillar,2025-04-25 07:48:54,90.3,Emergency physician,2025-04-25 09:53:00,218,True,Discharged,N/A,Both pathology and imaging,"Minor (suturing, splinting, wound care)",False,False,86.2,False,False,False
ED-032577,HGH,2025-04-26 10:31:00,Sat,Walk-in,P-12250,100,Elderly (80+),M,5,2025-04-26 10:36:30,5.5,Musculoskeletal,Joint pain / swelling,2025-04-26 13:12:24,155.9,Registrar,2025-04-26 12:44:00,133,True,Short stay unit,Short stay unit,Imaging only,None,False,False,76.4,False,False,False
ED-032604,HGH,2025-04-26 14:16:00,Sat,Ambulance,P-10711,62,Middle-aged (45-64),M,3,2025-04-26 14:23:18,7.3,Mental health,Psychosis / acute behavioural disturbance,2025-04-26 15:09:12,45.9,Emergency physician,2025-04-26 20:26:00,370,False,Discharged,N/A,Pathology only,None,False,False,82.9,False,True,False
ED-032619,HGH,2025-04-26 16:16:00,Sat,Walk-in,P-20773,80,Elderly (80+),M,4,2025-04-26 16:19:12,3.2,Musculoskeletal,Back pain - acute,2025-04-26 17:31:54,72.7,Nurse practitioner,2025-04-26 19:50:00,214,True,Discharged,N/A,Both pathology and imaging,None,False,False,84.4,False,False,True
ED-032670,HGH,2025-04-27 09:35:00,Sun,Walk-in,P-14692,47,Middle-aged (45-64),F,3,2025-04-27 09:37:12,2.2,Injury/trauma,Fracture - suspected upper limb,2025-04-27 10:02:30,25.3,Emergency physician,2025-04-27 11:36:00,121,True,Discharged,N/A,Pathology only,None,False,False,85.1,False,False,False
ED-032721,HGH,2025-04-27 16:49:00,Sun,Ambulance,P-06331,30,Adult (25-44),F,3,2025-04-27 16:51:00,2.0,Mental health,Psychosis / acute behavioural disturbance,2025-04-27 17:43:12,52.2,Registrar,2025-04-28 04:16:00,687,False,Discharged,N/A,Pathology only,None,False,False,93.8,False,True,False
ED-032749,HGH,2025-04-27 22:58:00,Sun,Walk-in,P-14760,41,Adult (25-44),M,4,2025-04-27 23:01:30,3.5,Cardiac arrhythmia,Palpitations - benign/known,2025-04-28 01:43:00,161.5,Resident/HMO,2025-04-28 00:58:00,120,True,Discharged,N/A,None,"Minor (suturing, splinting, wound care)",False,False,80.4,False,False,False
ED-032757,HGH,2025-04-28 01:05:00,Mon,Walk-in,P-25458,77,Older adult (65-79),F,5,2025-04-28 01:14:42,9.7,Urological/renal,UTI symptoms,2025-04-28 02:47:48,93.1,Registrar,2025-04-28 02:35:00,90,True,Discharged,N/A,Pathology only,"Moderate (procedural sedation, reduction, abscess I&D)",False,False,97.4,False,False,False
ED-032768,HGH,2025-04-28 09:07:00,Mon,Walk-in,P-10658,70,Older adult (65-79),M,4,2025-04-28 09:09:30,2.5,Skin/wound,Abscess,2025-04-28 10:00:48,51.3,Nurse practitioner,2025-04-28 10:55:00,108,True,Discharged,N/A,Imaging only,"Moderate (procedural sedation, reduction, abscess I&D)",True,False,85.9,False,False,False
ED-032824,HGH,2025-04-28 16:14:00,Mon,Ambulance,P-22661,44,Adult (25-44),F,2,2025-04-28 16:16:24,2.4,Cardiac arrhythmia,Palpitations - new AF/SVT,2025-04-28 16:19:12,2.8,Emergency physician,2025-04-28 19:24:00,190,True,Admitted,Short stay unit,Pathology only,"Moderate (procedural sedation, reduction, abscess I&D)",False,False,52.2,False,False,False
ED-032828,HGH,2025-04-28 17:13:00,Mon,Ambulance,P-22073,102,Elderly (80+),M,2,2025-04-28 17:18:36,5.6,Mental health,Suicidal ideation / self-harm,2025-04-28 17:26:30,7.9,Resident/HMO,2025-04-29 00:58:00,465,False,Discharged,N/A,Both pathology and imaging,"Minor (suturing, splinting, wound care)",False,False,100.5,False,True,False
ED-032870,HGH,2025-04-29 07:42:00,Tue,Walk-in,P-05510,22,Young adult (16-24),M,3,2025-04-29 07:47:18,5.3,Mental health,Suicidal ideation / self-harm,2025-04-29 08:27:12,39.9,Resident/HMO,2025-04-29 13:32:00,350,False,Admitted,Mental health,Pathology only,None,False,False,51.3,False,True,True
ED-032895,HGH,2025-04-29 11:54:00,Tue,Ambulance,P-08429,38,Adult (25-44),F,3,2025-04-29 11:57:24,3.4,Mental health,Psychosis / acute behavioural disturbance,2025-04-29 12:49:06,51.7,Resident/HMO,2025-04-29 16:54:00,300,False,Admitted,Mental health,Pathology only,"Moderate (procedural sedation, reduction, abscess I&D)",False,False,99.0,False,True,False
ED-032949,HGH,2025-04-29 19:12:00,Tue,Ambulance,P-07390,39,Adult (25-44),F,4,2025-04-29 19:16:06,4.1,Injury/trauma,Burn - minor (<10% TBSA),2025-04-29 20:03:18,47.2,GP-in-ED,2025-04-29 21:51:00,159,True,Discharged,N/A,Pathology only,None,False,False,30.0,False,False,False
ED-032956,HGH,2025-04-29 20:04:00,Tue,Walk-in,P-14518,14,Paediatric (0-15),F,4,2025-04-29 20:11:54,7.9,Gastrointestinal,Nausea and vomiting,2025-04-29 22:30:42,138.8,GP-in-ED,2025-04-29 23:01:00,177,True,Discharged,N/A,Pathology only,"Moderate (procedural sedation, reduction, abscess I&D)",False,False,99.8,False,False,True
ED-032960,HGH,2025-04-29 20:39:00,Tue,Walk-in,P-22938,43,Adult (25-44),M,2,2025-04-29 20:42:36,3.6,Respiratory,COPD exacerbation,2025-04-29 20:51:06,8.5,Nurse practitioner,2025-04-30 01:26:00,287,False,Discharged,N/A,Both pathology and imaging,"Moderate (procedural sedation, reduction, abscess I&D)",True,False,59.1,False,False,False
ED-033084,HGH,2025-05-01 09:18:00,Thu,Ambulance,P-05856,46,Middle-aged (45-64),F,2,2025-05-01 09:20:24,2.4,Mental health,Suicidal ideation / self-harm,2025-05-01 09:26:18,5.9,Emergency physician,2025-05-01 13:47:00,269,False,Admitted,Mental health,Both pathology and imaging,"Minor (suturing, splinting, wound care)",False,False,92.5,False,True,False
ED-033142,HGH,2025-05-01 19:31:00,Thu,Walk-in,P-21849,43,Adult (25-44),M,4,2025-05-01 19:35:18,4.3,Poisoning/overdose,Intentional overdose,2025-05-01 20:05:24,30.1,Resident/HMO,2025-05-01 22:38:00,187,True,Discharged,N/A,None,None,False,False,99.3,False,False,False
ED-033154,HGH,2025-05-02 00:05:00,Fri,Ambulance,P-25920,102,Elderly (80+),M,3,2025-05-02 00:08:06,3.1,Respiratory,Asthma exacerbation,2025-05-02 00:28:42,20.6,Registrar,2025-05-02 07:10:00,425,False,Discharged,N/A,Pathology only,None,False,False,86.5,False,False,True
ED-033168,HGH,2025-05-02 08:02:00,Fri,Ambulance,P-16212,23,Young adult (16-24),F,5,2025-05-02 08:05:06,3.1,Injury/trauma,Fall - long lie >1hr / elderly,2025-05-02 08:50:24,45.3,Nurse practitioner,2025-05-02 10:31:00,149,True,Admitted,Surgical,Both pathology and imaging,None,False,False,67.9,False,False,False
ED-033183,HGH,2025-05-02 11:06:00,Fri,Walk-in,P-23425,46,Middle-aged (45-64),F,5,2025-05-02 11:11:48,5.8,Musculoskeletal,Back pain - acute,2025-05-02 12:49:06,97.3,GP-in-ED,2025-05-02 12:30:00,84,True,Discharged,N/A,Imaging only,None,False,False,100.3,False,False,False
ED-033220,HGH,2025-05-02 18:34:00,Fri,Walk-in,P-30674,93,Elderly (80+),F,4,2025-05-02 18:41:00,7.0,Injury/trauma,Fracture - suspected upper limb,2025-05-02 19:56:12,75.2,Registrar,2025-05-02 20:46:00,132,True,Discharged,N/A,None,None,False,False,82.0,False,False,False
ED-033241,HGH,2025-05-02 21:10:00,Fri,Walk-in,P-11703,42,Adult (25-44),F,3,2025-05-02 21:14:12,4.2,Gastrointestinal,Nausea and vomiting,2025-05-02 21:32:12,18.0,Registrar,2025-05-02 23:15:00,125,True,Discharged,N/A,Imaging only,"Moderate (procedural sedation, reduction, abscess I&D)",True,False,70.5,False,False,False
ED-033244,HGH,2025-05-02 21:50:00,Fri,Walk-in,P-23481,26,Adult (25-44),M,3,2025-05-02 21:52:06,2.1,Injury/trauma,Head injury - minor (GCS 15),2025-05-02 22:05:30,13.4,Resident/HMO,2025-05-03 02:59:00,309,False,Discharged,N/A,Both pathology and imaging,None,False,False,85.5,False,False,False
ED-033296,HGH,2025-05-03 11:02:00,Sat,Ambulance,P-34818,61,Middle-aged (45-64),M,3,2025-05-03 11:04:42,2.7,Respiratory,Asthma exacerbation,2025-05-03 11:36:24,31.7,Emergency physician,2025-05-03 13:56:00,174,True,Discharged,N/A,Pathology only,None,False,False,88.3,False,False,False
ED-033322,HGH,2025-05-03 15:40:00,Sat,Walk-in,P-20596,40,Adult (25-44),F,3,2025-05-03 15:43:00,3.0,Gastrointestinal,Nausea and vomiting,2025-05-03 16:05:18,22.3,Resident/HMO,2025-05-03 19:12:00,212,True,Admitted,Surgical,Both pathology and imaging,None,False,False,101.3,False,False,False
ED-033323,HGH,2025-05-03 15:41:00,Sat,Walk-in,P-30338,17,Young adult (16-24),M,3,2025-05-03 15:47:36,6.6,Injury/trauma,Fall - mechanical (no LOC),2025-05-03 16:18:12,30.6,Registrar,2025-05-03 18:45:00,184,True,Discharged,N/A,Imaging only,"Moderate (procedural sedation, reduction, abscess I&D)",False,False,105.8,False,False,False
ED-033391,HGH,2025-05-04 10:01:00,Sun,Walk-in,P-17546,26,Adult (25-44),M,3,2025-05-04 10:11:06,10.1,Abdominal pain,Abdominal pain - acute,2025-05-04 10:41:24,30.3,Emergency physician,2025-05-04 16:07:00,366,False,Admitted,Short stay unit,Both pathology and imaging,None,True,False,95.6,False,False,False
ED-033399,HGH,2025-05-04 10:59:00,Sun,Walk-in,P-20705,102,Elderly (80+),F,3,2025-05-04 11:07:48,8.8,Gastrointestinal,Nausea and vomiting,2025-05-04 11:20:24,12.6,Resident/HMO,2025-05-04 16:07:00,308,False,Admitted,Medical,Both pathology and imaging,None,False,False,87.8,False,False,False
ED-033419,HGH,2025-05-04 14:57:00,Sun,Ambulance,P-20509,49,Middle-aged (45-64),M,3,2025-05-04 15:02:30,5.5,Chest pain,Chest pain - cardiac features,2025-05-04 15:16:12,13.7,Nurse practitioner,2025-05-04 20:07:00,310,False,Discharged,N/A,Imaging only,"Minor (suturing, splinting, wound care)",False,False,80.3,False,False,False
ED-033559,HGH,2025-05-05 23:37:00,Mon,Walk-in,P-00716,84,Elderly (80+),F,3,2025-05-05 23:41:12,4.2,Ophthalmological,Acute vision loss / eye pain,2025-05-06 00:01:06,19.9,GP-in-ED,2025-05-06 04:22:00,285,False,Admitted,Surgical,Both pathology and imaging,"Moderate (procedural sedation, reduction, abscess I&D)",False,False,68.2,False,False,False
ED-033575,HGH,2025-05-06 09:11:00,Tue,Walk-in,P-15769,46,Middle-aged (45-64),F,3,2025-05-06 09:14:30,3.5,Injury/trauma,Burn - minor (<10% TBSA),2025-05-06 09:34:12,19.7,Registrar,2025-05-06 11:26:00,135,True,Discharged,N/A,None,None,False,False,87.9,False,False,False
ED-033600,HGH,2025-05-06 11:42:00,Tue,Walk-in,P-06072,34,Adult (25-44),F,4,2025-05-06 11:44:48,2.8,Abdominal pain,Abdominal pain - non-specific/chronic,2025-05-06 12:53:06,68.3,Resident/HMO,2025-05-06 13:34:00,112,True,Discharged,N/A,Both pathology and imaging,"Minor (suturing, splinting, wound care)",False,False,54.2,False,False,False
ED-033632,HGH,2025-05-06 16:09:00,Tue,Walk-in,P-15547,40,Adult (25-44),F,5,2025-05-06 16:11:12,2.2,Musculoskeletal,Back pain - acute,2025-05-06 16:54:36,43.4,Emergency physician,2025-05-06 17:16:00,67,True,Discharged,N/A,None,None,True,False,69.8,False,False,False
ED-033677,HGH,2025-05-07 07:58:00,Wed,Walk-in,P-03694,78,Older adult (65-79),M,4,2025-05-07 08:02:18,4.3,Musculoskeletal,Back pain - acute,2025-05-07 08:42:06,39.8,Resident/HMO,2025-05-07 09:27:00,89,True,Discharged,N/A,None,None,False,False,86.4,False,False,False
ED-033783,HGH,2025-05-08 01:15:00,Thu,Walk-in,P-00578,15,Paediatric (0-15),M,2,2025-05-08 01:18:00,3.0,Neurological,Stroke/TIA symptoms,2025-05-08 01:25:00,7.0,Emergency physician,2025-05-08 09:43:00,508,False,Admitted,Medical,Both pathology and imaging,"Moderate (procedural sedation, reduction, abscess I&D)",False,False,72.8,False,False,False
ED-033817,HGH,2025-05-08 11:34:00,Thu,Walk-in,P-28710,46,Middle-aged (45-64),M,5,2025-05-08 11:40:06,6.1,Cardiac arrhythmia,Palpitations - benign/known,2025-05-08 12:54:24,74.3,Emergency physician,2025-05-08 13:27:00,113,True,Admitted,Orthopaedic,Pathology only,"Moderate (procedural sedation, reduction, abscess I&D)",False,False,83.7,False,False,False
ED-033822,HGH,2025-05-08 12:33:00,Thu,Ambulance,P-02009,63,Middle-aged (45-64),F,3,2025-05-08 12:37:24,4.4,Respiratory,Shortness of breath - acute,2025-05-08 13:17:48,40.4,GP-in-ED,2025-05-08 16:50:00,257,False,Discharged,N/A,Both pathology and imaging,None,False,False,81.7,False,False,False
ED-033840,HGH,2025-05-08 15:32:00,Thu,Walk-in,P-23281,23,Young adult (16-24),M,3,2025-05-08 15:35:00,3.0,Respiratory,COPD exacerbation,2025-05-08 16:20:54,45.9,Emergency physician,2025-05-08 18:25:00,173,True,Discharged,N/A,Imaging only,None,False,False,95.1,False,False,False
ED-033843,HGH,2025-05-08 15:52:00,Thu,Walk-in,P-02563,41,Adult (25-44),M,4,2025-05-08 15:53:12,1.2,Skin/wound,Abscess,2025-05-08 17:12:24,79.2,Resident/HMO,2025-05-08 18:51:00,179,True,Discharged,N/A,None,None,False,False,74.5,False,False,False
ED-033854,HGH,2025-05-08 18:08:00,Thu,Walk-in,P-15399,61,Middle-aged (45-64),F,4,2025-05-08 18:14:36,6.6,Poisoning/overdose,Intentional overdose,2025-05-08 18:58:00,43.4,Resident/HMO,2025-05-08 21:57:00,229,True,Discharged,N/A,Pathology only,None,False,False,73.6,False,False,False
ED-033863,HGH,2025-05-08 19:40:00,Thu,Walk-in,P-26762,70,Older adult (65-79),F,4,2025-05-08 19:43:42,3.7,Urological/renal,UTI symptoms,2025-05-08 20:21:36,37.9,Resident/HMO,2025-05-08 20:36:00,56,True,Did not wait (DNW),N/A,None,None,False,False,82.2,False,False,True
ED-033921,HGH,2025-05-09 13:11:00,Fri,Walk-in,P-06356,35,Adult (25-44),M,3,2025-05-09 13:17:36,6.6,Gastrointestinal,Nausea and vomiting,2025-05-09 13:39:48,22.2,Emergency physician,2025-05-09 20:11:00,420,False,Left against medical advice (LAMA),N/A,Both pathology and imaging,None,False,False,69.7,False,False,False
ED-033927,HGH,2025-05-09 14:40:00,Fri,Ambulance,P-02389,75,Older adult (65-79),F,2,2025-05-09 14:43:54,3.9,Abdominal pain,Abdominal pain - acute,2025-05-09 15:04:12,20.3,Registrar,2025-05-09 19:25:00,285,False,Admitted,Medical,Both pathology and imaging,"Moderate (procedural sedation, reduction, abscess I&D)",False,False,83.3,False,False,False
ED-034004,HGH,2025-05-10 11:14:00,Sat,Walk-in,P-04065,7,Paediatric (0-15),F,2,2025-05-10 11:24:24,10.4,Paediatric febrile,Febrile child (<5yr),2025-05-10 11:36:36,12.2,Emergency physician,2025-05-10 18:45:00,451,False,Discharged,N/A,Imaging only,None,True,False,90.3,False,False,False
ED-034019,HGH,2025-05-10 12:36:00,Sat,Walk-in,P-08799,33,Adult (25-44),M,4,2025-05-10 12:39:30,3.5,Abdominal pain,Abdominal pain - acute,2025-05-10 13:03:48,24.3,Emergency physician,2025-05-10 14:18:00,102,True,Discharged,N/A,Pathology only,None,False,False,77.0,False,False,False
ED-034046,HGH,2025-05-10 17:45:00,Sat,Walk-in,P-12704,64,Middle-aged (45-64),M,4,2025-05-10 17:55:24,10.4,Injury/trauma,Laceration - facial/scalp,2025-05-10 18:15:12,19.8,Registrar,2025-05-10 20:20:00,155,True,Discharged,N/A,None,"Moderate (procedural sedation, reduction, abscess I&D)",False,False,93.2,False,False,False
ED-034093,HGH,2025-05-11 07:19:00,Sun,Walk-in,P-12859,25,Adult (25-44),F,4,2025-05-11 07:23:48,4.8,Cardiac arrhythmia,Palpitations - benign/known,2025-05-11 08:31:12,67.4,Registrar,2025-05-11 10:54:00,215,True,Discharged,N/A,Pathology only,None,False,False,95.2,False,False,False
ED-034107,HGH,2025-05-11 09:55:00,Sun,Ambulance,P-23108,71,Older adult (65-79),F,3,2025-05-11 10:00:12,5.2,Neurological,Syncope / collapse,2025-05-11 10:17:54,17.7,Emergency physician,2025-05-11 14:24:00,269,False,Discharged,N/A,Both pathology and imaging,"Minor (suturing, splinting, wound care)",False,False,102.5,False,False,False
ED-034117,HGH,2025-05-11 10:59:00,Sun,Walk-in,P-32643,90,Elderly (80+),M,2,2025-05-11 11:01:30,2.5,Respiratory,Shortness of breath - acute,2025-05-11 11:06:54,5.4,Nurse practitioner,2025-05-11 16:05:00,306,False,Admitted,Maternity,None,"Moderate (procedural sedation, reduction, abscess I&D)",False,False,88.6,False,False,False
ED-034181,HGH,2025-05-12 00:27:00,Mon,Walk-in,P-19883,65,Older adult (65-79),M,4,2025-05-12 00:35:54,8.9,Abdominal pain,Abdominal pain - acute,2025-05-12 01:38:18,62.4,Resident/HMO,2025-05-12 03:35:00,188,True,Admitted,Medical,Imaging only,None,False,False,80.3,False,False,False
ED-034276,HGH,2025-05-12 22:36:00,Mon,Walk-in,P-00852,62,Middle-aged (45-64),M,4,2025-05-12 22:43:36,7.6,Skin/wound,Cellulitis,2025-05-13 01:01:42,138.1,Nurse practitioner,2025-05-13 01:12:00,156,True,Discharged,N/A,Imaging only,"Minor (suturing, splinting, wound care)",False,False,87.2,False,False,False
ED-034346,HGH,2025-05-13 13:09:00,Tue,Walk-in,P-23000,102,Elderly (80+),F,4,2025-05-13 13:18:00,9.0,Neurological,Dizziness / vertigo,2025-05-13 14:59:06,101.1,Registrar,2025-05-13 15:56:00,167,True,Discharged,N/A,Pathology only,"Minor (suturing, splinting, wound care)",False,False,55.4,False,False,False
ED-034418,HGH,2025-05-14 06:35:00,Wed,Walk-in,P-15308,42,Adult (25-44),F,4,2025-05-14 06:39:00,4.0,Musculoskeletal,Joint pain / swelling,2025-05-14 07:08:00,29.0,GP-in-ED,2025-05-14 08:49:00,134,True,Discharged,N/A,Both pathology and imaging,None,False,False,59.6,False,False,False
ED-034539,HGH,2025-05-15 10:01:00,Thu,Walk-in,P-13299,32,Adult (25-44),M,5,2025-05-15 10:05:06,4.1,ENT,Foreign body - ear/nose/throat,2025-05-15 11:10:00,64.9,Nurse practitioner,2025-05-15 10:51:00,50,True,Discharged,N/A,None,None,False,False,92.8,False,False,False
ED-034593,HGH,2025-05-15 19:12:00,Thu,Walk-in,P-17152,37,Adult (25-44),F,2,2025-05-15 19:23:06,11.1,Abdominal pain,Abdominal pain - acute,2025-05-15 19:33:06,10.0,Emergency physician,2025-05-16 01:48:00,396,False,Discharged,N/A,Both pathology and imaging,"Minor (suturing, splinting, wound care)",False,False,73.0,False,False,False
ED-034656,HGH,2025-05-16 10:49:00,Fri,Walk-in,P-33219,102,Elderly (80+),F,3,2025-05-16 10:50:42,1.7,Injury/trauma,Head injury - minor (GCS 15),2025-05-16 12:04:30,73.8,Nurse practitioner,2025-05-16 14:02:00,193,True,Discharged,N/A,Both pathology and imaging,None,False,False,84.4,False,False,False
ED-034657,HGH,2025-05-16 10:59:00,Fri,Walk-in,P-31510,32,Adult (25-44),F,4,2025-05-16 11:06:12,7.2,Gastrointestinal,Nausea and vomiting,2025-05-16 12:07:30,61.3,Nurse practitioner,2025-05-16 12:33:00,94,True,Did not wait (DNW),N/A,Both pathology and imaging,None,False,False,83.9,False,False,False
ED-034734,HGH,2025-05-17 05:38:00,Sat,Ambulance,P-07563,47,Middle-aged (45-64),M,3,2025-05-17 05:42:36,4.6,Mental health,Psychosis / acute behavioural disturbance,2025-05-17 05:54:36,12.0,Emergency physician,2025-05-17 10:04:00,266,False,Discharged,N/A,Pathology only,"Minor (suturing, splinting, wound care)",False,False,86.7,False,True,False
ED-034773,HGH,2025-05-17 11:55:00,Sat,Inter-hospital transfer,P-21008,41,Adult (25-44),M,4,2025-05-17 11:58:54,3.9,Injury/trauma,Laceration - facial/scalp,2025-05-17 13:10:54,72.0,Resident/HMO,2025-05-17 15:39:00,224,True,Discharged,N/A,Both pathology and imaging,"Minor (suturing, splinting, wound care)",False,False,87.8,False,False,False
ED-034794,HGH,2025-05-17 14:26:00,Sat,Walk-in,P-03778,77,Older adult (65-79),F,2,2025-05-17 14:29:06,3.1,Respiratory,COPD exacerbation,2025-05-17 14:40:30,11.4,Resident/HMO,2025-05-17 22:23:00,477,False,Admitted,Medical,Both pathology and imaging,"Minor (suturing, splinting, wound care)",False,False,93.9,False,False,False
ED-034840,HGH,2025-05-17 21:28:00,Sat,Walk-in,P-13172,42,Adult (25-44),M,2,2025-05-17 21:33:36,5.6,Chest pain,Chest pain - cardiac features,2025-05-17 21:39:24,5.8,Emergency physician,2025-05-18 03:25:00,357,False,Admitted,Paediatric,Pathology only,"Moderate (procedural sedation, reduction, abscess I&D)",False,False,84.6,False,False,False
ED-034839,HGH,2025-05-17 21:28:00,Sat,Walk-in,P-13645,102,Elderly (80+),X,2,2025-05-17 21:31:54,3.9,Neurological,Headache - severe/thunderclap,2025-05-17 21:43:42,11.8,Resident/HMO,2025-05-18 05:26:00,478,False,Discharged,N/A,Both pathology and imaging,"Major (intubation, chest drain, resuscitation)",False,False,91.4,False,False,True
ED-034887,HGH,2025-05-18 11:00:00,Sun,Ambulance,P-34902,22,Young adult (16-24),M,5,2025-05-18 11:05:36,5.6,Abdominal pain,Abdominal pain - non-specific/chronic,2025-05-18 13:00:48,115.2,Registrar,2025-05-18 12:43:00,103,True,Discharged,N/A,None,None,False,False,83.0,False,False,False
ED-034909,HGH,2025-05-18 13:55:00,Sun,Walk-in,P-26105,33,Adult (25-44),F,4,2025-05-18 13:59:24,4.4,Obstetric/gynaecological,Vaginal bleeding - early pregnancy,2025-05-18 15:39:12,99.8,Registrar,2025-05-18 15:40:00,105,True,Discharged,N/A,Pathology only,"Moderate (procedural sedation, reduction, abscess I&D)",False,False,86.3,False,False,False
ED-034960,HGH,2025-05-19 07:23:00,Mon,Walk-in,P-27524,54,Middle-aged (45-64),M,5,2025-05-19 07:25:12,2.2,Gastrointestinal,Nausea and vomiting,2025-05-19 09:13:00,107.8,Registrar,2025-05-19 08:58:00,95,True,Discharged,N/A,Imaging only,None,False,False,105.8,False,False,False
ED-034981,HGH,2025-05-19 11:03:00,Mon,Walk-in,P-32231,39,Adult (25-44),M,4,2025-05-19 11:10:06,7.1,Injury/trauma,Head injury - minor (GCS 15),2025-05-19 13:55:36,165.5,Resident/HMO,2025-05-19 14:26:00,203,True,Discharged,N/A,Imaging only,"Minor (suturing, splinting, wound care)",False,False,100.3,False,False,False
ED-035001,HGH,2025-05-19 13:32:00,Mon,Walk-in,P-18003,21,Young adult (16-24),M,3,2025-05-19 13:39:24,7.4,Injury/trauma,Fall - mechanical (no LOC),2025-05-19 13:50:12,10.8,Resident/HMO,2025-05-19 18:43:00,311,False,Discharged,N/A,Pathology only,None,False,False,44.1,False,False,False
ED-035064,HGH,2025-05-20 00:45:00,Tue,Walk-in,P-25525,48,Middle-aged (45-64),M,2,2025-05-20 00:51:12,6.2,Abdominal pain,Abdominal pain - RIF (? appendicitis),2025-05-20 00:55:12,4.0,Resident/HMO,2025-05-20 04:37:00,232,True,Discharged,N/A,Pathology only,"Moderate (procedural sedation, reduction, abscess I&D)",False,False,62.1,False,False,False
ED-035093,HGH,2025-05-20 10:31:00,Tue,Walk-in,P-32336,77,Older adult (65-79),M,4,2025-05-20 10:34:24,3.4,Urological/renal,UTI symptoms,2025-05-20 11:05:48,31.4,Nurse practitioner,2025-05-20 16:39:00,368,False,Discharged,N/A,Both pathology and imaging,None,False,False,55.3,False,False,False
ED-035107,HGH,2025-05-20 12:45:00,Tue,Ambulance,P-13246,78,Older adult (65-79),M,4,2025-05-20 12:47:54,2.9,Respiratory,COPD exacerbation,2025-05-20 13:12:54,25.0,Emergency physician,2025-05-20 15:45:00,180,True,Admitted,CCU,Both pathology and imaging,"Minor (suturing, splinting, wound care)",False,False,91.7,False,False,False
ED-035196,HGH,2025-05-21 11:57:00,Wed,Walk-in,P-31814,34,Adult (25-44),F,4,2025-05-21 12:02:24,5.4,Ophthalmological,Eye injury / foreign body,2025-05-21 13:52:54,110.5,Resident/HMO,2025-05-21 13:27:00,90,True,Discharged,N/A,None,None,False,False,98.2,False,False,False
ED-035230,HGH,2025-05-21 18:02:00,Wed,Ambulance,P-14960,67,Older adult (65-79),F,4,2025-05-21 18:06:18,4.3,Chest pain,Chest pain - cardiac features,2025-05-21 18:59:30,53.2,Nurse practitioner,2025-05-21 20:03:00,121,True,Admitted,ICU,Pathology only,"Moderate (procedural sedation, reduction, abscess I&D)",False,False,92.9,False,False,False
ED-035269,HGH,2025-05-22 05:36:00,Thu,Walk-in,P-26504,65,Older adult (65-79),M,3,2025-05-22 05:44:00,8.0,Abdominal pain,Abdominal pain - acute,2025-05-22 06:11:06,27.1,Resident/HMO,2025-05-22 08:30:00,174,True,Discharged,N/A,Imaging only,None,False,False,68.6,False,False,False
ED-035286,HGH,2025-05-22 09:36:00,Thu,Walk-in,P-01777,48,Middle-aged (45-64),M,3,2025-05-22 09:44:12,8.2,Urological/renal,UTI symptoms,2025-05-22 10:24:36,40.4,Nurse practitioner,2025-05-22 12:06:00,150,True,Discharged,N/A,Both pathology and imaging,None,False,False,101.0,False,False,False
ED-035296,HGH,2025-05-22 10:35:00,Thu,Walk-in,P-18278,47,Middle-aged (45-64),M,3,2025-05-22 10:41:12,6.2,Gastrointestinal,Nausea and vomiting,2025-05-22 11:04:00,22.8,Emergency physician,2025-05-22 13:04:00,149,True,Discharged,N/A,Both pathology and imaging,None,False,False,80.9,False,False,False
ED-035368,HGH,2025-05-22 20:19:00,Thu,Walk-in,P-11588,17,Young adult (16-24),M,5,2025-05-22 20:25:12,6.2,Gastrointestinal,GI bleed - haematemesis/melaena,2025-05-22 21:17:18,52.1,GP-in-ED,2025-05-22 21:54:00,95,True,Admitted,Medical,Pathology only,"Minor (suturing, splinting, wound care)",False,False,100.7,False,False,False
ED-035551,HGH,2025-05-24 15:06:00,Sat,Ambulance,P-08689,102,Elderly (80+),M,4,2025-05-24 15:07:54,1.9,Abdominal pain,Abdominal pain - acute,2025-05-24 15:42:48,34.9,Registrar,2025-05-24 20:58:00,352,False,Admitted,Medical,Pathology only,None,False,False,80.8,False,False,False
ED-035695,HGH,2025-05-25 23:27:00,Sun,Walk-in,P-19418,28,Adult (25-44),F,2,2025-05-25 23:39:00,12.0,Respiratory,Shortness of breath - acute,2025-05-25 23:42:36,3.6,Emergency physician,2025-05-26 05:54:00,387,False,Admitted,Medical,Both pathology and imaging,None,False,False,95.1,False,False,False
ED-035740,HGH,2025-05-26 13:19:00,Mon,Walk-in,P-13705,22,Young adult (16-24),F,4,2025-05-26 13:21:18,2.3,General unwell/sepsis-query,Generally unwell / reduced oral intake,2025-05-26 13:59:36,38.3,Resident/HMO,2025-05-26 15:12:00,113,True,Discharged,N/A,None,None,False,False,73.8,False,False,False
ED-035820,HGH,2025-05-27 10:02:00,Tue,Walk-in,P-21338,44,Adult (25-44),M,3,2025-05-27 10:04:36,2.6,Poisoning/overdose,Intentional overdose,2025-05-27 10:18:12,13.6,Emergency physician,2025-05-27 10:38:00,36,True,Did not wait (DNW),N/A,Both pathology and imaging,"Moderate (procedural sedation, reduction, abscess I&D)",False,False,103.0,False,False,False
ED-035838,HGH,2025-05-27 11:45:00,Tue,Ambulance,P-18175,73,Older adult (65-79),M,2,2025-05-27 11:47:48,2.8,Neurological,Stroke/TIA symptoms,2025-05-27 11:54:18,6.5,Registrar,2025-05-27 16:57:00,312,False,Admitted,Surgical,None,"Minor (suturing, splinting, wound care)",False,False,64.0,False,False,False
ED-035935,HGH,2025-05-28 08:22:00,Wed,Ambulance,P-20405,51,Middle-aged (45-64),F,3,2025-05-28 08:27:06,5.1,Injury/trauma,Fall - long lie >1hr / elderly,2025-05-28 08:50:00,22.9,Emergency physician,2025-05-28 11:03:00,161,True,Discharged,N/A,Both pathology and imaging,"Minor (suturing, splinting, wound care)",True,False,81.6,False,False,True
ED-035944,HGH,2025-05-28 09:48:00,Wed,Walk-in,P-25149,46,Middle-aged (45-64),F,4,2025-05-28 09:51:42,3.7,Injury/trauma,Laceration - upper limb,2025-05-28 10:44:06,52.4,GP-in-ED,2025-05-28 13:00:00,192,True,Discharged,N/A,Pathology only,None,False,False,81.4,False,False,False
ED-036017,HGH,2025-05-28 20:33:00,Wed,Police/corrections,P-14625,47,Middle-aged (45-64),F,4,2025-05-28 20:34:48,1.8,Chest pain,Chest pain - non-cardiac/musculoskeletal,2025-05-28 21:34:48,60.0,Nurse practitioner,2025-05-28 21:56:00,83,True,Admitted,Surgical,Both pathology and imaging,None,False,False,84.1,False,False,False
ED-036044,HGH,2025-05-29 08:32:00,Thu,Police/corrections,P-34236,19,Young adult (16-24),M,5,2025-05-29 08:35:48,3.8,Skin/wound,Wound review / dressing change,2025-05-29 09:15:48,40.0,Nurse practitioner,2025-05-29 10:45:00,133,True,Discharged,N/A,Imaging only,None,False,False,91.4,False,False,True
ED-036150,HGH,2025-05-30 09:55:00,Fri,Walk-in,P-25301,86,Elderly (80+),M,4,2025-05-30 09:57:36,2.6,Injury/trauma,Fracture - suspected upper limb,2025-05-30 10:32:42,35.1,Registrar,2025-05-30 12:20:00,145,True,Admitted,Surgical,Imaging only,None,False,False,87.5,False,False,False
ED-036192,HGH,2025-05-30 15:31:00,Fri,Ambulance,P-15303,51,Middle-aged (45-64),M,3,2025-05-30 15:38:30,7.5,Gastrointestinal,GI bleed - haematemesis/melaena,2025-05-30 15:48:00,9.5,Emergency physician,2025-05-30 20:59:00,328,False,Discharged,N/A,Both pathology and imaging,"Major (intubation, chest drain, resuscitation)",True,False,88.4,False,False,True
ED-036220,HGH,2025-05-30 20:19:00,Fri,Walk-in,P-21193,42,Adult (25-44),F,4,2025-05-30 20:25:00,6.0,Mental health,Suicidal ideation / self-harm,2025-05-30 20:57:00,32.0,GP-in-ED,2025-05-31 01:35:00,316,False,Admitted,Mental health,Pathology only,None,False,False,64.9,False,True,True
ED-036238,HGH,2025-05-30 23:14:00,Fri,Ambulance,P-08054,42,Adult (25-44),F,4,2025-05-30 23:20:18,6.3,Mental health,Suicidal ideation / self-harm,2025-05-31 03:44:48,264.5,Resident/HMO,2025-05-31 09:27:00,613,False,Discharged,N/A,None,None,False,False,69.9,False,True,False
ED-036267,HGH,2025-05-31 11:06:00,Sat,Walk-in,P-19521,74,Older adult (65-79),M,5,2025-05-31 11:14:24,8.4,Urological/renal,UTI symptoms,2025-05-31 12:47:54,93.5,Emergency physician,2025-05-31 12:32:00,86,True,Discharged,N/A,Imaging only,"Minor (suturing, splinting, wound care)",True,False,65.9,False,False,False
ED-036279,HGH,2025-05-31 12:22:00,Sat,Walk-in,P-02687,30,Adult (25-44),F,3,2025-05-31 12:29:06,7.1,Chest pain,Chest pain - pleuritic,2025-05-31 12:38:30,9.4,Registrar,2025-05-31 15:06:00,164,True,Discharged,N/A,Both pathology and imaging,"Minor (suturing, splinting, wound care)",False,False,86.3,False,False,False
ED-036288,HGH,2025-05-31 13:28:00,Sat,Walk-in,P-10619,41,Adult (25-44),M,3,2025-05-31 13:31:00,3.0,Ophthalmological,Acute vision loss / eye pain,2025-05-31 13:41:42,10.7,GP-in-ED,2025-05-31 16:13:00,165,True,Discharged,N/A,Pathology only,None,False,False,71.2,False,False,True
ED-036376,HGH,2025-06-01 09:31:00,Sun,Walk-in,P-01220,36,Adult (25-44),M,3,2025-06-01 09:35:42,4.7,Poisoning/overdose,Intentional overdose,2025-06-01 09:46:24,10.7,Nurse practitioner,2025-06-01 12:06:00,155,True,Admitted,Medical,Both pathology and imaging,None,False,False,74.6,False,False,False
ED-036432,HGH,2025-06-01 17:05:00,Sun,Walk-in,P-20311,62,Middle-aged (45-64),F,4,2025-06-01 17:10:54,5.9,Gastrointestinal,Nausea and vomiting,2025-06-01 20:41:00,210.1,Registrar,2025-06-01 18:20:00,75,True,Short stay unit,Short stay unit,None,"Moderate (procedural sedation, reduction, abscess I&D)",False,False,83.9,False,False,False
ED-036478,HGH,2025-06-02 06:40:00,Mon,Walk-in,P-02384,24,Young adult (16-24),M,4,2025-06-02 06:44:48,4.8,Injury/trauma,Burn - minor (<10% TBSA),2025-06-02 07:19:54,35.1,Registrar,2025-06-02 10:23:00,223,True,Discharged,N/A,Imaging only,None,False,False,62.4,False,False,False
ED-036500,HGH,2025-06-02 10:39:00,Mon,Ambulance,P-08597,57,Middle-aged (45-64),M,3,2025-06-02 10:45:36,6.6,Chest pain,Chest pain - non-cardiac/musculoskeletal,2025-06-02 10:56:42,11.1,Nurse practitioner,2025-06-02 11:43:00,64,True,Discharged,N/A,None,None,False,False,75.6,False,False,False
ED-036596,HGH,2025-06-03 04:18:00,Tue,Ambulance,P-19488,14,Paediatric (0-15),M,3,2025-06-03 04:22:30,4.5,Paediatric febrile,Febrile child (<5yr),2025-06-03 04:39:54,17.4,Emergency physician,2025-06-03 08:13:00,235,True,Discharged,N/A,Pathology only,"Minor (suturing, splinting, wound care)",False,False,93.5,False,False,False
ED-036599,HGH,2025-06-03 07:01:00,Tue,Ambulance,P-32123,63,Middle-aged (45-64),F,2,2025-06-03 07:06:54,5.9,General unwell/sepsis-query,Febrile - query sepsis,2025-06-03 07:09:48,2.9,Registrar,2025-06-03 09:29:00,148,True,Admitted,ICU,Both pathology and imaging,"Minor (suturing, splinting, wound care)",False,False,76.7,False,False,False
ED-036614,HGH,2025-06-03 10:05:00,Tue,Walk-in,P-19685,33,Adult (25-44),M,3,2025-06-03 10:09:42,4.7,ENT,Epistaxis,2025-06-03 10:32:36,22.9,Registrar,2025-06-03 12:22:00,137,True,Short stay unit,Short stay unit,Pathology only,None,False,False,81.4,False,False,False
ED-036626,HGH,2025-06-03 11:55:00,Tue,Walk-in,P-29050,30,Adult (25-44),M,3,2025-06-03 11:57:42,2.7,Injury/trauma,Fracture - suspected upper limb,2025-06-03 12:17:42,20.0,Registrar,2025-06-03 18:12:00,377,False,Discharged,N/A,Both pathology and imaging,"Moderate (procedural sedation, reduction, abscess I&D)",False,False,86.2,False,False,False
ED-036665,HGH,2025-06-03 17:01:00,Tue,Walk-in,P-24406,62,Middle-aged (45-64),F,5,2025-06-03 17:06:00,5.0,Injury/trauma,Laceration - upper limb,2025-06-03 19:28:12,142.2,Resident/HMO,2025-06-03 19:37:00,156,True,Discharged,N/A,None,None,False,False,88.8,False,False,False
ED-036815,HGH,2025-06-05 01:50:00,Thu,Inter-hospital transfer,P-06566,51,Middle-aged (45-64),M,2,2025-06-05 01:54:24,4.4,Respiratory,COPD exacerbation,2025-06-05 01:58:06,3.7,Emergency physician,2025-06-05 05:20:00,210,True,Admitted,Medical,Both pathology and imaging,"Moderate (procedural sedation, reduction, abscess I&D)",False,False,89.2,False,False,False
ED-036819,HGH,2025-06-05 04:03:00,Thu,Ambulance,P-33652,102,Elderly (80+),M,4,2025-06-05 04:05:30,2.5,Injury/trauma,Fall - long lie >1hr / elderly,2025-06-05 08:03:30,238.0,GP-in-ED,2025-06-05 06:47:00,164,True,Admitted,Short stay unit,Imaging only,None,False,False,86.5,False,False,False
ED-036834,HGH,2025-06-05 08:54:00,Thu,Walk-in,P-01434,33,Adult (25-44),F,3,2025-06-05 09:05:12,11.2,Injury/trauma,Fracture - suspected lower limb/hip,2025-06-05 09:35:36,30.4,Registrar,2025-06-05 12:35:00,221,True,Admitted,Short stay unit,Both pathology and imaging,None,False,False,103.8,False,False,False
ED-036838,HGH,2025-06-05 09:11:00,Thu,Ambulance,P-08752,26,Adult (25-44),M,4,2025-06-05 09:20:00,9.0,Respiratory,Shortness of breath - acute,2025-06-05 10:47:36,87.6,Resident/HMO,2025-06-05 11:17:00,126,True,Discharged,N/A,Imaging only,"Moderate (procedural sedation, reduction, abscess I&D)",False,False,83.8,False,False,False
ED-036845,HGH,2025-06-05 09:52:00,Thu,Walk-in,P-09845,21,Young adult (16-24),F,4,2025-06-05 09:58:06,6.1,Musculoskeletal,Back pain - acute,2025-06-05 10:27:36,29.5,Resident/HMO,2025-06-05 14:51:00,299,False,Discharged,N/A,Both pathology and imaging,"Minor (suturing, splinting, wound care)",False,False,85.0,False,False,False
ED-036879,HGH,2025-06-05 13:56:00,Thu,Walk-in,P-11751,42,Adult (25-44),F,4,2025-06-05 13:57:54,1.9,Respiratory,Shortness of breath - acute,2025-06-05 14:39:18,41.4,GP-in-ED,2025-06-05 18:13:00,257,False,Discharged,N/A,Pathology only,None,True,False,83.2,False,False,False
ED-036906,HGH,2025-06-05 18:12:00,Thu,Walk-in,P-27346,36,Adult (25-44),M,4,2025-06-05 18:29:30,17.5,Gastrointestinal,Nausea and vomiting,2025-06-05 19:18:18,48.8,GP-in-ED,2025-06-05 21:45:00,213,True,Discharged,N/A,None,None,False,False,98.2,False,False,False
ED-036931,HGH,2025-06-05 20:59:00,Thu,Walk-in,P-14179,31,Adult (25-44),F,3,2025-06-05 21:02:06,3.1,Neurological,Headache - severe/thunderclap,2025-06-05 21:18:24,16.3,Registrar,2025-06-06 00:37:00,218,True,Discharged,N/A,None,None,False,False,71.3,False,False,False
ED-036942,HGH,2025-06-05 22:30:00,Thu,Walk-in,P-18749,27,Adult (25-44),M,4,2025-06-05 22:37:42,7.7,Injury/trauma,Fall - mechanical (no LOC),2025-06-05 23:32:42,55.0,GP-in-ED,2025-06-05 23:27:00,57,True,Discharged,N/A,Pathology only,None,False,False,76.6,False,False,False
ED-036952,HGH,2025-06-06 02:14:00,Fri,Walk-in,P-23515,16,Young adult (16-24),M,4,2025-06-06 02:16:36,2.6,Obstetric/gynaecological,Pelvic pain,2025-06-06 02:36:12,19.6,Nurse practitioner,2025-06-06 05:29:00,195,True,Discharged,N/A,Both pathology and imaging,"Minor (suturing, splinting, wound care)",False,False,67.1,False,False,False
ED-036997,HGH,2025-06-06 11:01:00,Fri,Ambulance,P-11342,102,Elderly (80+),F,2,2025-06-06 11:07:06,6.1,Neurological,Syncope / collapse,2025-06-06 11:18:30,11.4,Emergency physician,2025-06-06 15:15:00,254,False,Discharged,N/A,Imaging only,None,False,False,96.5,False,False,False
ED-037064,HGH,2025-06-06 21:41:00,Fri,Ambulance,P-19008,66,Older adult (65-79),F,2,2025-06-06 21:47:06,6.1,Chest pain,Chest pain - cardiac features,2025-06-06 21:52:42,5.6,Registrar,2025-06-07 01:30:00,229,True,Admitted,Paediatric,Both pathology and imaging,"Moderate (procedural sedation, reduction, abscess I&D)",False,False,93.6,False,False,False
ED-037070,HGH,2025-06-06 22:20:00,Fri,Walk-in,P-12020,5,Paediatric (0-15),F,3,2025-06-06 22:22:36,2.6,Paediatric febrile,Febrile child (<5yr),2025-06-06 23:19:18,56.7,Resident/HMO,2025-06-07 02:58:00,278,False,Discharged,N/A,Both pathology and imaging,"Minor (suturing, splinting, wound care)",False,False,95.1,False,False,False
ED-037207,HGH,2025-06-07 21:47:00,Sat,Ambulance,P-30202,59,Middle-aged (45-64),M,4,2025-06-07 21:50:54,3.9,Poisoning/overdose,Intentional overdose,2025-06-07 23:00:48,69.9,GP-in-ED,2025-06-08 00:05:00,138,True,Admitted,Paediatric,Imaging only,"Minor (suturing, splinting, wound care)",False,False,87.5,False,False,True
ED-037235,HGH,2025-06-08 08:42:00,Sun,Walk-in,P-06853,43,Adult (25-44),M,5,2025-06-08 08:44:48,2.8,Gastrointestinal,Nausea and vomiting,2025-06-08 10:11:48,87.0,Resident/HMO,2025-06-08 10:32:00,110,True,Did not wait (DNW),N/A,None,"Major (intubation, chest drain, resuscitation)",False,False,96.1,False,False,False
ED-037267,HGH,2025-06-08 12:33:00,Sun,Police/corrections,P-30177,42,Adult (25-44),M,3,2025-06-08 12:44:06,11.1,Mental health,Anxiety / panic,2025-06-08 13:05:00,20.9,Resident/HMO,2025-06-08 15:51:00,198,True,Discharged,N/A,Imaging only,None,False,False,94.6,False,True,False
ED-037269,HGH,2025-06-08 12:50:00,Sun,Ambulance,P-14409,38,Adult (25-44),F,2,2025-06-08 12:54:54,4.9,Neurological,Stroke/TIA symptoms,2025-06-08 13:02:30,7.6,Registrar,2025-06-08 15:48:00,178,True,Admitted,CCU,Both pathology and imaging,"Minor (suturing, splinting, wound care)",False,False,90.9,False,False,False
ED-037375,HGH,2025-06-09 12:29:00,Mon,Ambulance,P-27756,12,Paediatric (0-15),F,3,2025-06-09 12:32:00,3.0,Mental health,Suicidal ideation / self-harm,2025-06-09 13:01:18,29.3,Registrar,2025-06-09 19:28:00,419,False,Discharged,N/A,Pathology only,None,False,False,91.6,False,True,False
ED-037456,HGH,2025-06-10 09:15:00,Tue,Walk-in,P-00132,66,Older adult (65-79),M,5,2025-06-10 09:20:36,5.6,Musculoskeletal,Joint pain / swelling,2025-06-10 10:41:06,80.5,Registrar,2025-06-10 10:39:00,84,True,Discharged,N/A,Imaging only,None,True,False,85.3,False,False,True
ED-037460,HGH,2025-06-10 09:48:00,Tue,Ambulance,P-04660,101,Elderly (80+),F,3,2025-06-10 09:53:54,5.9,Neurological,Syncope / collapse,2025-06-10 11:21:18,87.4,Resident/HMO,2025-06-10 14:28:00,280,False,Discharged,N/A,Both pathology and imaging,None,False,False,85.5,False,False,False
ED-037525,HGH,2025-06-10 18:40:00,Tue,Ambulance,P-11316,49,Middle-aged (45-64),M,2,2025-06-10 18:44:54,4.9,Allergic reaction,Anaphylaxis / severe allergic,2025-06-10 18:49:18,4.4,Emergency physician,2025-06-10 23:38:00,298,False,Admitted,Short stay unit,Imaging only,"Minor (suturing, splinting, wound care)",False,False,81.7,False,False,True
ED-037557,HGH,2025-06-11 02:23:00,Wed,Ambulance,P-05625,33,Adult (25-44),M,4,2025-06-11 02:25:54,2.9,Injury/trauma,Fracture - suspected lower limb/hip,2025-06-11 03:46:06,80.2,Registrar,2025-06-11 07:03:00,280,False,Discharged,N/A,Both pathology and imaging,"Moderate (procedural sedation, reduction, abscess I&D)",False,False,87.7,False,False,True
ED-037576,HGH,2025-06-11 09:52:00,Wed,Ambulance,P-21411,51,Middle-aged (45-64),F,4,2025-06-11 09:54:48,2.8,Respiratory,Shortness of breath - acute,2025-06-11 11:03:24,68.6,Resident/HMO,2025-06-11 11:51:00,119,True,Admitted,Medical,Pathology only,None,False,False,76.6,False,False,False
ED-037578,HGH,2025-06-11 09:59:00,Wed,Walk-in,P-02692,37,Adult (25-44),M,4,2025-06-11 10:05:18,6.3,Neurological,Syncope / collapse,2025-06-11 10:55:54,50.6,GP-in-ED,2025-06-11 13:49:00,230,True,Discharged,N/A,Pathology only,None,False,False,77.9,False,False,False
ED-037595,HGH,2025-06-11 11:49:00,Wed,Walk-in,P-04939,40,Adult (25-44),M,5,2025-06-11 11:53:48,4.8,Urological/renal,Renal colic / ureteric pain,2025-06-11 13:14:24,80.6,Emergency physician,2025-06-11 12:50:00,61,True,Admitted,Medical,Pathology only,None,False,False,73.8,False,False,False
ED-037672,HGH,2025-06-12 01:22:00,Thu,Ambulance,P-11356,49,Middle-aged (45-64),M,4,2025-06-12 01:26:48,4.8,Respiratory,Shortness of breath - acute,2025-06-12 02:39:12,72.4,Resident/HMO,2025-06-12 02:46:00,84,True,Did not wait (DNW),N/A,None,None,False,False,63.0,False,False,False
ED-037675,HGH,2025-06-12 05:28:00,Thu,Walk-in,P-05757,82,Elderly (80+),F,3,2025-06-12 05:30:12,2.2,Abdominal pain,Abdominal pain - RIF (? appendicitis),2025-06-12 05:56:06,25.9,GP-in-ED,2025-06-12 15:19:00,591,False,Admitted,Short stay unit,Both pathology and imaging,None,False,False,44.3,False,False,False
ED-037681,HGH,2025-06-12 07:36:00,Thu,Walk-in,P-08691,65,Older adult (65-79),M,3,2025-06-12 07:41:42,5.7,Mental health,Anxiety / panic,2025-06-12 08:03:42,22.0,GP-in-ED,2025-06-12 13:37:00,361,False,Discharged,N/A,Pathology only,"Minor (suturing, splinting, wound care)",False,False,93.6,False,True,False
ED-037705,HGH,2025-06-12 11:31:00,Thu,Walk-in,P-05871,16,Young adult (16-24),F,4,2025-06-12 11:33:54,2.9,Mental health,Anxiety / panic,2025-06-12 14:37:24,183.5,Resident/HMO,2025-06-12 19:53:00,502,False,Discharged,N/A,Imaging only,"Major (intubation, chest drain, resuscitation)",True,False,43.9,False,True,False
ED-037744,HGH,2025-06-12 17:57:00,Thu,Walk-in,P-07510,24,Young adult (16-24),M,5,2025-06-12 18:07:24,10.4,Other,Review by ED / GP referral,2025-06-12 19:43:06,95.7,Nurse practitioner,2025-06-12 19:48:00,111,True,Discharged,N/A,None,None,False,False,47.6,False,False,False
ED-037770,HGH,2025-06-13 00:00:00,Fri,Police/corrections,P-21678,50,Middle-aged (45-64),M,5,2025-06-13 00:05:54,5.9,Injury/trauma,Laceration - upper limb,2025-06-13 01:16:00,70.1,Resident/HMO,2025-06-13 01:11:00,71,True,Discharged,N/A,None,None,False,False,94.4,False,False,False
ED-037812,HGH,2025-06-13 12:54:00,Fri,Walk-in,P-02205,39,Adult (25-44),F,3,2025-06-13 12:58:30,4.5,Mental health,Psychosis / acute behavioural disturbance,2025-06-13 13:07:54,9.4,Resident/HMO,2025-06-13 18:19:00,325,False,Admitted,Mental health,Both pathology and imaging,"Minor (suturing, splinting, wound care)",False,False,45.4,False,True,False
ED-037850,HGH,2025-06-13 17:50:00,Fri,Walk-in,P-10874,39,Adult (25-44),M,4,2025-06-13 17:52:18,2.3,Skin/wound,Abscess,2025-06-13 19:28:18,96.0,Nurse practitioner,2025-06-13 20:21:00,151,True,Discharged,N/A,None,None,False,False,89.5,False,False,False
ED-037885,HGH,2025-06-13 21:39:00,Fri,Ambulance,P-18908,51,Middle-aged (45-64),F,3,2025-06-13 21:46:54,7.9,General unwell/sepsis-query,Febrile - query sepsis,2025-06-13 22:31:42,44.8,Registrar,2025-06-13 23:45:00,126,True,Discharged,N/A,Pathology only,None,False,False,68.3,False,False,False
ED-037900,HGH,2025-06-14 02:00:00,Sat,Walk-in,P-10449,75,Older adult (65-79),F,4,2025-06-14 02:06:12,6.2,Neurological,Headache - tension/migraine,2025-06-14 04:16:18,130.1,Resident/HMO,2025-06-14 04:15:00,135,True,Discharged,N/A,Imaging only,None,False,False,110.2,False,False,False
ED-037914,HGH,2025-06-14 08:34:00,Sat,Walk-in,P-28737,45,Middle-aged (45-64),F,5,2025-06-14 08:36:24,2.4,Abdominal pain,Abdominal pain - non-specific/chronic,2025-06-14 09:37:12,60.8,Registrar,2025-06-14 10:29:00,115,True,Discharged,N/A,Both pathology and imaging,None,False,False,73.2,False,False,False
ED-037947,HGH,2025-06-14 13:04:00,Sat,Walk-in,P-25036,54,Middle-aged (45-64),M,4,2025-06-14 13:07:24,3.4,Injury/trauma,Burn - minor (<10% TBSA),2025-06-14 13:52:54,45.5,Resident/HMO,2025-06-14 15:50:00,166,True,Discharged,N/A,None,"Minor (suturing, splinting, wound care)",False,False,37.6,False,False,False
ED-037993,HGH,2025-06-14 19:44:00,Sat,Walk-in,P-32247,67,Older adult (65-79),F,5,2025-06-14 19:48:30,4.5,Musculoskeletal,Joint pain / swelling,2025-06-15 00:10:48,262.3,Resident/HMO,2025-06-14 21:18:00,94,True,Discharged,N/A,None,None,False,False,88.5,False,False,False
ED-038049,HGH,2025-06-15 11:03:00,Sun,Walk-in,P-31931,102,Elderly (80+),F,5,2025-06-15 11:04:18,1.3,Injury/trauma,Laceration - upper limb,2025-06-15 12:19:30,75.2,Nurse practitioner,2025-06-15 12:42:00,99,True,Discharged,N/A,None,None,False,False,93.4,False,False,False
ED-038092,HGH,2025-06-15 16:23:00,Sun,Ambulance,P-01310,24,Young adult (16-24),M,4,2025-06-15 16:24:54,1.9,Injury/trauma,Fracture - suspected upper limb,2025-06-15 16:49:06,24.2,Registrar,2025-06-15 18:46:00,143,True,Discharged,N/A,Imaging only,None,False,False,66.5,False,False,False
ED-038105,HGH,2025-06-15 17:57:00,Sun,Walk-in,P-33470,82,Elderly (80+),F,3,2025-06-15 17:59:06,2.1,Injury/trauma,Burn - minor (<10% TBSA),2025-06-15 18:11:30,12.4,Resident/HMO,2025-06-15 21:46:00,229,True,Discharged,N/A,Pathology only,"Major (intubation, chest drain, resuscitation)",False,False,74.2,False,False,False
ED-038191,HGH,2025-06-16 13:32:00,Mon,Walk-in,P-18180,51,Middle-aged (45-64),F,4,2025-06-16 13:33:30,1.5,Injury/trauma,Fracture - suspected upper limb,2025-06-16 14:48:18,74.8,Emergency physician,2025-06-16 17:18:00,226,True,Discharged,N/A,Pathology only,None,False,False,76.5,False,False,True
ED-038193,HGH,2025-06-16 13:35:00,Mon,Walk-in,P-14187,49,Middle-aged (45-64),F,3,2025-06-16 13:44:42,9.7,Respiratory,Shortness of breath - acute,2025-06-16 13:56:00,11.3,Registrar,2025-06-16 17:10:00,215,True,Admitted,Surgical,Imaging only,"Minor (suturing, splinting, wound care)",False,False,98.0,False,False,False
ED-038217,HGH,2025-06-16 15:27:00,Mon,Walk-in,P-20762,66,Older adult (65-79),F,3,2025-06-16 15:29:18,2.3,Neurological,Syncope / collapse,2025-06-16 16:00:12,30.9,Resident/HMO,2025-06-16 18:11:00,164,True,Discharged,N/A,Both pathology and imaging,"Moderate (procedural sedation, reduction, abscess I&D)",False,False,92.0,False,False,False
ED-038279,HGH,2025-06-17 08:06:00,Tue,Walk-in,P-29436,6,Paediatric (0-15),M,3,2025-06-17 08:13:36,7.6,Paediatric febrile,Febrile child (<5yr),2025-06-17 08:37:30,23.9,Resident/HMO,2025-06-17 10:17:00,131,True,Admitted,Paediatric,Both pathology and imaging,"Minor (suturing, splinting, wound care)",False,False,74.0,False,False,False
ED-038304,HGH,2025-06-17 12:02:00,Tue,Walk-in,P-13449,32,Adult (25-44),F,3,2025-06-17 12:06:48,4.8,General unwell/sepsis-query,Febrile - query sepsis,2025-06-17 12:38:18,31.5,Emergency physician,2025-06-17 14:25:00,143,True,Discharged,N/A,Both pathology and imaging,"Minor (suturing, splinting, wound care)",False,False,81.1,False,False,False
ED-038452,HGH,2025-06-18 15:03:00,Wed,Police/corrections,P-30738,42,Adult (25-44),M,3,2025-06-18 15:08:06,5.1,Chest pain,Chest pain - pleuritic,2025-06-18 15:38:06,30.0,Registrar,2025-06-18 17:38:00,155,True,Short stay unit,Short stay unit,Both pathology and imaging,None,False,False,80.1,False,False,False
ED-038551,HGH,2025-06-19 12:41:00,Thu,Ambulance,P-08371,70,Older adult (65-79),F,2,2025-06-19 12:47:54,6.9,Neurological,Stroke/TIA symptoms,2025-06-19 12:58:00,10.1,Emergency physician,2025-06-19 19:22:00,401,False,Discharged,N/A,Both pathology and imaging,"Minor (suturing, splinting, wound care)",False,False,99.2,False,False,False
ED-038623,HGH,2025-06-19 21:59:00,Thu,Walk-in,P-17369,47,Middle-aged (45-64),F,5,2025-06-19 22:04:42,5.7,Abdominal pain,Abdominal pain - RIF (? appendicitis),2025-06-19 23:40:24,95.7,Nurse practitioner,2025-06-19 23:21:00,82,True,Discharged,N/A,None,"Minor (suturing, splinting, wound care)",False,False,83.0,False,False,False
ED-038672,HGH,2025-06-20 11:43:00,Fri,Walk-in,P-24413,95,Elderly (80+),M,4,2025-06-20 11:47:30,4.5,ENT,Epistaxis,2025-06-20 12:03:36,16.1,Nurse practitioner,2025-06-20 15:17:00,214,True,Discharged,N/A,Both pathology and imaging,None,False,False,72.4,False,False,False
ED-038688,HGH,2025-06-20 13:25:00,Fri,Ambulance,P-11160,46,Middle-aged (45-64),M,3,2025-06-20 13:27:30,2.5,Abdominal pain,Abdominal pain - acute,2025-06-20 15:13:36,106.1,Registrar,2025-06-20 16:12:00,167,True,Discharged,N/A,Pathology only,"Minor (suturing, splinting, wound care)",False,False,54.5,False,False,True
ED-038699,HGH,2025-06-20 14:29:00,Fri,Walk-in,P-17094,65,Older adult (65-79),M,4,2025-06-20 14:31:30,2.5,Respiratory,Asthma exacerbation,2025-06-20 14:50:24,18.9,Resident/HMO,2025-06-20 15:57:00,88,True,Admitted,ICU,Pathology only,None,False,False,75.0,False,False,True
ED-038741,HGH,2025-06-20 20:05:00,Fri,Walk-in,P-16545,66,Older adult (65-79),F,4,2025-06-20 20:08:12,3.2,Neurological,Syncope / collapse,2025-06-20 20:36:36,28.4,Registrar,2025-06-20 21:37:00,92,True,Admitted,Surgical,Pathology only,None,False,False,65.4,False,False,False
ED-038868,HGH,2025-06-21 17:36:00,Sat,Ambulance,P-19954,7,Paediatric (0-15),F,4,2025-06-21 17:41:18,5.3,Paediatric febrile,Febrile child (<5yr),2025-06-21 19:09:48,88.5,Nurse practitioner,2025-06-21 20:03:00,147,True,Admitted,Surgical,Both pathology and imaging,None,False,False,81.8,False,False,False
ED-038931,HGH,2025-06-22 09:10:00,Sun,Ambulance,P-24118,18,Young adult (16-24),M,2,2025-06-22 09:16:36,6.6,Chest pain,Chest pain - cardiac features,2025-06-22 09:25:00,8.4,Registrar,2025-06-22 14:25:00,315,False,Admitted,Surgical,Both pathology and imaging,"Moderate (procedural sedation, reduction, abscess I&D)",False,False,105.9,False,False,False
ED-038943,HGH,2025-06-22 10:25:00,Sun,Walk-in,P-34253,62,Middle-aged (45-64),M,4,2025-06-22 10:30:12,5.2,Respiratory,Asthma exacerbation,2025-06-22 11:12:30,42.3,Nurse practitioner,2025-06-22 12:24:00,119,True,Discharged,N/A,Both pathology and imaging,"Minor (suturing, splinting, wound care)",False,False,83.0,False,False,False
ED-038959,HGH,2025-06-22 12:14:00,Sun,Ambulance,P-34732,54,Middle-aged (45-64),F,3,2025-06-22 12:16:42,2.7,Injury/trauma,MVA - stretcher,2025-06-22 12:43:30,26.8,Resident/HMO,2025-06-22 15:40:00,206,True,Admitted,Medical,Imaging only,None,False,False,64.1,False,False,True
ED-038998,HGH,2025-06-22 18:24:00,Sun,Ambulance,P-10529,102,Elderly (80+),M,2,2025-06-22 18:29:54,5.9,Neurological,Stroke/TIA symptoms,2025-06-22 18:40:18,10.4,Resident/HMO,2025-06-23 02:22:00,478,False,Admitted,Orthopaedic,Both pathology and imaging,"Moderate (procedural sedation, reduction, abscess I&D)",False,False,42.6,False,False,True
ED-039026,HGH,2025-06-22 23:11:00,Sun,Ambulance,P-02040,34,Adult (25-44),M,2,2025-06-22 23:15:30,4.5,Allergic reaction,Anaphylaxis / severe allergic,2025-06-22 23:25:24,9.9,Registrar,2025-06-23 02:27:00,196,True,Discharged,N/A,Both pathology and imaging,None,False,False,66.3,False,False,False
ED-039133,HGH,2025-06-23 19:53:00,Mon,Helicopter/retrieval,P-13956,50,Middle-aged (45-64),F,4,2025-06-23 19:56:30,3.5,General unwell/sepsis-query,Generally unwell / reduced oral intake,2025-06-23 20:55:00,58.5,Nurse practitioner,2025-06-23 22:25:00,152,True,Discharged,N/A,Imaging only,"Minor (suturing, splinting, wound care)",False,False,78.4,False,False,False
ED-039146,HGH,2025-06-23 21:54:00,Mon,Ambulance,P-23907,25,Adult (25-44),F,3,2025-06-23 22:03:36,9.6,Neurological,Stroke/TIA symptoms,2025-06-23 22:38:36,35.0,Emergency physician,2025-06-24 00:49:00,175,True,Discharged,N/A,Both pathology and imaging,"Moderate (procedural sedation, reduction, abscess I&D)",False,False,92.7,False,False,True
ED-039204,HGH,2025-06-24 13:19:00,Tue,Ambulance,P-27584,28,Adult (25-44),M,4,2025-06-24 13:22:06,3.1,Mental health,Anxiety / panic,2025-06-24 14:19:12,57.1,Resident/HMO,2025-06-24 19:30:00,371,False,Discharged,N/A,Both pathology and imaging,None,False,False,95.1,False,True,False
ED-039226,HGH,2025-06-24 16:48:00,Tue,Ambulance,P-05357,32,Adult (25-44),M,4,2025-06-24 16:49:42,1.7,Skin/wound,Abscess,2025-06-24 17:50:18,60.6,Resident/HMO,2025-06-24 22:35:00,347,False,Discharged,N/A,None,None,False,False,86.9,False,False,True
ED-039267,HGH,2025-06-24 23:22:00,Tue,Ambulance,P-28811,55,Middle-aged (45-64),F,2,2025-06-24 23:27:12,5.2,Chest pain,Chest pain - cardiac features,2025-06-24 23:38:48,11.6,Resident/HMO,2025-06-25 03:09:00,227,True,Admitted,ICU,Pathology only,"Moderate (procedural sedation, reduction, abscess I&D)",True,False,99.4,False,False,False
ED-039278,HGH,2025-06-25 05:40:00,Wed,Ambulance,P-27638,96,Elderly (80+),F,2,2025-06-25 05:42:12,2.2,General unwell/sepsis-query,Febrile - query sepsis,2025-06-25 05:47:12,5.0,Registrar,2025-06-25 17:24:00,704,False,Admitted,Medical,Pathology only,"Major (intubation, chest drain, resuscitation)",False,False,82.3,False,False,False
ED-039427,HGH,2025-06-26 10:02:00,Thu,Ambulance,P-15192,41,Adult (25-44),F,2,2025-06-26 10:05:42,3.7,Chest pain,Chest pain - cardiac features,2025-06-26 10:19:00,13.3,Registrar,2025-06-26 19:49:00,587,False,Admitted,Surgical,Both pathology and imaging,None,False,True,50.1,False,False,False
ED-039441,HGH,2025-06-26 12:31:00,Thu,Ambulance,P-15255,40,Adult (25-44),F,4,2025-06-26 12:33:12,2.2,Obstetric/gynaecological,Pelvic pain,2025-06-26 14:43:06,129.9,Registrar,2025-06-26 15:02:00,151,True,Discharged,N/A,Pathology only,None,False,False,89.2,False,False,False
ED-039479,HGH,2025-06-26 19:26:00,Thu,Walk-in,P-00650,47,Middle-aged (45-64),M,5,2025-06-26 19:33:12,7.2,Injury/trauma,Laceration - upper limb,2025-06-26 20:55:00,81.8,Registrar,2025-06-26 21:04:00,98,True,Discharged,N/A,Imaging only,"Minor (suturing, splinting, wound care)",False,False,94.1,False,False,False
ED-039595,HGH,2025-06-27 17:45:00,Fri,Walk-in,P-19948,10,Paediatric (0-15),M,5,2025-06-27 17:46:00,1.0,Neurological,Dizziness / vertigo,2025-06-27 22:02:54,256.9,Resident/HMO,2025-06-27 18:47:00,62,True,Discharged,N/A,None,"Moderate (procedural sedation, reduction, abscess I&D)",False,False,63.2,False,False,False
ED-039596,HGH,2025-06-27 17:46:00,Fri,Ambulance,P-22269,46,Middle-aged (45-64),M,4,2025-06-27 17:49:18,3.3,Injury/trauma,Fall - mechanical (no LOC),2025-06-27 18:52:12,62.9,GP-in-ED,2025-06-27 19:39:00,113,True,Admitted,Short stay unit,Both pathology and imaging,None,False,False,72.5,False,False,True
ED-039680,HGH,2025-06-28 13:34:00,Sat,Ambulance,P-17663,22,Young adult (16-24),F,3,2025-06-28 13:39:06,5.1,Injury/trauma,Laceration - facial/scalp,2025-06-28 14:01:18,22.2,Emergency physician,2025-06-28 14:06:00,32,True,Did not wait (DNW),N/A,Both pathology and imaging,"Minor (suturing, splinting, wound care)",False,False,96.0,False,False,False
ED-039703,HGH,2025-06-28 17:09:00,Sat,Walk-in,P-16906,51,Middle-aged (45-64),F,5,2025-06-28 17:16:12,7.2,ENT,Sore throat / tonsillar,2025-06-28 18:48:06,91.9,Registrar,2025-06-28 18:35:00,86,True,Discharged,N/A,Imaging only,"Minor (suturing, splinting, wound care)",False,False,96.1,False,False,False
ED-039742,HGH,2025-06-29 00:04:00,Sun,Walk-in,P-20898,80,Elderly (80+),M,4,2025-06-29 00:08:36,4.6,Abdominal pain,Abdominal pain - non-specific/chronic,2025-06-29 00:52:30,43.9,Nurse practitioner,2025-06-29 03:23:00,199,True,Discharged,N/A,None,None,False,False,46.4,False,False,False
ED-039745,HGH,2025-06-29 00:23:00,Sun,Ambulance,P-33234,68,Older adult (65-79),M,3,2025-06-29 00:27:00,4.0,Respiratory,Shortness of breath - acute,2025-06-29 01:30:24,63.4,Registrar,2025-06-29 03:02:00,159,True,Admitted,Short stay unit,Pathology only,"Minor (suturing, splinting, wound care)",False,False,81.7,False,False,False
ED-039771,HGH,2025-06-29 10:11:00,Sun,Ambulance,P-08068,12,Paediatric (0-15),F,2,2025-06-29 10:13:54,2.9,General unwell/sepsis-query,Febrile - query sepsis,2025-06-29 10:18:30,4.6,Nurse practitioner,2025-06-29 16:56:00,405,False,Admitted,Surgical,Both pathology and imaging,None,False,False,97.1,False,False,False
ED-039774,HGH,2025-06-29 10:32:00,Sun,Walk-in,P-23478,49,Middle-aged (45-64),F,5,2025-06-29 10:38:24,6.4,Mental health,Anxiety / panic,2025-06-29 12:14:00,95.6,GP-in-ED,2025-06-29 17:23:00,411,False,Discharged,N/A,None,"Minor (suturing, splinting, wound care)",False,False,94.1,False,True,True
ED-039781,HGH,2025-06-29 11:32:00,Sun,Walk-in,P-34404,33,Adult (25-44),M,4,2025-06-29 11:34:54,2.9,Allergic reaction,Mild allergic reaction / urticaria,2025-06-29 12:41:42,66.8,Registrar,2025-06-29 12:56:00,84,True,Discharged,N/A,None,"Minor (suturing, splinting, wound care)",False,False,67.0,False,False,False
ED-039841,HGH,2025-06-29 20:37:00,Sun,Ambulance,P-13514,47,Middle-aged (45-64),M,4,2025-06-29 20:40:24,3.4,Cardiac arrhythmia,Palpitations - new AF/SVT,2025-06-29 21:44:18,63.9,GP-in-ED,2025-06-29 23:38:00,181,True,Discharged,N/A,Both pathology and imaging,None,False,False,45.3,False,False,False
ED-039867,HGH,2025-06-30 04:39:00,Mon,Walk-in,P-12946,32,Adult (25-44),F,5,2025-06-30 04:42:30,3.5,Obstetric/gynaecological,Pelvic pain,2025-06-30 06:08:48,86.3,Resident/HMO,2025-06-30 06:18:00,99,True,Discharged,N/A,None,None,False,False,80.2,False,False,True
ED-039873,HGH,2025-06-30 07:41:00,Mon,Inter-hospital transfer,P-01523,24,Young adult (16-24),X,3,2025-06-30 07:46:18,5.3,ENT,Epistaxis,2025-06-30 09:08:06,81.8,Emergency physician,2025-06-30 09:32:00,111,True,Discharged,N/A,Both pathology and imaging,"Minor (suturing, splinting, wound care)",False,False,108.4,False,False,False
ED-039888,HGH,2025-06-30 09:18:00,Mon,Ambulance,P-33309,27,Adult (25-44),M,2,2025-06-30 09:22:30,4.5,Respiratory,Shortness of breath - acute,2025-06-30 09:32:12,9.7,Registrar,2025-06-30 11:31:00,133,True,Discharged,N/A,Both pathology and imaging,"Minor (suturing, splinting, wound care)",False,False,99.6,False,False,False
ED-039911,HGH,2025-06-30 11:32:00,Mon,Walk-in,P-29392,102,Elderly (80+),M,2,2025-06-30 11:35:30,3.5,Injury/trauma,Fall - long lie >1hr / elderly,2025-06-30 11:47:30,12.0,Registrar,2025-06-30 16:48:00,316,False,Admitted,Paediatric,Both pathology and imaging,"Moderate (procedural sedation, reduction, abscess I&D)",False,False,71.3,False,False,False
ED-039964,HGH,2025-06-30 16:57:00,Mon,Walk-in,P-06664,56,Middle-aged (45-64),M,5,2025-06-30 17:01:00,4.0,Abdominal pain,Abdominal pain - non-specific/chronic,2025-06-30 18:42:06,101.1,Resident/HMO,2025-06-30 17:56:00,59,True,Short stay unit,Short stay unit,Pathology only,None,False,False,94.2,False,False,False
