event_id,facility_code,ward_unit,event_datetime,shift,day_of_week,patient_id,patient_age_group,patient_sex,medication_generic_name,medication_class,high_risk_medication,medication_schedule,prescribed_dose,prescribed_dose_unit,prescribed_route,administered_dose,administered_route,administration_outcome,near_miss_flag,error_type,error_severity,contributing_factor_primary,detection_point,staff_id,staff_role,staff_experience_band,checking_method,patient_acuity,nurse_patient_ratio,harm_outcome
MA-000095,HGH,4B-MED,2024-07-02 08:51:00,PM,Tue,P-00638,35-44,F,insulin aspart,Insulin,True,Regular,13.0,units,SC,13.0,SC,Given as prescribed,False,None,N/A,N/A,N/A,S-165,RN,16+ yr,Independent double-check,3,1:6,N/A
MA-000099,HGH,4B-MED,2024-07-02 09:25:00,PM,Tue,P-03772,55-64,F,paracetamol,Analgesic,False,Regular,975.0,mg,PO,975.0,PO,Given as prescribed,False,None,N/A,N/A,N/A,S-227,EN,1-3 yr,BCMA scan,4,1:6,N/A
MA-000201,HGH,3C-ORTHO,2024-07-03 16:33:00,PM,Wed,P-01613,55-64,F,tramadol,Opioid,True,PRN,75.0,mg,PO,75.0,PO,Given as prescribed,False,None,N/A,N/A,N/A,S-305,RN,8-15 yr,Independent double-check,3,1:7,N/A
MA-000257,HGH,2B-NEURO,2024-07-04 09:30:00,AM,Thu,P-01080,65-74,F,levetiracetam,Antiepileptic,False,Once-only,675.0,mg,PO,675.0,PO,Given as prescribed,False,None,N/A,N/A,N/A,S-052,RN,8-15 yr,BCMA scan,4,1:5,N/A
MA-000281,HGH,CCU,2024-07-04 14:45:00,NIGHT,Thu,P-01157,75-84,F,esomeprazole,Proton pump inhibitor,False,Regular,25.0,mg,PO,25.0,PO,Given as prescribed,False,None,N/A,N/A,N/A,S-185,RN,8-15 yr,Independent double-check,4,1:2,N/A
MA-000323,HGH,5A-SURG,2024-07-04 22:48:00,PM,Thu,P-03075,65-74,M,ciprofloxacin,Antibiotic,False,Regular,450.0,mg,PO,450.0,PO,Given as prescribed,False,None,N/A,N/A,N/A,S-032,RN,1-3 yr,Independent double-check,2,1:5,N/A
MA-000346,HGH,6A-ONCO,2024-07-05 06:55:00,AM,Fri,P-02614,18-24,F,glyceryl trinitrate,Antihypertensive,False,Regular,0.5,mg,SL,0.5,SL,Near-miss intercepted,True,Wrong time,A,Knowledge deficit,During administration,S-298,EN,16+ yr,BCMA scan,4,1:5,N/A
MA-000364,HGH,5A-SURG,2024-07-05 10:29:00,NIGHT,Fri,P-03615,85+,F,atenolol,Antihypertensive,False,STAT,50.0,mg,PO,50.0,PO,Given as prescribed,False,None,N/A,N/A,N/A,S-272,RN,<1 yr,Single-nurse check,2,1:7,N/A
MA-000411,HGH,6A-ONCO,2024-07-06 00:15:00,AM,Sat,P-01667,25-34,M,lorazepam,Benzodiazepine,True,Regular,1.5,mg,PO,1.5,PO,Given as prescribed,False,None,N/A,N/A,N/A,S-158,CNS,4-7 yr,Independent double-check,3,1:4,N/A
MA-000480,HGH,ED,2024-07-07 05:42:00,PM,Sun,P-00677,55-64,F,magnesium sulfate,Electrolyte,False,Regular,13.0,mmol,IV,13.0,IV,Given as prescribed,False,None,N/A,N/A,N/A,S-258,RN,4-7 yr,Single-nurse check,3,1:4,N/A
MA-000519,HGH,4B-MED,2024-07-07 12:20:00,NIGHT,Sun,P-00307,75-84,F,ibuprofen,Analgesic,False,Regular,400.0,mg,PO,400.0,PO,Given as prescribed,False,None,N/A,N/A,N/A,S-249,RN,4-7 yr,Witnessed administration,2,1:6,N/A
MA-000574,HGH,2B-NEURO,2024-07-08 07:58:00,NIGHT,Mon,P-03850,65-74,M,potassium chloride,Electrolyte,True,Regular,17.0,mmol,IV,17.0,IV,Error reached patient,True,Wrong time,D,Staffing levels,Post-administration review,S-226,EN,16+ yr,Independent double-check,3,1:6,No harm
MA-000674,HGH,6A-ONCO,2024-07-09 08:59:00,AM,Tue,P-01333,65-74,M,oxycodone,Opioid,True,PRN,5.0,mg,PO,5.0,PO,Given as prescribed,False,None,N/A,N/A,N/A,S-060,RN,16+ yr,Independent double-check,3,1:4,N/A
MA-000764,HGH,ICU,2024-07-10 07:48:00,NIGHT,Wed,P-02115,55-64,F,ibuprofen,Analgesic,False,PRN,250.0,mg,PO,250.0,PO,Given as prescribed,False,None,N/A,N/A,N/A,S-139,RN,8-15 yr,BCMA scan,4,1:1,N/A
MA-000773,HGH,PAED,2024-07-10 09:21:00,AM,Wed,P-00129,12-17,M,diazepam,Benzodiazepine,True,PRN,5.0,mg,PO,5.0,PO,Given as prescribed,False,None,N/A,N/A,N/A,S-079,RN,4-7 yr,Independent double-check,1,1:4,N/A
MA-000849,HGH,6A-ONCO,2024-07-11 10:37:00,AM,Thu,P-01802,75-84,M,haloperidol,Antipsychotic,False,PRN,1.0,mg,PO,1.0,IM,Near-miss intercepted,True,Wrong route,A,Handover communication gap,Pharmacy review,S-069,NUM,<1 yr,Single-nurse check,4,1:4,N/A
MA-000889,HGH,4B-MED,2024-07-11 20:35:00,AM,Thu,P-01943,75-84,M,venlafaxine,Antidepressant,False,PRN,75.0,mg,PO,75.0,PO,Given as prescribed,False,None,N/A,N/A,N/A,S-126,NP,8-15 yr,Single-nurse check,3,1:5,N/A
MA-000903,HGH,ED,2024-07-12 00:35:00,AM,Fri,P-00733,25-34,M,salbutamol,Bronchodilator,False,PRN,4710.0,mcg,INH,4710.0,INH,Given as prescribed,False,None,N/A,N/A,N/A,S-022,RN,1-3 yr,BCMA scan,3,1:4,N/A
MA-001084,HGH,5A-SURG,2024-07-14 14:33:00,AM,Sun,P-04131,75-84,M,aspirin,Antiplatelet,False,Regular,200.0,mg,PO,200.0,PO,Error reached patient,True,Wrong medication,C,LASA confusion,Post-administration review,S-228,RN,8-15 yr,Single-nurse check,3,1:5,No harm
MA-001142,HGH,3C-ORTHO,2024-07-15 08:25:00,AM,Mon,P-03576,45-54,F,salbutamol,Bronchodilator,False,Regular,4055.0,mcg,INH,4055.0,INH,Given as prescribed,False,None,N/A,N/A,N/A,S-063,RN,16+ yr,Single-nurse check,2,1:5,N/A
MA-001143,HGH,5A-SURG,2024-07-15 08:29:00,PM,Mon,P-01288,55-64,F,oxycodone,Opioid,True,Regular,10.0,mg,PO,0.0,PO,Omitted,True,Omitted dose,D,LASA confusion,Before administration (checking),S-224,RN,16+ yr,Independent double-check,2,1:5,N/A
MA-001154,HGH,4B-MED,2024-07-15 10:05:00,AM,Mon,P-02428,45-54,F,ceftriaxone,Antibiotic,False,PRN,1700.0,mg,IV,1700.0,IV,Given as prescribed,False,None,N/A,N/A,N/A,S-218,RN,<1 yr,Single-nurse check,2,1:5,N/A
MA-001160,HGH,4B-MED,2024-07-15 10:43:00,AM,Mon,P-02506,65-74,F,apixaban,Anticoagulant,True,Regular,4.5,mg,PO,4.5,PO,Given as prescribed,False,None,N/A,N/A,N/A,S-012,RN,1-3 yr,Independent double-check,3,1:5,N/A
MA-001173,HGH,5A-SURG,2024-07-15 12:45:00,PM,Mon,P-02563,65-74,F,atorvastatin,Other,False,Regular,25.0,mg,PO,0.0,PO,Withheld (clinical),False,None,N/A,N/A,N/A,S-308,CNS,4-7 yr,Single-nurse check,2,1:6,N/A
MA-001230,HGH,CCU,2024-07-16 06:29:00,AM,Tue,P-01495,75-84,M,metoprolol,Antihypertensive,False,Regular,30.0,mg,PO,30.0,PO,Error reached patient,True,Wrong medication,C,Handover communication gap,Pharmacy review,S-012,RN,8-15 yr,Single-nurse check,5,1:1,No harm
MA-001243,HGH,MAT,2024-07-16 08:20:00,NIGHT,Tue,P-02234,18-24,M,sodium valproate,Antiepileptic,False,PRN,225.0,mg,PO,225.0,PO,Given as prescribed,False,None,N/A,N/A,N/A,S-083,RN,1-3 yr,BCMA scan,1,1:5,N/A
MA-001282,HGH,4B-MED,2024-07-16 18:52:00,PM,Tue,P-01729,85+,F,paracetamol,Analgesic,False,Regular,550.0,mg,PO,550.0,PO,Given as prescribed,False,None,N/A,N/A,N/A,S-027,RN,4-7 yr,BCMA scan,2,1:6,N/A
MA-001344,HGH,3C-ORTHO,2024-07-17 10:04:00,PM,Wed,P-00828,65-74,M,sodium chloride 0.9%,Electrolyte,False,STAT,800.0,mL,IV,0.0,IV,Refused by patient,False,None,N/A,N/A,N/A,S-149,RN,8-15 yr,BCMA scan,2,1:5,N/A
MA-001387,HGH,6A-ONCO,2024-07-17 19:54:00,NIGHT,Wed,P-00703,55-64,F,benzylpenicillin,Antibiotic,False,PRN,1250.0,mg,IV,1250.0,IV,Given as prescribed,False,None,N/A,N/A,N/A,S-240,EN,1-3 yr,BCMA scan,3,1:6,N/A
MA-001396,HGH,6A-ONCO,2024-07-18 03:50:00,PM,Thu,P-02293,75-84,F,sodium chloride 0.9%,Electrolyte,False,Regular,500.0,mL,IV,500.0,IV,Given as prescribed,False,None,N/A,N/A,N/A,S-144,RN,8-15 yr,Single-nurse check,3,1:5,N/A
MA-001449,HGH,2B-NEURO,2024-07-18 16:35:00,AM,Thu,P-01917,45-54,F,pantoprazole,Proton pump inhibitor,False,STAT,25.0,mg,IV,0.0,IV,Near-miss intercepted,True,Omitted dose,A,Staffing levels,Before administration (checking),S-048,RN,<1 yr,Single-nurse check,2,1:5,N/A
MA-001454,HGH,2B-NEURO,2024-07-18 18:24:00,AM,Thu,P-00032,55-64,F,simvastatin,Other,False,PRN,35.0,mg,PO,35.0,PO,Given as prescribed,False,None,N/A,N/A,N/A,S-025,RN,4-7 yr,Independent double-check,2,1:5,N/A
MA-001464,HGH,3C-ORTHO,2024-07-18 21:19:00,AM,Thu,P-02340,65-74,M,amlodipine,Antihypertensive,False,PRN,10.0,mg,PO,10.0,PO,Given as prescribed,False,None,N/A,N/A,N/A,S-167,RN,8-15 yr,Single-nurse check,2,1:5,N/A
MA-001485,HGH,CCU,2024-07-19 06:44:00,AM,Fri,P-03339,85+,F,docusate,Other,False,Regular,325.0,mg,PO,325.0,PO,Given as prescribed,False,None,N/A,N/A,N/A,S-069,EN,4-7 yr,Independent double-check,3,1:3,N/A
MA-001487,HGH,5A-SURG,2024-07-19 06:56:00,AM,Fri,P-04064,35-44,F,pantoprazole,Proton pump inhibitor,False,STAT,30.0,mg,IV,30.0,IV,Given as prescribed,False,None,N/A,N/A,N/A,S-125,RN,4-7 yr,Single-nurse check,2,1:6,N/A
MA-001507,HGH,2B-NEURO,2024-07-19 09:58:00,AM,Fri,P-03167,75-84,M,insulin glargine,Insulin,True,Regular,27.0,units,SC,27.0,SC,Near-miss intercepted,True,Wrong time,A,Fatigue/workload,Before administration (checking),S-097,CNS,4-7 yr,Independent double-check,2,1:5,N/A
MA-001536,HGH,4B-MED,2024-07-19 17:21:00,NIGHT,Fri,P-02522,45-54,F,midazolam,Benzodiazepine,True,Regular,4.5,mg,IV,4.5,IV,Given as prescribed,False,None,N/A,N/A,N/A,S-115,EN,1-3 yr,Independent double-check,3,1:7,N/A
MA-001566,HGH,3C-ORTHO,2024-07-20 02:34:00,NIGHT,Sat,P-02597,65-74,M,venlafaxine,Antidepressant,False,Regular,100.0,mg,PO,100.0,PO,Given as prescribed,False,None,N/A,N/A,N/A,S-119,RN,1-3 yr,Single-nurse check,2,1:7,N/A
MA-001600,HGH,MAT,2024-07-20 09:46:00,PM,Sat,P-01187,25-34,M,enoxaparin,Anticoagulant,True,PRN,40.0,mg,SC,40.0,SC,Given as prescribed,False,None,N/A,N/A,N/A,S-256,EN,8-15 yr,Independent double-check,2,1:5,N/A
MA-001655,HGH,CCU,2024-07-21 08:14:00,AM,Sun,P-03762,65-74,M,fentanyl,Opioid,True,Regular,25.0,mcg,IV,25.0,IV,Given as prescribed,False,None,N/A,N/A,N/A,S-275,RN,1-3 yr,Independent double-check,4,1:2,N/A
MA-001667,HGH,6A-ONCO,2024-07-21 10:04:00,AM,Sun,P-03739,55-64,F,pantoprazole,Proton pump inhibitor,False,Regular,30.0,mg,IV,30.0,IV,Given as prescribed,False,None,N/A,N/A,N/A,S-294,EN,1-3 yr,BCMA scan,4,1:4,N/A
MA-001690,HGH,ED,2024-07-21 16:20:00,PM,Sun,P-03551,55-64,F,paracetamol,Analgesic,False,Regular,825.0,mg,PO,825.0,PO,Error reached patient,True,Wrong time,E,Inadequate checking process,Routine monitoring/bloods,S-024,RN,4-7 yr,Single-nurse check,1,1:4,"Minimal harm (temporary, no intervention)"
MA-001733,HGH,PAED,2024-07-22 07:31:00,AM,Mon,P-04490,0-5,F,lorazepam,Benzodiazepine,True,Once-only,2.0,mg,PO,2.0,PO,Given as prescribed,False,None,N/A,N/A,N/A,S-204,RN,1-3 yr,Independent double-check,2,1:5,N/A
MA-001740,HGH,ED,2024-07-22 08:44:00,PM,Mon,P-00452,35-44,M,risperidone,Antipsychotic,False,PRN,2.5,mg,PO,2.5,PO,Given as prescribed,False,None,N/A,N/A,N/A,S-106,RN,8-15 yr,Single-nurse check,2,1:3,N/A
MA-001835,HGH,MAT,2024-07-23 09:15:00,AM,Tue,P-01077,18-24,F,paracetamol,Analgesic,False,Regular,600.0,mg,PO,600.0,PO,Given as prescribed,False,None,N/A,N/A,N/A,S-170,RN,16+ yr,BCMA scan,2,1:4,N/A
MA-001839,HGH,CCU,2024-07-23 10:02:00,PM,Tue,P-03356,55-64,F,enoxaparin,Anticoagulant,True,PRN,40.0,mg,SC,400.0,SC,Near-miss intercepted,True,Wrong dose,A,Interruption/distraction,Routine monitoring/bloods,S-134,RN,16+ yr,Independent double-check,3,1:2,N/A
MA-001869,HGH,CCU,2024-07-23 15:00:00,NIGHT,Tue,P-03731,75-84,F,calcium gluconate,Electrolyte,False,Regular,19.0,mmol,IV,19.0,IV,Given as prescribed,False,None,N/A,N/A,N/A,S-182,RN,16+ yr,Single-nurse check,4,1:2,N/A
MA-002004,HGH,5A-SURG,2024-07-25 08:45:00,PM,Thu,P-01965,75-84,M,tramadol,Opioid,True,Regular,100.0,mg,PO,100.0,PO,Given as prescribed,False,None,N/A,N/A,N/A,S-128,RN,1-3 yr,Independent double-check,2,1:5,N/A
MA-002018,HGH,4B-MED,2024-07-25 10:42:00,AM,Thu,P-00289,45-54,M,paracetamol,Analgesic,False,PRN,1000.0,mg,PO,1000.0,PO,Given as prescribed,False,None,N/A,N/A,N/A,S-199,EN,<1 yr,BCMA scan,2,1:4,N/A
MA-002055,HGH,4B-MED,2024-07-25 19:33:00,AM,Thu,P-04274,55-64,M,docusate,Other,False,Regular,125.0,mg,PO,125.0,PO,Given as prescribed,False,None,N/A,N/A,N/A,S-075,RN,1-3 yr,Single-nurse check,3,1:4,N/A
MA-002117,HGH,6A-ONCO,2024-07-26 10:06:00,AM,Fri,P-04424,65-74,F,meropenem,Antibiotic,False,PRN,1850.0,mg,IV,1850.0,IV,Given as prescribed,False,None,N/A,N/A,N/A,S-292,RN,1-3 yr,Witnessed administration,4,1:4,N/A
MA-002220,HGH,3C-ORTHO,2024-07-27 16:06:00,AM,Sat,P-02859,75-84,F,ondansetron,Antiemetic,False,PRN,10.0,mg,IV,10.0,IV,Given as prescribed,False,None,N/A,N/A,N/A,S-163,RN,8-15 yr,Independent double-check,2,1:6,N/A
MA-002224,HGH,6A-ONCO,2024-07-27 17:34:00,AM,Sat,P-02735,65-74,M,metoprolol,Antihypertensive,False,PRN,35.0,mg,PO,35.0,PO,Given as prescribed,False,None,N/A,N/A,N/A,S-200,RN,8-15 yr,Witnessed administration,3,1:3,N/A
MA-002225,HGH,4B-MED,2024-07-27 17:51:00,AM,Sat,P-00073,25-34,F,hydrocortisone,Corticosteroid,False,PRN,125.0,mg,IV,125.0,IV,Given as prescribed,False,None,N/A,N/A,N/A,S-289,CNS,16+ yr,Single-nurse check,3,1:5,N/A
MA-002233,HGH,ED,2024-07-27 19:25:00,PM,Sat,P-01258,85+,M,ceftriaxone,Antibiotic,False,PRN,1425.0,mg,IV,1425.0,IV,Error reached patient,True,Deteriorated/expired medication,F,Staffing levels,Post-administration review,S-176,RN,4-7 yr,BCMA scan,2,1:4,Moderate harm (intervention required)
MA-002238,HGH,5A-SURG,2024-07-27 20:28:00,AM,Sat,P-00532,65-74,F,amlodipine,Antihypertensive,False,Regular,10.0,mg,PO,10.0,PO,Given as prescribed,False,None,N/A,N/A,N/A,S-291,RN,8-15 yr,Witnessed administration,2,1:5,N/A
MA-002282,HGH,2B-NEURO,2024-07-28 09:38:00,AM,Sun,P-03259,85+,F,ceftriaxone,Antibiotic,False,Regular,1075.0,mg,IV,1075.0,IV,Error reached patient,True,Wrong patient,F,Inadequate checking process,Before administration (checking),S-047,EN,<1 yr,Witnessed administration,2,1:5,Moderate harm (intervention required)
MA-002289,HGH,5A-SURG,2024-07-28 10:40:00,AM,Sun,P-02148,55-64,F,trimethoprim,Antibiotic,False,STAT,275.0,mg,PO,275.0,PO,Given as prescribed,False,None,N/A,N/A,N/A,S-290,NP,8-15 yr,Single-nurse check,3,1:5,N/A
MA-002318,HGH,CCU,2024-07-28 20:07:00,AM,Sun,P-00815,75-84,F,paracetamol,Analgesic,False,Regular,800.0,mg,PO,800.0,PO,Near-miss intercepted,True,Wrong time,B,Handover communication gap,During administration,S-238,EN,4-7 yr,BCMA scan,3,1:2,N/A
MA-002366,HGH,3C-ORTHO,2024-07-29 09:47:00,AM,Mon,P-02021,65-74,F,dexamethasone,Corticosteroid,False,Regular,5.0,mg,IV,5.0,IV,Given as prescribed,False,None,N/A,N/A,N/A,S-153,RN,16+ yr,Witnessed administration,2,1:5,N/A
MA-002501,HGH,3C-ORTHO,2024-07-30 19:40:00,NIGHT,Tue,P-00378,55-64,F,insulin glargine,Insulin,True,PRN,39.0,units,SC,39.0,SC,Given as prescribed,False,None,N/A,N/A,N/A,S-035,NUM,16+ yr,Independent double-check,3,1:7,N/A
MA-002525,HGH,3C-ORTHO,2024-07-31 06:16:00,AM,Wed,P-02090,55-64,F,docusate,Other,False,Regular,425.0,mg,PO,425.0,PO,Near-miss intercepted,True,Deteriorated/expired medication,B,Fatigue/workload,Before administration (checking),S-244,RN,1-3 yr,BCMA scan,2,1:5,N/A
MA-002575,HGH,5A-SURG,2024-07-31 20:09:00,NIGHT,Wed,P-03443,35-44,F,amitriptyline,Antidepressant,False,STAT,50.0,mg,PO,50.0,PO,Given as prescribed,False,None,N/A,N/A,N/A,S-026,RN,8-15 yr,BCMA scan,3,1:7,N/A
MA-002690,HGH,6A-ONCO,2024-08-02 04:48:00,PM,Fri,P-00457,75-84,F,morphine,Opioid,True,Regular,10.0,mg,SC,10.0,PR,Error reached patient,True,Wrong route,C,Inadequate checking process,Pharmacy review,S-052,RN,16+ yr,Independent double-check,3,1:5,No harm
MA-002726,HGH,CCU,2024-08-02 12:00:00,AM,Fri,P-00789,65-74,M,lorazepam,Benzodiazepine,True,Regular,1.5,mg,PO,0.0,PO,Withheld (clinical),False,None,N/A,N/A,N/A,S-063,RN,4-7 yr,Witnessed administration,3,1:2,N/A
MA-002851,HGH,2B-NEURO,2024-08-04 00:55:00,AM,Sun,P-02642,45-54,M,flucloxacillin,Antibiotic,False,Regular,1450.0,mg,IV,1450.0,IV,Given as prescribed,False,None,N/A,N/A,N/A,S-015,CNS,16+ yr,BCMA scan,4,1:5,N/A
MA-002901,HGH,ED,2024-08-04 15:02:00,AM,Sun,P-03109,65-74,F,potassium chloride,Electrolyte,True,STAT,19.0,mmol,IV,0.0,IV,Near-miss intercepted,True,Omitted dose,B,Handover communication gap,Before administration (checking),S-278,RN,8-15 yr,Independent double-check,2,1:4,N/A
MA-002925,HGH,6A-ONCO,2024-08-05 03:24:00,NIGHT,Mon,P-00535,55-64,M,metformin,Other,False,Regular,825.0,mg,PO,825.0,PO,Near-miss intercepted,True,Wrong time,B,System/equipment failure,Before administration (checking),S-081,EN,<1 yr,Single-nurse check,2,1:6,N/A
MA-002959,HGH,ICU,2024-08-05 12:09:00,NIGHT,Mon,P-02651,65-74,M,pantoprazole,Proton pump inhibitor,False,Regular,30.0,mg,IV,30.0,IV,Given as prescribed,False,None,N/A,N/A,N/A,S-263,EN,8-15 yr,BCMA scan,3,1:1,N/A
MA-002988,HGH,PAED,2024-08-05 22:06:00,AM,Mon,P-04243,0-5,F,spironolactone,Diuretic,False,Regular,25.0,mg,PO,25.0,PO,Given as prescribed,False,None,N/A,N/A,N/A,S-059,RN,1-3 yr,BCMA scan,2,1:4,N/A
MA-003010,HGH,3C-ORTHO,2024-08-06 07:28:00,NIGHT,Tue,P-02388,55-64,F,pantoprazole,Proton pump inhibitor,False,PRN,30.0,mg,IV,30.0,IV,Near-miss intercepted,True,Wrong medication,B,Patient factors,Before administration (checking),S-288,EN,16+ yr,Single-nurse check,2,1:7,N/A
MA-003015,HGH,ICU,2024-08-06 08:41:00,AM,Tue,P-01395,45-54,F,prednisolone,Corticosteroid,False,STAT,25.0,mg,PO,25.0,PO,Given as prescribed,False,None,N/A,N/A,N/A,S-287,RN,4-7 yr,Single-nurse check,4,1:1,N/A
MA-003064,HGH,4B-MED,2024-08-06 18:37:00,AM,Tue,P-02621,45-54,M,clopidogrel,Antiplatelet,False,PRN,75.0,mg,PO,75.0,PO,Given as prescribed,False,None,N/A,N/A,N/A,S-010,RN,4-7 yr,Single-nurse check,2,1:5,N/A
MA-003067,HGH,4B-MED,2024-08-06 18:48:00,AM,Tue,P-00048,85+,F,enoxaparin,Anticoagulant,True,PRN,75.0,mg,SC,75.0,SC,Given as prescribed,False,None,N/A,N/A,N/A,S-186,RN,1-3 yr,Independent double-check,2,1:5,N/A
MA-003075,HGH,6A-ONCO,2024-08-06 20:53:00,AM,Tue,P-01757,65-74,F,paracetamol,Analgesic,False,Once-only,550.0,mg,PO,550.0,PO,Given as prescribed,False,None,N/A,N/A,N/A,S-110,RN,8-15 yr,Single-nurse check,3,1:3,N/A
MA-003092,HGH,ED,2024-08-07 07:23:00,NIGHT,Wed,P-03175,75-84,F,quetiapine,Antipsychotic,False,PRN,150.0,mg,PO,0.0,PO,Withheld (clinical),False,None,N/A,N/A,N/A,S-268,RN,8-15 yr,BCMA scan,2,1:5,N/A
MA-003190,HGH,PAED,2024-08-08 07:56:00,AM,Thu,P-04430,12-17,M,codeine,Opioid,True,PRN,35.0,mg,PO,35.0,PO,Given as prescribed,False,None,N/A,N/A,N/A,S-040,EN,8-15 yr,Independent double-check,2,1:5,N/A
MA-003199,HGH,PAED,2024-08-08 08:36:00,AM,Thu,P-01953,12-17,F,ramipril,Antihypertensive,False,PRN,5.0,mg,PO,5.0,PO,Given as prescribed,False,None,N/A,N/A,N/A,S-275,RN,1-3 yr,Independent double-check,3,1:4,N/A
MA-003232,HGH,5A-SURG,2024-08-08 14:27:00,PM,Thu,P-04012,35-44,M,oxycodone,Opioid,True,PRN,15.0,mg,PO,15.0,PO,Given as prescribed,False,None,N/A,N/A,N/A,S-029,RN,16+ yr,Independent double-check,1,1:5,N/A
MA-003235,HGH,MAT,2024-08-08 14:45:00,AM,Thu,P-02921,35-44,F,tramadol,Opioid,True,Regular,50.0,mg,PO,50.0,PO,Given as prescribed,False,None,N/A,N/A,N/A,S-318,RN,4-7 yr,Independent double-check,2,1:3,N/A
MA-003345,HGH,2B-NEURO,2024-08-10 00:34:00,AM,Sat,P-02444,75-84,F,frusemide,Diuretic,False,Regular,75.0,mg,IV,0.0,IV,Near-miss intercepted,True,Omitted dose,B,Fatigue/workload,Patient/family reported,S-132,NUM,8-15 yr,Single-nurse check,3,1:5,N/A
MA-003393,HGH,3C-ORTHO,2024-08-10 15:55:00,PM,Sat,P-03790,55-64,M,paracetamol,Analgesic,False,Regular,875.0,mg,PO,875.0,PO,Given as prescribed,False,None,N/A,N/A,N/A,S-183,EN,8-15 yr,Single-nurse check,2,1:6,N/A
MA-003398,HGH,6A-ONCO,2024-08-10 16:32:00,AM,Sat,P-03398,55-64,M,hydromorphone,Opioid,True,PRN,4.0,mg,SC,4.0,SC,Given as prescribed,False,None,N/A,N/A,N/A,S-079,EN,8-15 yr,Independent double-check,2,1:5,N/A
MA-003452,HGH,4B-MED,2024-08-11 09:31:00,PM,Sun,P-03706,75-84,F,sodium chloride 0.9%,Electrolyte,False,STAT,950.0,mL,IV,950.0,IV,Given as prescribed,False,None,N/A,N/A,N/A,S-113,RN,1-3 yr,BCMA scan,2,1:6,N/A
MA-003517,HGH,3C-ORTHO,2024-08-12 09:35:00,PM,Mon,P-01913,85+,F,morphine,Opioid,True,PRN,5.0,mg,SC,5.0,SC,Given as prescribed,False,None,N/A,N/A,N/A,S-288,RN,4-7 yr,Witnessed administration,1,1:6,N/A
MA-003559,HGH,MAT,2024-08-12 22:47:00,NIGHT,Mon,P-03662,25-34,F,levetiracetam,Antiepileptic,False,Regular,350.0,mg,PO,350.0,PO,Given as prescribed,False,None,N/A,N/A,N/A,S-194,RN,1-3 yr,Single-nurse check,1,1:4,N/A
MA-003605,HGH,CCU,2024-08-13 14:25:00,NIGHT,Tue,P-02323,65-74,M,clonidine,Antihypertensive,False,PRN,125.0,mcg,PO,125.0,PO,Given as prescribed,False,None,N/A,N/A,N/A,S-018,RN,16+ yr,Independent double-check,3,1:1,N/A
MA-003608,HGH,ED,2024-08-13 14:46:00,PM,Tue,P-02667,55-64,M,mirtazapine,Antidepressant,False,PRN,25.0,mg,PO,25.0,PO,Given as prescribed,False,None,N/A,N/A,N/A,S-305,RN,16+ yr,BCMA scan,2,1:4,N/A
MA-003636,HGH,MAT,2024-08-13 20:48:00,PM,Tue,P-03601,25-34,F,atorvastatin,Other,False,Regular,30.0,mg,PO,30.0,PO,Given as prescribed,False,None,N/A,N/A,N/A,S-236,RN,8-15 yr,Independent double-check,2,1:5,N/A
MA-003645,HGH,5A-SURG,2024-08-13 22:38:00,PM,Tue,P-02963,45-54,F,doxycycline,Antibiotic,False,Regular,125.0,mg,PO,125.0,PO,Given as prescribed,False,None,N/A,N/A,N/A,S-156,EN,4-7 yr,Single-nurse check,3,1:5,N/A
MA-003678,HGH,6A-ONCO,2024-08-14 09:23:00,AM,Wed,P-03047,45-54,F,salbutamol,Bronchodilator,False,Regular,3985.0,mcg,INH,3985.0,INH,Near-miss intercepted,True,Wrong time,B,Knowledge deficit,Before administration (checking),S-112,RN,1-3 yr,Independent double-check,3,1:4,N/A
MA-003682,HGH,2B-NEURO,2024-08-14 10:04:00,NIGHT,Wed,P-04384,65-74,F,meropenem,Antibiotic,False,PRN,1025.0,mg,IV,1025.0,IV,Error reached patient,True,Deteriorated/expired medication,C,Staffing levels,Post-administration review,S-046,NUM,<1 yr,Single-nurse check,3,1:6,No harm
MA-003709,HGH,4B-MED,2024-08-14 18:07:00,PM,Wed,P-00476,65-74,M,ramipril,Antihypertensive,False,Regular,10.0,mg,PO,10.0,PO,Error reached patient,True,Wrong time,E,Fatigue/workload,Routine monitoring/bloods,S-109,RN,1-3 yr,Single-nurse check,3,1:6,"Minimal harm (temporary, no intervention)"
MA-003722,HGH,6A-ONCO,2024-08-14 20:44:00,PM,Wed,P-04034,55-64,F,mirtazapine,Antidepressant,False,Regular,35.0,mg,PO,35.0,PO,Given as prescribed,False,None,N/A,N/A,N/A,S-280,RN,<1 yr,Independent double-check,3,1:5,N/A
MA-003736,HGH,ED,2024-08-15 02:43:00,AM,Thu,P-01803,75-84,F,piperacillin-tazobactam,Antibiotic,False,Regular,4500.0,mg,IV,4500.0,IV,Given as prescribed,False,None,N/A,N/A,N/A,S-150,RN,1-3 yr,BCMA scan,2,1:5,N/A
MA-003739,HGH,3C-ORTHO,2024-08-15 06:01:00,NIGHT,Thu,P-01749,45-54,M,metronidazole,Antibiotic,False,STAT,450.0,mg,IV,450.0,IV,Given as prescribed,False,None,N/A,N/A,N/A,S-269,EN,8-15 yr,Independent double-check,1,1:7,N/A
MA-003783,HGH,4B-MED,2024-08-15 15:11:00,AM,Thu,P-01146,35-44,M,ibuprofen,Analgesic,False,Regular,250.0,mg,PO,250.0,PO,Given as prescribed,False,None,N/A,N/A,N/A,S-012,RN,1-3 yr,Single-nurse check,3,1:5,N/A
MA-003839,HGH,6A-ONCO,2024-08-16 08:52:00,AM,Fri,P-03122,65-74,M,tramadol,Opioid,True,Regular,50.0,mg,PO,50.0,PO,Given as prescribed,False,None,N/A,N/A,N/A,S-216,RN,16+ yr,Independent double-check,3,1:4,N/A
MA-003843,HGH,ED,2024-08-16 09:03:00,PM,Fri,P-02757,45-54,M,rivaroxaban,Anticoagulant,True,PRN,10.0,mg,PO,10.0,PO,Given as prescribed,False,None,N/A,N/A,N/A,S-014,EN,16+ yr,Independent double-check,3,1:4,N/A
MA-003859,HGH,MAT,2024-08-16 11:23:00,AM,Fri,P-02078,25-34,F,tramadol,Opioid,True,Regular,75.0,mg,PO,75.0,PO,Given as prescribed,False,None,N/A,N/A,N/A,S-266,RN,1-3 yr,Independent double-check,1,1:4,N/A
MA-003901,HGH,6A-ONCO,2024-08-16 22:36:00,NIGHT,Fri,P-01394,18-24,F,prednisolone,Corticosteroid,False,Once-only,25.0,mg,PO,25.0,PO,Given as prescribed,False,None,N/A,N/A,N/A,S-097,EN,<1 yr,BCMA scan,3,1:6,N/A
MA-003929,HGH,ICU,2024-08-17 09:31:00,PM,Sat,P-01789,75-84,F,glyceryl trinitrate,Antihypertensive,False,Once-only,0.5,mg,SL,0.5,SL,Given as prescribed,False,None,N/A,N/A,N/A,S-244,RN,4-7 yr,Single-nurse check,3,1:1,N/A
MA-004011,HGH,ED,2024-08-18 09:18:00,NIGHT,Sun,P-01149,75-84,F,paracetamol,Analgesic,False,Regular,600.0,mg,PO,600.0,PO,Given as prescribed,False,None,N/A,N/A,N/A,S-208,RN,16+ yr,Single-nurse check,1,1:5,N/A
MA-004030,HGH,5A-SURG,2024-08-18 15:36:00,PM,Sun,P-02852,35-44,M,frusemide,Diuretic,False,PRN,75.0,mg,IV,75.0,IV,Given as prescribed,False,None,N/A,N/A,N/A,S-102,EN,16+ yr,Single-nurse check,1,1:5,N/A
MA-004077,HGH,ICU,2024-08-19 10:14:00,AM,Mon,P-02876,75-84,F,glyceryl trinitrate,Antihypertensive,False,PRN,0.5,mg,SL,0.5,SL,Given as prescribed,False,None,N/A,N/A,N/A,S-074,RN,8-15 yr,BCMA scan,4,1:1,N/A
MA-004078,HGH,6A-ONCO,2024-08-19 10:22:00,NIGHT,Mon,P-03897,45-54,F,ramipril,Antihypertensive,False,Regular,5.0,mg,PO,5.0,PO,Given as prescribed,False,None,N/A,N/A,N/A,S-169,EN,8-15 yr,BCMA scan,2,1:6,N/A
MA-004127,HGH,3C-ORTHO,2024-08-20 00:34:00,PM,Tue,P-02200,35-44,M,lactulose,Other,False,Regular,0.0,mL,PO,0.0,PO,Withheld (clinical),False,None,N/A,N/A,N/A,S-278,RN,4-7 yr,Single-nurse check,3,1:6,N/A
MA-004193,HGH,5A-SURG,2024-08-20 22:25:00,NIGHT,Tue,P-03447,65-74,F,esomeprazole,Proton pump inhibitor,False,Regular,40.0,mg,PO,40.0,PO,Given as prescribed,False,None,N/A,N/A,N/A,S-303,EN,8-15 yr,BCMA scan,1,1:7,N/A
MA-004195,HGH,4B-MED,2024-08-20 23:42:00,NIGHT,Tue,P-03874,25-34,F,insulin aspart,Insulin,True,PRN,17.0,units,SC,0.0,SC,Omitted,True,Omitted dose,F,Inadequate checking process,Pharmacy review,S-310,EN,8-15 yr,Independent double-check,2,1:7,N/A
MA-004239,HGH,6A-ONCO,2024-08-21 12:25:00,AM,Wed,P-03111,65-74,M,omeprazole,Proton pump inhibitor,False,Regular,25.0,mg,PO,25.0,PO,Given as prescribed,False,None,N/A,N/A,N/A,S-119,EN,<1 yr,BCMA scan,4,1:4,N/A
MA-004262,HGH,ICU,2024-08-21 18:47:00,NIGHT,Wed,P-03714,55-64,F,risperidone,Antipsychotic,False,STAT,1.5,mg,PO,0.0,PO,Near-miss intercepted,True,Omitted dose,A,System/equipment failure,Before administration (checking),S-289,RN,1-3 yr,Witnessed administration,4,1:1,N/A
MA-004289,HGH,2B-NEURO,2024-08-22 06:25:00,AM,Thu,P-01691,65-74,F,amoxicillin,Antibiotic,False,PRN,975.0,mg,PO,975.0,PO,Given as prescribed,False,None,N/A,N/A,N/A,S-274,RN,16+ yr,BCMA scan,3,1:6,N/A
MA-004301,HGH,ED,2024-08-22 08:56:00,PM,Thu,P-02960,65-74,F,ciprofloxacin,Antibiotic,False,PRN,425.0,mg,PO,425.0,PO,Given as prescribed,False,None,N/A,N/A,N/A,S-058,NP,4-7 yr,Single-nurse check,2,1:4,N/A
MA-004309,HGH,4B-MED,2024-08-22 10:31:00,NIGHT,Thu,P-02897,25-34,M,rivaroxaban,Anticoagulant,True,PRN,10.0,mg,PO,10.0,PO,Given as prescribed,False,None,N/A,N/A,N/A,S-032,CNS,16+ yr,Independent double-check,4,1:7,N/A
MA-004327,HGH,MAT,2024-08-22 13:21:00,PM,Thu,P-03387,18-24,M,ibuprofen,Analgesic,False,Regular,275.0,mg,PO,275.0,PO,Given as prescribed,False,None,N/A,N/A,N/A,S-211,CNS,1-3 yr,BCMA scan,1,1:5,N/A
MA-004340,HGH,ICU,2024-08-22 16:20:00,PM,Thu,P-01318,55-64,M,tramadol,Opioid,True,Once-only,50.0,mg,PO,50.0,PO,Given as prescribed,False,None,N/A,N/A,N/A,S-185,RN,16+ yr,Witnessed administration,5,1:1,N/A
MA-004416,HGH,6A-ONCO,2024-08-23 12:44:00,AM,Fri,P-02252,65-74,F,simvastatin,Other,False,Once-only,30.0,mg,PO,30.0,PO,Given as prescribed,False,None,N/A,N/A,N/A,S-201,RN,<1 yr,Independent double-check,3,1:5,N/A
MA-004448,HGH,MAT,2024-08-23 21:56:00,AM,Fri,P-04391,35-44,M,colchicine,Other,False,STAT,0.5,mg,PO,0.5,PO,Given as prescribed,False,None,N/A,N/A,N/A,S-014,RN,1-3 yr,BCMA scan,1,1:4,N/A
MA-004504,HGH,2B-NEURO,2024-08-24 16:14:00,AM,Sat,P-03168,65-74,F,enoxaparin,Anticoagulant,True,Once-only,75.0,mg,SC,75.0,SC,Given as prescribed,False,None,N/A,N/A,N/A,S-076,RN,1-3 yr,Independent double-check,3,1:5,N/A
MA-004512,HGH,5A-SURG,2024-08-24 18:44:00,AM,Sat,P-04483,75-84,F,sodium chloride 0.9%,Electrolyte,False,Regular,550.0,mL,IV,550.0,IV,Given as prescribed,False,None,N/A,N/A,N/A,S-316,CNS,4-7 yr,BCMA scan,2,1:5,N/A
MA-004520,HGH,5A-SURG,2024-08-24 22:02:00,NIGHT,Sat,P-00424,55-64,F,ondansetron,Antiemetic,False,Regular,5.0,mg,IV,5.0,IV,Given as prescribed,False,None,N/A,N/A,N/A,S-264,RN,4-7 yr,Single-nurse check,2,1:7,N/A
MA-004578,HGH,MAT,2024-08-25 21:04:00,AM,Sun,P-00122,18-24,M,irbesartan,Antihypertensive,False,PRN,150.0,mg,PO,150.0,PO,Given as prescribed,False,None,N/A,N/A,N/A,S-288,RN,1-3 yr,Single-nurse check,2,1:4,N/A
MA-004692,HGH,4B-MED,2024-08-27 10:17:00,AM,Tue,P-00543,55-64,X,hydrocortisone,Corticosteroid,False,Regular,75.0,mg,IV,75.0,IV,Error reached patient,True,Wrong time,D,Knowledge deficit,Before administration (checking),S-045,RN,4-7 yr,Independent double-check,3,1:5,No harm
MA-004695,HGH,CCU,2024-08-27 10:29:00,PM,Tue,P-03016,25-34,F,flucloxacillin,Antibiotic,False,Regular,1250.0,mg,IV,1250.0,IV,Given as prescribed,False,None,N/A,N/A,N/A,S-304,RN,16+ yr,BCMA scan,3,1:2,N/A
MA-004884,HGH,MAT,2024-08-29 12:10:00,PM,Thu,P-01348,25-34,F,salbutamol,Bronchodilator,False,Regular,2755.0,mcg,INH,2755.0,INH,Given as prescribed,False,None,N/A,N/A,N/A,S-030,EN,1-3 yr,BCMA scan,2,1:5,N/A
MA-004936,HGH,6A-ONCO,2024-08-30 06:00:00,AM,Fri,P-02793,35-44,M,potassium chloride,Electrolyte,True,PRN,36.0,mmol,IV,36.0,IV,Given as prescribed,False,None,N/A,N/A,N/A,S-084,EN,16+ yr,Witnessed administration,3,1:4,N/A
MA-004979,HGH,4B-MED,2024-08-30 17:15:00,AM,Fri,P-03788,75-84,M,temazepam,Benzodiazepine,True,Regular,15.0,mg,PO,0.0,PO,Withheld (clinical),False,None,N/A,N/A,N/A,S-115,RN,16+ yr,Independent double-check,2,1:5,N/A
MA-005003,HGH,ED,2024-08-30 23:07:00,AM,Fri,P-02696,25-34,M,glyceryl trinitrate,Antihypertensive,False,Once-only,0.5,mg,SL,0.0,SL,Refused by patient,False,None,N/A,N/A,N/A,S-021,RN,16+ yr,BCMA scan,2,1:4,N/A
MA-005033,HGH,PAED,2024-08-31 10:49:00,AM,Sat,P-02428,6-11,M,temazepam,Benzodiazepine,True,PRN,15.0,mg,PO,15.0,PO,Given as prescribed,False,None,N/A,N/A,N/A,S-149,EN,4-7 yr,Independent double-check,2,1:4,N/A
MA-005058,HGH,CCU,2024-08-31 15:46:00,NIGHT,Sat,P-00570,75-84,M,frusemide,Diuretic,False,Regular,75.0,mg,IV,75.0,IV,Given as prescribed,False,None,N/A,N/A,N/A,S-037,RN,8-15 yr,Single-nurse check,4,1:2,N/A
MA-005115,HGH,5A-SURG,2024-09-01 13:49:00,NIGHT,Sun,P-02703,65-74,F,paracetamol,Analgesic,False,Regular,1000.0,mg,PO,500.0,PO,Near-miss intercepted,True,Wrong dose,B,Staffing levels,Before administration (checking),S-235,CNS,8-15 yr,Single-nurse check,2,1:6,N/A
MA-005144,HGH,6A-ONCO,2024-09-01 21:32:00,PM,Sun,P-01995,65-74,F,benzylpenicillin,Antibiotic,False,Regular,1400.0,mg,IV,1400.0,IV,Given as prescribed,False,None,N/A,N/A,N/A,S-290,RN,16+ yr,Independent double-check,3,1:6,N/A
MA-005166,HGH,ICU,2024-09-02 06:00:00,PM,Mon,P-04008,55-64,F,clonidine,Antihypertensive,False,Regular,150.0,mcg,PO,150.0,PO,Given as prescribed,False,None,N/A,N/A,N/A,S-103,RN,1-3 yr,BCMA scan,5,1:1,N/A
MA-005232,HGH,4B-MED,2024-09-02 23:56:00,NIGHT,Mon,P-04250,75-84,F,salbutamol,Bronchodilator,False,Once-only,540.0,mcg,INH,540.0,INH,Given as prescribed,False,None,N/A,N/A,N/A,S-241,RN,1-3 yr,Single-nurse check,3,1:6,N/A
MA-005299,HGH,ED,2024-09-03 18:58:00,AM,Tue,P-01857,35-44,M,haloperidol,Antipsychotic,False,PRN,2.5,mg,PO,2.5,PO,Given as prescribed,False,None,N/A,N/A,N/A,S-115,RN,4-7 yr,Single-nurse check,2,1:4,N/A
MA-005304,HGH,6A-ONCO,2024-09-03 20:21:00,PM,Tue,P-01666,65-74,F,ondansetron,Antiemetic,False,Regular,5.0,mg,IV,5.0,IV,Given as prescribed,False,None,N/A,N/A,N/A,S-130,RN,8-15 yr,Single-nurse check,3,1:5,N/A
MA-005336,HGH,4B-MED,2024-09-04 10:01:00,AM,Wed,P-00687,65-74,F,codeine,Opioid,True,PRN,50.0,mg,PO,50.0,PO,Given as prescribed,False,None,N/A,N/A,N/A,S-103,NUM,16+ yr,Witnessed administration,4,1:5,N/A
MA-005354,HGH,4B-MED,2024-09-04 13:13:00,PM,Wed,P-02338,18-24,F,atenolol,Antihypertensive,False,Regular,50.0,mg,PO,50.0,PO,Given as prescribed,False,None,N/A,N/A,N/A,S-055,NP,8-15 yr,BCMA scan,3,1:7,N/A
MA-005370,HGH,4B-MED,2024-09-04 18:23:00,PM,Wed,P-03542,55-64,M,piperacillin-tazobactam,Antibiotic,False,PRN,4500.0,mg,IV,4500.0,IV,Near-miss intercepted,True,Wrong medication,B,LASA confusion,Before administration (checking),S-288,RN,1-3 yr,BCMA scan,4,1:6,N/A
MA-005383,HGH,4B-MED,2024-09-04 21:28:00,AM,Wed,P-01506,55-64,F,cephalexin,Antibiotic,False,Regular,425.0,mg,PO,0.0,PO,Omitted,True,Omitted dose,D,Interruption/distraction,Patient/family reported,S-213,RN,4-7 yr,BCMA scan,2,1:5,N/A
MA-005406,HGH,3C-ORTHO,2024-09-05 07:41:00,AM,Thu,P-01664,65-74,M,metronidazole,Antibiotic,False,Regular,475.0,mg,IV,475.0,IV,Given as prescribed,False,None,N/A,N/A,N/A,S-289,RN,8-15 yr,BCMA scan,2,1:5,N/A
MA-005416,HGH,5A-SURG,2024-09-05 08:53:00,PM,Thu,P-03824,65-74,M,docusate,Other,False,PRN,375.0,mg,PO,375.0,PO,Given as prescribed,False,None,N/A,N/A,N/A,S-001,RN,8-15 yr,Single-nurse check,1,1:5,N/A
MA-005425,HGH,ICU,2024-09-05 10:22:00,PM,Thu,P-04046,75-84,M,sodium chloride 0.9%,Electrolyte,False,Regular,850.0,mL,IV,850.0,IV,Given as prescribed,False,None,N/A,N/A,N/A,S-085,RN,16+ yr,Independent double-check,4,1:1,N/A
MA-005426,HGH,PAED,2024-09-05 10:23:00,PM,Thu,P-02049,0-5,M,oxycodone,Opioid,True,PRN,15.0,mg,PO,15.0,PO,Given as prescribed,False,None,N/A,N/A,N/A,S-008,EN,16+ yr,Witnessed administration,3,1:4,N/A
MA-005442,HGH,ICU,2024-09-05 13:57:00,PM,Thu,P-01602,75-84,F,hydromorphone,Opioid,True,Regular,4.0,mg,SC,4.0,SC,Given as prescribed,False,None,N/A,N/A,N/A,S-217,RN,8-15 yr,Independent double-check,4,1:1,N/A
MA-005522,HGH,2B-NEURO,2024-09-06 11:07:00,AM,Fri,P-00981,65-74,M,aspirin,Antiplatelet,False,Regular,125.0,mg,PO,125.0,PO,Given as prescribed,False,None,N/A,N/A,N/A,S-171,EN,16+ yr,Single-nurse check,3,1:5,N/A
MA-005527,HGH,3C-ORTHO,2024-09-06 11:52:00,PM,Fri,P-02669,55-64,M,frusemide,Diuretic,False,PRN,50.0,mg,IV,50.0,IV,Given as prescribed,False,None,N/A,N/A,N/A,S-257,RN,4-7 yr,BCMA scan,1,1:6,N/A
MA-005533,HGH,5A-SURG,2024-09-06 13:08:00,PM,Fri,P-00629,65-74,F,ondansetron,Antiemetic,False,Regular,5.0,mg,IV,7.5,IV,Error reached patient,True,Wrong dose,C,Staffing levels,Pharmacy review,S-309,RN,4-7 yr,Single-nurse check,3,1:6,No harm
MA-005552,HGH,2B-NEURO,2024-09-06 18:33:00,AM,Fri,P-01988,65-74,F,ceftriaxone,Antibiotic,False,Regular,1300.0,mg,IV,1300.0,IV,Given as prescribed,False,None,N/A,N/A,N/A,S-115,RN,4-7 yr,Single-nurse check,3,1:6,N/A
MA-005606,HGH,ED,2024-09-07 10:09:00,AM,Sat,P-00427,75-84,M,midazolam,Benzodiazepine,True,PRN,4.0,mg,IV,4.0,IV,Given as prescribed,False,None,N/A,N/A,N/A,S-181,RN,<1 yr,Independent double-check,2,1:4,N/A
MA-005642,HGH,3C-ORTHO,2024-09-07 22:34:00,PM,Sat,P-03433,85+,M,methylprednisolone,Corticosteroid,False,PRN,100.0,mg,IV,100.0,IV,Given as prescribed,False,None,N/A,N/A,N/A,S-284,CNS,8-15 yr,Independent double-check,2,1:6,N/A
MA-005670,HGH,6A-ONCO,2024-09-08 11:03:00,PM,Sun,P-00409,85+,F,ceftriaxone,Antibiotic,False,PRN,1375.0,mg,IV,1375.0,IV,Given as prescribed,False,None,N/A,N/A,N/A,S-191,EN,4-7 yr,BCMA scan,4,1:5,N/A
MA-005678,HGH,PAED,2024-09-08 13:42:00,AM,Sun,P-01908,0-5,M,oxycodone,Opioid,True,Regular,10.0,mg,PO,10.0,PO,Given as prescribed,False,None,N/A,N/A,N/A,S-116,EN,16+ yr,Witnessed administration,2,1:4,N/A
MA-005689,HGH,PAED,2024-09-08 16:55:00,AM,Sun,P-03795,6-11,M,morphine,Opioid,True,PRN,3.5,mg,SC,3.5,SC,Given as prescribed,False,None,N/A,N/A,N/A,S-187,NUM,16+ yr,Independent double-check,3,1:4,N/A
MA-005742,HGH,6A-ONCO,2024-09-09 09:02:00,AM,Mon,P-03852,75-84,M,omeprazole,Proton pump inhibitor,False,Regular,25.0,mg,PO,25.0,PO,Given as prescribed,False,None,N/A,N/A,N/A,S-226,RN,1-3 yr,Single-nurse check,3,1:4,N/A
MA-005831,HGH,2B-NEURO,2024-09-10 10:08:00,PM,Tue,P-00637,25-34,M,magnesium sulfate,Electrolyte,False,Regular,11.0,mmol,IV,11.0,IV,Given as prescribed,False,None,N/A,N/A,N/A,S-133,RN,8-15 yr,Single-nurse check,2,1:5,N/A
MA-005834,HGH,5A-SURG,2024-09-10 10:30:00,NIGHT,Tue,P-04348,75-84,F,simvastatin,Other,False,Regular,35.0,mg,PO,3.5,PO,Error reached patient,True,Wrong dose,D,Inadequate checking process,Before administration (checking),S-295,RN,8-15 yr,Independent double-check,3,1:7,No harm
MA-005943,HGH,ED,2024-09-11 15:23:00,PM,Wed,P-03424,65-74,M,salbutamol,Bronchodilator,False,PRN,2480.0,mcg,INH,2480.0,INH,Given as prescribed,False,None,N/A,N/A,N/A,S-141,RN,1-3 yr,Independent double-check,3,1:3,N/A
MA-005950,HGH,PAED,2024-09-11 18:59:00,AM,Wed,P-01704,12-17,F,frusemide,Diuretic,False,Regular,25.0,mg,IV,25.0,IV,Given as prescribed,False,None,N/A,N/A,N/A,S-252,NUM,4-7 yr,Single-nurse check,2,1:4,N/A
MA-006027,HGH,5A-SURG,2024-09-12 19:01:00,PM,Thu,P-00554,35-44,F,vancomycin,Antibiotic,False,Once-only,1450.0,mg,IV,1450.0,IV,Given as prescribed,False,None,N/A,N/A,N/A,S-161,RN,4-7 yr,Independent double-check,2,1:5,N/A
MA-006100,HGH,MAT,2024-09-13 16:55:00,PM,Fri,P-04475,25-34,F,midazolam,Benzodiazepine,True,PRN,1.5,mg,IV,1.5,IV,Given as prescribed,False,None,N/A,N/A,N/A,S-200,EN,4-7 yr,Independent double-check,1,1:6,N/A
MA-006147,HGH,ED,2024-09-14 08:51:00,AM,Sat,P-03624,75-84,F,aspirin,Antiplatelet,False,Regular,125.0,mg,PO,62.5,PO,Error reached patient,True,Wrong dose,D,Handover communication gap,Routine monitoring/bloods,S-121,RN,1-3 yr,Single-nurse check,3,1:4,No harm
MA-006187,HGH,PAED,2024-09-14 20:28:00,PM,Sat,P-02241,6-11,M,diazepam,Benzodiazepine,True,Regular,10.0,mg,PO,10.0,PO,Given as prescribed,False,None,N/A,N/A,N/A,S-068,RN,4-7 yr,Independent double-check,3,1:4,N/A
MA-006208,HGH,5A-SURG,2024-09-15 07:54:00,AM,Sun,P-00070,85+,F,irbesartan,Antihypertensive,False,Regular,200.0,mg,PO,200.0,PO,Given as prescribed,False,None,N/A,N/A,N/A,S-089,RN,16+ yr,Single-nurse check,3,1:5,N/A
MA-006254,HGH,6A-ONCO,2024-09-15 20:14:00,PM,Sun,P-03698,55-64,F,haloperidol,Antipsychotic,False,Regular,5.0,mg,PO,5.0,PO,Given as prescribed,False,None,N/A,N/A,N/A,S-219,NUM,<1 yr,Single-nurse check,3,1:5,N/A
MA-006303,HGH,4B-MED,2024-09-16 09:34:00,AM,Mon,P-04039,55-64,F,morphine,Opioid,True,Regular,3.0,mg,SC,3.0,SC,Given as prescribed,False,None,N/A,N/A,N/A,S-144,RN,4-7 yr,Independent double-check,3,1:5,N/A
MA-006426,HGH,4B-MED,2024-09-17 18:07:00,NIGHT,Tue,P-03150,85+,X,ceftriaxone,Antibiotic,False,Regular,1275.0,mg,IV,1275.0,IV,Given as prescribed,False,None,N/A,N/A,N/A,S-060,RN,4-7 yr,Single-nurse check,2,1:7,N/A
MA-006521,HGH,CCU,2024-09-18 18:34:00,PM,Wed,P-02021,75-84,F,amlodipine,Antihypertensive,False,PRN,5.0,mg,PO,5.0,PO,Given as prescribed,False,None,N/A,N/A,N/A,S-149,CNS,8-15 yr,Witnessed administration,4,1:3,N/A
MA-006531,HGH,MAT,2024-09-18 20:45:00,AM,Wed,P-04215,25-34,M,omeprazole,Proton pump inhibitor,False,Regular,25.0,mg,PO,25.0,PO,Given as prescribed,False,None,N/A,N/A,N/A,S-136,RN,4-7 yr,BCMA scan,2,1:4,N/A
MA-006571,HGH,4B-MED,2024-09-19 09:00:00,AM,Thu,P-00990,65-74,M,diazepam,Benzodiazepine,True,Regular,2.0,mg,PO,2.0,PO,Given as prescribed,False,None,N/A,N/A,N/A,S-280,EN,<1 yr,Independent double-check,3,1:4,N/A
MA-006622,HGH,ICU,2024-09-19 21:08:00,PM,Thu,P-01363,65-74,M,flucloxacillin,Antibiotic,False,Once-only,575.0,mg,IV,575.0,IV,Given as prescribed,False,None,N/A,N/A,N/A,S-177,RN,<1 yr,Witnessed administration,3,1:1,N/A
MA-006654,HGH,5A-SURG,2024-09-20 08:42:00,PM,Fri,P-02323,45-54,F,ceftriaxone,Antibiotic,False,Once-only,1425.0,mg,IV,712.5,IV,Error reached patient,True,Wrong dose,C,Inadequate checking process,During administration,S-232,EN,1-3 yr,Single-nurse check,3,1:5,No harm
MA-006682,HGH,5A-SURG,2024-09-20 14:40:00,NIGHT,Fri,P-02895,35-44,F,esomeprazole,Proton pump inhibitor,False,Regular,40.0,mg,PO,40.0,PO,Given as prescribed,False,None,N/A,N/A,N/A,S-282,RN,1-3 yr,Single-nurse check,2,1:7,N/A
MA-006714,HGH,CCU,2024-09-20 22:56:00,NIGHT,Fri,P-02882,85+,M,paracetamol,Analgesic,False,PRN,950.0,mg,PO,950.0,PO,Near-miss intercepted,True,Wrong medication,B,Knowledge deficit,Before administration (checking),S-065,EN,16+ yr,Single-nurse check,5,1:1,N/A
MA-006785,HGH,3C-ORTHO,2024-09-21 22:47:00,NIGHT,Sat,P-03767,75-84,M,prednisolone,Corticosteroid,False,STAT,45.0,mg,PO,0.0,PO,Refused by patient,False,None,N/A,N/A,N/A,S-170,RN,16+ yr,Independent double-check,2,1:7,N/A
MA-006789,HGH,ED,2024-09-22 02:10:00,AM,Sun,P-00487,75-84,F,metoclopramide,Antiemetic,False,PRN,10.0,mg,IV,10.0,IV,Given as prescribed,False,None,N/A,N/A,N/A,S-149,RN,8-15 yr,Single-nurse check,2,1:4,N/A
MA-006816,HGH,MAT,2024-09-22 12:45:00,AM,Sun,P-03327,25-34,M,heparin,Anticoagulant,True,STAT,12294.0,units,IV,12294.0,IV,Given as prescribed,False,None,N/A,N/A,N/A,S-277,NUM,8-15 yr,Independent double-check,1,1:4,N/A
MA-006884,HGH,2B-NEURO,2024-09-23 08:57:00,AM,Mon,P-03852,65-74,M,ramipril,Antihypertensive,False,Regular,5.0,mg,PO,5.0,PO,Given as prescribed,False,None,N/A,N/A,N/A,S-197,RN,4-7 yr,Single-nurse check,3,1:5,N/A
MA-006913,HGH,ICU,2024-09-23 15:41:00,AM,Mon,P-00578,65-74,F,benzylpenicillin,Antibiotic,False,PRN,1575.0,mg,IV,1575.0,IV,Given as prescribed,False,None,N/A,N/A,N/A,S-230,RN,8-15 yr,Witnessed administration,5,1:1,N/A
MA-006957,HGH,5A-SURG,2024-09-24 05:54:00,PM,Tue,P-01869,35-44,F,paracetamol,Analgesic,False,Regular,700.0,mg,PO,700.0,PO,Given as prescribed,False,None,N/A,N/A,N/A,S-192,RN,4-7 yr,BCMA scan,3,1:5,N/A
MA-006974,HGH,6A-ONCO,2024-09-24 08:34:00,AM,Tue,P-02783,55-64,F,metronidazole,Antibiotic,False,Once-only,400.0,mg,IV,400.0,IV,Given as prescribed,False,None,N/A,N/A,N/A,S-125,NUM,4-7 yr,Single-nurse check,3,1:4,N/A
MA-006980,HGH,CCU,2024-09-24 08:52:00,PM,Tue,P-00677,65-74,M,omeprazole,Proton pump inhibitor,False,Regular,25.0,mg,PO,25.0,PO,Given as prescribed,False,None,N/A,N/A,N/A,S-090,EN,8-15 yr,Single-nurse check,5,1:2,N/A
MA-006985,HGH,4B-MED,2024-09-24 09:34:00,AM,Tue,P-01405,75-84,M,warfarin,Anticoagulant,True,Regular,5.0,mg,PO,5.0,PO,Given as prescribed,False,None,N/A,N/A,N/A,S-261,NUM,16+ yr,Independent double-check,3,1:5,N/A
MA-007001,HGH,2B-NEURO,2024-09-24 13:16:00,AM,Tue,P-04228,65-74,F,olanzapine,Antipsychotic,False,PRN,15.0,mg,PO,15.0,PO,Given as prescribed,False,None,N/A,N/A,N/A,S-059,RN,8-15 yr,BCMA scan,3,1:5,N/A
MA-007019,HGH,6A-ONCO,2024-09-24 18:43:00,AM,Tue,P-00376,85+,F,salbutamol,Bronchodilator,False,Regular,3075.0,mcg,INH,3075.0,INH,Given as prescribed,False,None,N/A,N/A,N/A,S-317,RN,16+ yr,Single-nurse check,3,1:4,N/A
MA-007040,HGH,ED,2024-09-24 23:35:00,PM,Tue,P-03281,65-74,F,ciprofloxacin,Antibiotic,False,Regular,250.0,mg,PO,250.0,PO,Given as prescribed,False,None,N/A,N/A,N/A,S-033,RN,16+ yr,Single-nurse check,1,1:4,N/A
MA-007065,HGH,2B-NEURO,2024-09-25 08:08:00,PM,Wed,P-01797,35-44,F,prednisolone,Corticosteroid,False,Regular,15.0,mg,PO,15.0,PR,Near-miss intercepted,True,Wrong route,A,Patient factors,Before administration (checking),S-210,NP,1-3 yr,Single-nurse check,2,1:5,N/A
MA-007076,HGH,6A-ONCO,2024-09-25 10:29:00,AM,Wed,P-00779,65-74,F,benzylpenicillin,Antibiotic,False,PRN,1825.0,mg,IV,1825.0,IV,Given as prescribed,False,None,N/A,N/A,N/A,S-260,EN,8-15 yr,BCMA scan,2,1:4,N/A
MA-007157,HGH,6A-ONCO,2024-09-26 08:01:00,PM,Thu,P-00768,55-64,M,metronidazole,Antibiotic,False,Regular,450.0,mg,IV,0.0,IV,Refused by patient,False,None,N/A,N/A,N/A,S-213,RN,4-7 yr,BCMA scan,3,1:5,N/A
MA-007164,HGH,6A-ONCO,2024-09-26 08:18:00,AM,Thu,P-01761,45-54,F,warfarin,Anticoagulant,True,Regular,5.0,mg,PO,0.0,PO,Withheld (clinical),False,None,N/A,N/A,N/A,S-230,RN,16+ yr,Independent double-check,3,1:5,N/A
MA-007171,HGH,5A-SURG,2024-09-26 08:45:00,NIGHT,Thu,P-03200,65-74,F,salbutamol,Bronchodilator,False,Regular,3950.0,mcg,INH,3950.0,INH,Given as prescribed,False,None,N/A,N/A,N/A,S-149,RN,8-15 yr,BCMA scan,2,1:7,N/A
MA-007182,HGH,4B-MED,2024-09-26 11:57:00,AM,Thu,P-03768,85+,M,atenolol,Antihypertensive,False,PRN,100.0,mg,PO,100.0,PO,Given as prescribed,False,None,N/A,N/A,N/A,S-281,RN,1-3 yr,BCMA scan,2,1:5,N/A
MA-007210,HGH,ICU,2024-09-26 19:34:00,NIGHT,Thu,P-04128,75-84,M,meropenem,Antibiotic,False,Regular,1000.0,mg,IV,1000.0,IV,Given as prescribed,False,None,N/A,N/A,N/A,S-274,EN,<1 yr,Witnessed administration,3,1:1,N/A
MA-007361,HGH,2B-NEURO,2024-09-28 12:32:00,AM,Sat,P-02137,55-64,M,potassium chloride,Electrolyte,True,Regular,38.0,mmol,IV,38.0,IV,Given as prescribed,False,None,N/A,N/A,N/A,S-065,NP,8-15 yr,Independent double-check,3,1:5,N/A
MA-007373,HGH,CCU,2024-09-28 18:20:00,PM,Sat,P-02602,45-54,M,metformin,Other,False,Regular,550.0,mg,PO,550.0,PO,Given as prescribed,False,None,N/A,N/A,N/A,S-001,EN,16+ yr,Single-nurse check,3,1:2,N/A
MA-007380,HGH,6A-ONCO,2024-09-28 22:09:00,AM,Sat,P-03451,55-64,F,calcium gluconate,Electrolyte,False,PRN,16.0,mmol,IV,16.0,IV,Given as prescribed,False,None,N/A,N/A,N/A,S-300,RN,8-15 yr,Single-nurse check,3,1:4,N/A
MA-007408,HGH,MAT,2024-09-29 08:47:00,PM,Sun,P-03446,18-24,F,ipratropium,Bronchodilator,False,Regular,255.0,mcg,INH,255.0,INH,Given as prescribed,False,None,N/A,N/A,N/A,S-138,RN,16+ yr,Single-nurse check,1,1:5,N/A
MA-007410,HGH,3C-ORTHO,2024-09-29 08:56:00,NIGHT,Sun,P-02762,45-54,F,ondansetron,Antiemetic,False,Regular,5.0,mg,IV,0.0,IV,Withheld (clinical),False,None,N/A,N/A,N/A,S-236,RN,<1 yr,BCMA scan,2,1:7,N/A
MA-007580,HGH,4B-MED,2024-10-01 12:58:00,AM,Tue,P-02585,85+,F,irbesartan,Antihypertensive,False,Regular,275.0,mg,PO,275.0,PO,Given as prescribed,False,None,N/A,N/A,N/A,S-240,NP,4-7 yr,Single-nurse check,3,1:6,N/A
MA-007590,HGH,ED,2024-10-01 15:48:00,AM,Tue,P-00486,55-64,M,hydrocortisone,Corticosteroid,False,Regular,75.0,mg,IV,75.0,IV,Given as prescribed,False,None,N/A,N/A,N/A,S-310,RN,16+ yr,BCMA scan,3,1:3,N/A
MA-007610,HGH,4B-MED,2024-10-01 20:39:00,PM,Tue,P-02829,18-24,M,salbutamol,Bronchodilator,False,Regular,3920.0,mcg,INH,3920.0,INH,Given as prescribed,False,None,N/A,N/A,N/A,S-042,RN,4-7 yr,Witnessed administration,2,1:5,N/A
MA-007635,HGH,PAED,2024-10-02 06:57:00,NIGHT,Wed,P-02235,0-5,F,codeine,Opioid,True,Regular,50.0,mg,PO,50.0,IM,Near-miss intercepted,True,Wrong route,A,Illegible/ambiguous order,Before administration (checking),S-286,RN,8-15 yr,Independent double-check,2,1:5,N/A
MA-007640,HGH,CCU,2024-10-02 08:04:00,AM,Wed,P-03714,45-54,F,heparin,Anticoagulant,True,Once-only,19827.0,units,IV,19827.0,IV,Error reached patient,True,Wrong medication,F,Interruption/distraction,Patient/family reported,S-268,CNS,4-7 yr,Independent double-check,3,1:1,Moderate harm (intervention required)
MA-007711,HGH,MAT,2024-10-03 04:03:00,PM,Thu,P-01358,35-44,F,paracetamol,Analgesic,False,Once-only,700.0,mg,PO,700.0,PO,Given as prescribed,False,None,N/A,N/A,N/A,S-273,RN,16+ yr,BCMA scan,3,1:5,N/A
MA-007728,HGH,2B-NEURO,2024-10-03 08:31:00,NIGHT,Thu,P-02143,65-74,M,midazolam,Benzodiazepine,True,Regular,4.5,mg,IV,4.5,IV,Given as prescribed,False,None,N/A,N/A,N/A,S-079,RN,8-15 yr,Independent double-check,3,1:6,N/A
MA-007767,HGH,MAT,2024-10-03 14:40:00,PM,Thu,P-00654,25-34,F,fentanyl,Opioid,True,Regular,25.0,mcg,IV,25.0,IV,Given as prescribed,False,None,N/A,N/A,N/A,S-134,RN,4-7 yr,Witnessed administration,2,1:5,N/A
MA-007782,HGH,2B-NEURO,2024-10-03 20:10:00,PM,Thu,P-02248,65-74,F,cyclizine,Antiemetic,False,Regular,50.0,mg,PO,0.0,PO,Refused by patient,False,None,N/A,N/A,N/A,S-256,RN,8-15 yr,Witnessed administration,3,1:5,N/A
MA-007801,HGH,MAT,2024-10-04 05:45:00,NIGHT,Fri,P-03629,25-34,M,enoxaparin,Anticoagulant,True,Regular,35.0,mg,SC,35.0,SC,Given as prescribed,False,None,N/A,N/A,N/A,S-312,EN,8-15 yr,Independent double-check,2,1:5,N/A
MA-007838,HGH,ICU,2024-10-04 15:25:00,PM,Fri,P-00924,85+,M,pantoprazole,Proton pump inhibitor,False,Regular,25.0,mg,IV,50.0,IV,Error reached patient,True,Wrong dose,C,Fatigue/workload,Post-administration review,S-238,RN,1-3 yr,BCMA scan,4,1:2,No harm
MA-007842,HGH,3C-ORTHO,2024-10-04 17:50:00,NIGHT,Fri,P-01439,85+,M,midazolam,Benzodiazepine,True,PRN,3.0,mg,IV,3.0,IV,Given as prescribed,False,None,N/A,N/A,N/A,S-216,RN,4-7 yr,Independent double-check,2,1:7,N/A
MA-007930,HGH,4B-MED,2024-10-05 21:42:00,PM,Sat,P-02411,75-84,M,pantoprazole,Proton pump inhibitor,False,PRN,30.0,mg,IV,0.0,IV,Omitted,True,Omitted dose,C,Inadequate checking process,Routine monitoring/bloods,S-163,EN,16+ yr,BCMA scan,3,1:6,N/A
MA-007953,HGH,MAT,2024-10-06 08:57:00,NIGHT,Sun,P-03251,18-24,M,sodium chloride 0.9%,Electrolyte,False,Regular,850.0,mL,IV,85.0,IV,Near-miss intercepted,True,Wrong dose,B,Patient factors,Before administration (checking),S-059,RN,1-3 yr,Single-nurse check,2,1:5,N/A
MA-007959,HGH,ED,2024-10-06 10:07:00,AM,Sun,P-04421,65-74,M,quetiapine,Antipsychotic,False,PRN,150.0,mg,PO,300.0,PO,Error reached patient,True,Wrong dose,D,Staffing levels,During administration,S-011,EN,8-15 yr,BCMA scan,3,1:5,No harm
MA-008007,HGH,3C-ORTHO,2024-10-07 06:44:00,AM,Mon,P-03544,65-74,M,midazolam,Benzodiazepine,True,Once-only,4.5,mg,IV,4.5,IV,Given as prescribed,False,None,N/A,N/A,N/A,S-063,RN,4-7 yr,Independent double-check,2,1:5,N/A
MA-008019,HGH,CCU,2024-10-07 09:56:00,NIGHT,Mon,P-01821,18-24,F,prochlorperazine,Antiemetic,False,Regular,5.0,mg,PO,5.0,PO,Given as prescribed,False,None,N/A,N/A,N/A,S-294,EN,4-7 yr,BCMA scan,4,1:1,N/A
MA-008046,HGH,3C-ORTHO,2024-10-07 15:19:00,AM,Mon,P-01394,85+,F,flucloxacillin,Antibiotic,False,Regular,1525.0,mg,IV,1525.0,IV,Near-miss intercepted,True,Wrong patient,B,System/equipment failure,Before administration (checking),S-129,EN,4-7 yr,Independent double-check,2,1:5,N/A
MA-008055,HGH,3C-ORTHO,2024-10-07 18:19:00,PM,Mon,P-01741,65-74,F,sodium chloride 0.9%,Electrolyte,False,Regular,800.0,mL,IV,800.0,IV,Given as prescribed,False,None,N/A,N/A,N/A,S-251,RN,16+ yr,Independent double-check,2,1:6,N/A
MA-008085,HGH,4B-MED,2024-10-08 05:06:00,PM,Tue,P-00559,85+,M,quetiapine,Antipsychotic,False,PRN,200.0,mg,PO,200.0,PO,Near-miss intercepted,True,Wrong time,B,Illegible/ambiguous order,Before administration (checking),S-098,EN,16+ yr,Single-nurse check,4,1:6,N/A
MA-008090,HGH,4B-MED,2024-10-08 06:36:00,PM,Tue,P-00454,75-84,M,metronidazole,Antibiotic,False,Once-only,475.0,mg,IV,475.0,IV,Given as prescribed,False,None,N/A,N/A,N/A,S-179,RN,16+ yr,BCMA scan,2,1:5,N/A
MA-008091,HGH,6A-ONCO,2024-10-08 06:37:00,AM,Tue,P-02132,55-64,M,prochlorperazine,Antiemetic,False,Regular,10.0,mg,PO,10.0,PO,Given as prescribed,False,None,N/A,N/A,N/A,S-202,EN,4-7 yr,BCMA scan,3,1:4,N/A
MA-008137,HGH,4B-MED,2024-10-08 12:59:00,AM,Tue,P-01083,65-74,M,sertraline,Antidepressant,False,PRN,75.0,mg,PO,150.0,PO,Near-miss intercepted,True,Wrong dose,B,System/equipment failure,Before administration (checking),S-182,EN,4-7 yr,BCMA scan,3,1:5,N/A
MA-008140,HGH,PAED,2024-10-08 14:06:00,PM,Tue,P-03222,6-11,F,paracetamol,Analgesic,False,Regular,975.0,mg,PO,975.0,PO,Given as prescribed,False,None,N/A,N/A,N/A,S-159,RN,8-15 yr,Single-nurse check,1,1:4,N/A
MA-008228,HGH,ICU,2024-10-09 12:24:00,AM,Wed,P-01120,65-74,F,amitriptyline,Antidepressant,False,Regular,75.0,mg,PO,75.0,PO,Given as prescribed,False,None,N/A,N/A,N/A,S-269,RN,16+ yr,BCMA scan,4,1:1,N/A
MA-008258,HGH,ICU,2024-10-09 20:09:00,AM,Wed,P-02113,45-54,F,amoxicillin,Antibiotic,False,Regular,700.0,mg,PO,700.0,PO,Given as prescribed,False,None,N/A,N/A,N/A,S-189,NUM,8-15 yr,Independent double-check,4,1:1,N/A
MA-008278,HGH,ICU,2024-10-10 07:36:00,PM,Thu,P-02767,45-54,F,trimethoprim,Antibiotic,False,PRN,225.0,mg,PO,225.0,PO,Error reached patient,True,Wrong medication,D,Inadequate checking process,During administration,S-094,RN,4-7 yr,Single-nurse check,3,1:2,No harm
MA-008294,HGH,2B-NEURO,2024-10-10 10:52:00,PM,Thu,P-02792,55-64,F,sodium valproate,Antiepileptic,False,Regular,550.0,mg,PO,550.0,PO,Given as prescribed,False,None,N/A,N/A,N/A,S-172,RN,1-3 yr,BCMA scan,3,1:6,N/A
MA-008340,HGH,3C-ORTHO,2024-10-10 22:18:00,AM,Thu,P-00042,65-74,F,flucloxacillin,Antibiotic,False,Regular,1975.0,mg,IV,1975.0,IV,Near-miss intercepted,True,Wrong time,B,Staffing levels,During administration,S-211,RN,4-7 yr,Independent double-check,3,1:5,N/A
MA-008368,HGH,CCU,2024-10-11 08:32:00,AM,Fri,P-02532,85+,F,ipratropium,Bronchodilator,False,PRN,485.0,mcg,INH,485.0,INH,Given as prescribed,False,None,N/A,N/A,N/A,S-314,RN,8-15 yr,BCMA scan,4,1:2,N/A
MA-008395,HGH,MAT,2024-10-11 14:22:00,NIGHT,Fri,P-04043,25-34,M,aspirin,Antiplatelet,False,Regular,225.0,mg,PO,225.0,PO,Given as prescribed,False,None,N/A,N/A,N/A,S-251,RN,4-7 yr,BCMA scan,1,1:5,N/A
MA-008426,HGH,2B-NEURO,2024-10-11 20:54:00,AM,Fri,P-00158,25-34,F,clopidogrel,Antiplatelet,False,STAT,75.0,mg,PO,75.0,PO,Given as prescribed,False,None,N/A,N/A,N/A,S-319,RN,1-3 yr,BCMA scan,2,1:5,N/A
MA-008454,HGH,5A-SURG,2024-10-12 06:09:00,AM,Sat,P-01034,65-74,F,dexamethasone,Corticosteroid,False,Regular,5.0,mg,IV,5.0,IV,Given as prescribed,False,None,N/A,N/A,N/A,S-143,RN,8-15 yr,Independent double-check,2,1:5,N/A
MA-008458,HGH,2B-NEURO,2024-10-12 06:29:00,AM,Sat,P-00862,75-84,M,paracetamol,Analgesic,False,Regular,625.0,mg,PO,625.0,PO,Given as prescribed,False,None,N/A,N/A,N/A,S-175,EN,1-3 yr,Witnessed administration,2,1:6,N/A
MA-008474,HGH,2B-NEURO,2024-10-12 09:27:00,PM,Sat,P-00488,55-64,M,oxycodone,Opioid,True,Regular,10.0,mg,PO,10.0,PO,Given as prescribed,False,None,N/A,N/A,N/A,S-296,EN,1-3 yr,Independent double-check,3,1:5,N/A
MA-008478,HGH,4B-MED,2024-10-12 10:35:00,AM,Sat,P-01829,75-84,F,magnesium sulfate,Electrolyte,False,PRN,11.0,mmol,IV,11.0,IV,Given as prescribed,False,None,N/A,N/A,N/A,S-223,RN,4-7 yr,Single-nurse check,3,1:5,N/A
MA-008501,HGH,ED,2024-10-12 20:19:00,PM,Sat,P-01030,55-64,F,paracetamol,Analgesic,False,Regular,775.0,mg,PO,77.5,PO,Near-miss intercepted,True,Wrong dose,A,Interruption/distraction,Before administration (checking),S-162,RN,16+ yr,BCMA scan,3,1:4,N/A
MA-008516,HGH,2B-NEURO,2024-10-13 06:51:00,NIGHT,Sun,P-01315,75-84,F,ondansetron,Antiemetic,False,Once-only,5.0,mg,IV,5.0,IV,Given as prescribed,False,None,N/A,N/A,N/A,S-021,RN,8-15 yr,Witnessed administration,4,1:6,N/A
MA-008520,HGH,3C-ORTHO,2024-10-13 07:44:00,NIGHT,Sun,P-01202,18-24,M,codeine,Opioid,True,Once-only,15.0,mg,PO,15.0,PO,Given as prescribed,False,None,N/A,N/A,N/A,S-026,RN,16+ yr,Independent double-check,2,1:7,N/A
MA-008523,HGH,5A-SURG,2024-10-13 08:23:00,NIGHT,Sun,P-04004,75-84,F,trimethoprim,Antibiotic,False,PRN,225.0,mg,PO,225.0,PO,Given as prescribed,False,None,N/A,N/A,N/A,S-186,EN,16+ yr,Single-nurse check,3,1:6,N/A
MA-008538,HGH,5A-SURG,2024-10-13 10:24:00,AM,Sun,P-00566,35-44,F,rivaroxaban,Anticoagulant,True,Regular,20.0,mg,PO,20.0,PO,Given as prescribed,False,None,N/A,N/A,N/A,S-202,RN,16+ yr,Independent double-check,2,1:6,N/A
MA-008552,HGH,2B-NEURO,2024-10-13 13:41:00,NIGHT,Sun,P-01911,85+,F,irbesartan,Antihypertensive,False,Regular,150.0,mg,PO,150.0,PO,Given as prescribed,False,None,N/A,N/A,N/A,S-033,EN,<1 yr,Witnessed administration,2,1:6,N/A
MA-008577,HGH,PAED,2024-10-13 20:36:00,NIGHT,Sun,P-02020,12-17,F,insulin glargine,Insulin,True,Regular,40.0,units,SC,40.0,SC,Given as prescribed,False,None,N/A,N/A,N/A,S-314,RN,16+ yr,Independent double-check,2,1:5,N/A
MA-008650,HGH,5A-SURG,2024-10-14 19:32:00,AM,Mon,P-03122,45-54,M,clonidine,Antihypertensive,False,Regular,80.0,mcg,PO,80.0,PO,Given as prescribed,False,None,N/A,N/A,N/A,S-003,RN,8-15 yr,Single-nurse check,2,1:5,N/A
MA-008703,HGH,5A-SURG,2024-10-15 09:29:00,NIGHT,Tue,P-03746,65-74,M,amitriptyline,Antidepressant,False,PRN,45.0,mg,PO,45.0,PO,Given as prescribed,False,None,N/A,N/A,N/A,S-046,NP,4-7 yr,Single-nurse check,2,1:7,N/A
MA-008741,HGH,4B-MED,2024-10-15 18:49:00,PM,Tue,P-03733,75-84,F,hydrocortisone,Corticosteroid,False,Regular,125.0,mg,IV,125.0,IV,Near-miss intercepted,True,Wrong time,B,Interruption/distraction,Before administration (checking),S-024,RN,16+ yr,BCMA scan,3,1:6,N/A
MA-008762,HGH,4B-MED,2024-10-15 23:35:00,NIGHT,Tue,P-04085,35-44,F,frusemide,Diuretic,False,Regular,25.0,mg,IV,25.0,IV,Error reached patient,True,Wrong medication,C,Handover communication gap,Pharmacy review,S-183,RN,8-15 yr,Single-nurse check,4,1:7,No harm
MA-008773,HGH,2B-NEURO,2024-10-16 06:12:00,PM,Wed,P-03615,45-54,F,ciprofloxacin,Antibiotic,False,Regular,400.0,mg,PO,400.0,PO,Given as prescribed,False,None,N/A,N/A,N/A,S-053,RN,16+ yr,BCMA scan,3,1:4,N/A
MA-008850,HGH,5A-SURG,2024-10-17 01:38:00,NIGHT,Thu,P-00805,45-54,F,morphine,Opioid,True,Regular,5.0,mg,SC,5.0,SC,Near-miss intercepted,True,Extra dose,A,Staffing levels,During administration,S-082,RN,<1 yr,Independent double-check,3,1:7,N/A
MA-008874,HGH,4B-MED,2024-10-17 08:43:00,NIGHT,Thu,P-00520,75-84,F,metoclopramide,Antiemetic,False,Regular,10.0,mg,IV,1.0,IV,Near-miss intercepted,True,Wrong dose,A,Illegible/ambiguous order,Before administration (checking),S-094,EN,<1 yr,Single-nurse check,3,1:8,N/A
MA-008878,HGH,5A-SURG,2024-10-17 09:16:00,NIGHT,Thu,P-03691,25-34,F,esomeprazole,Proton pump inhibitor,False,PRN,25.0,mg,PO,25.0,PO,Given as prescribed,False,None,N/A,N/A,N/A,S-069,EN,4-7 yr,BCMA scan,2,1:8,N/A
MA-008887,HGH,MAT,2024-10-17 09:57:00,NIGHT,Thu,P-01064,25-34,F,pantoprazole,Proton pump inhibitor,False,Regular,30.0,mg,IV,60.0,IV,Near-miss intercepted,True,Wrong dose,A,Inadequate checking process,Before administration (checking),S-198,RN,1-3 yr,BCMA scan,3,1:5,N/A
MA-008941,HGH,PAED,2024-10-18 00:40:00,PM,Fri,P-04288,6-11,F,calcium gluconate,Electrolyte,False,Regular,17.0,mmol,IV,17.0,IV,Given as prescribed,False,None,N/A,N/A,N/A,S-187,RN,8-15 yr,Single-nurse check,2,1:4,N/A
MA-008954,HGH,MAT,2024-10-18 07:35:00,NIGHT,Fri,P-00875,35-44,F,amlodipine,Antihypertensive,False,Regular,10.0,mg,PO,10.0,PO,Given as prescribed,False,None,N/A,N/A,N/A,S-082,CNS,1-3 yr,Single-nurse check,1,1:5,N/A
MA-009015,HGH,6A-ONCO,2024-10-19 05:11:00,NIGHT,Sat,P-04309,85+,M,prednisolone,Corticosteroid,False,Regular,15.0,mg,PO,15.0,PO,Given as prescribed,False,None,N/A,N/A,N/A,S-034,RN,8-15 yr,BCMA scan,3,1:6,N/A
MA-009141,HGH,6A-ONCO,2024-10-20 16:41:00,AM,Sun,P-03296,55-64,M,temazepam,Benzodiazepine,True,PRN,15.0,mg,PO,15.0,PO,Given as prescribed,False,None,N/A,N/A,N/A,S-233,RN,8-15 yr,Independent double-check,2,1:4,N/A
MA-009150,HGH,ICU,2024-10-20 21:53:00,PM,Sun,P-01317,75-84,F,enoxaparin,Anticoagulant,True,Regular,75.0,mg,SC,75.0,SC,Error reached patient,True,Wrong medication,E,Illegible/ambiguous order,Pharmacy review,S-263,RN,4-7 yr,Independent double-check,4,1:1,"Minimal harm (temporary, no intervention)"
MA-009153,HGH,5A-SURG,2024-10-20 22:23:00,AM,Sun,P-02337,55-64,M,apixaban,Anticoagulant,True,Regular,2.5,mg,PO,2.5,PO,Given as prescribed,False,None,N/A,N/A,N/A,S-217,RN,1-3 yr,Independent double-check,2,1:5,N/A
MA-009159,HGH,3C-ORTHO,2024-10-21 02:52:00,PM,Mon,P-01869,75-84,M,sodium chloride 0.9%,Electrolyte,False,PRN,650.0,mL,IV,0.0,IV,Near-miss intercepted,True,Omitted dose,A,Interruption/distraction,Before administration (checking),S-116,RN,1-3 yr,Witnessed administration,2,1:6,N/A
MA-009271,HGH,MAT,2024-10-22 09:58:00,AM,Tue,P-00968,18-24,M,sertraline,Antidepressant,False,PRN,175.0,mg,PO,175.0,PO,Given as prescribed,False,None,N/A,N/A,N/A,S-140,RN,16+ yr,BCMA scan,1,1:4,N/A
MA-009285,HGH,ED,2024-10-22 12:38:00,AM,Tue,P-03353,65-74,F,ciprofloxacin,Antibiotic,False,PRN,450.0,mg,PO,450.0,PO,Near-miss intercepted,True,Wrong patient,A,Knowledge deficit,Routine monitoring/bloods,S-088,RN,1-3 yr,BCMA scan,3,1:4,N/A
MA-009323,HGH,5A-SURG,2024-10-23 02:11:00,AM,Wed,P-00065,45-54,M,omeprazole,Proton pump inhibitor,False,Regular,25.0,mg,PO,25.0,PO,Given as prescribed,False,None,N/A,N/A,N/A,S-126,RN,1-3 yr,BCMA scan,2,1:5,N/A
MA-009331,HGH,MAT,2024-10-23 06:40:00,PM,Wed,P-01632,18-24,F,amlodipine,Antihypertensive,False,Regular,10.0,mg,PO,10.0,PO,Given as prescribed,False,None,N/A,N/A,N/A,S-052,NP,4-7 yr,Independent double-check,2,1:5,N/A
MA-009357,HGH,ED,2024-10-23 10:52:00,AM,Wed,P-00367,85+,M,midazolam,Benzodiazepine,True,Regular,2.5,mg,IV,2.5,IV,Given as prescribed,False,None,N/A,N/A,N/A,S-267,RN,1-3 yr,Independent double-check,3,1:4,N/A
MA-009365,HGH,4B-MED,2024-10-23 12:26:00,AM,Wed,P-04147,35-44,M,paracetamol,Analgesic,False,Regular,950.0,mg,PO,950.0,PO,Given as prescribed,False,None,N/A,N/A,N/A,S-216,EN,1-3 yr,Single-nurse check,3,1:6,N/A
MA-009418,HGH,6A-ONCO,2024-10-24 05:58:00,NIGHT,Thu,P-00726,65-74,F,warfarin,Anticoagulant,True,Once-only,10.0,mg,PO,0.0,PO,Refused by patient,False,None,N/A,N/A,N/A,S-160,RN,4-7 yr,Independent double-check,3,1:5,N/A
MA-009482,HGH,5A-SURG,2024-10-25 01:05:00,AM,Fri,P-04029,45-54,M,benzylpenicillin,Antibiotic,False,Regular,1250.0,mg,IV,1250.0,IV,Given as prescribed,False,None,N/A,N/A,N/A,S-016,NP,<1 yr,Single-nurse check,3,1:5,N/A
MA-009528,HGH,ICU,2024-10-25 14:04:00,AM,Fri,P-01862,75-84,M,ceftriaxone,Antibiotic,False,Regular,1800.0,mg,IV,1800.0,IV,Given as prescribed,False,None,N/A,N/A,N/A,S-300,RN,8-15 yr,Independent double-check,5,1:2,N/A
MA-009558,HGH,5A-SURG,2024-10-25 21:37:00,AM,Fri,P-02136,25-34,F,oxycodone,Opioid,True,PRN,20.0,mg,PO,20.0,PO,Given as prescribed,False,None,N/A,N/A,N/A,S-071,RN,1-3 yr,Independent double-check,3,1:5,N/A
MA-009615,HGH,ED,2024-10-26 16:27:00,PM,Sat,P-01888,55-64,F,dexamethasone,Corticosteroid,False,PRN,5.0,mg,IV,5.0,IV,Given as prescribed,False,None,N/A,N/A,N/A,S-213,RN,8-15 yr,Single-nurse check,2,1:4,N/A
MA-009618,HGH,4B-MED,2024-10-26 17:10:00,PM,Sat,P-03167,65-74,M,lorazepam,Benzodiazepine,True,Regular,1.5,mg,PO,1.5,PO,Error reached patient,True,Wrong patient,E,System/equipment failure,Before administration (checking),S-051,EN,4-7 yr,Independent double-check,3,1:6,"Minimal harm (temporary, no intervention)"
MA-009645,HGH,4B-MED,2024-10-27 06:23:00,AM,Sun,P-03445,45-54,F,spironolactone,Diuretic,False,PRN,100.0,mg,PO,100.0,PO,Near-miss intercepted,True,Wrong time,A,System/equipment failure,Before administration (checking),S-261,RN,16+ yr,BCMA scan,3,1:5,N/A
MA-009724,HGH,6A-ONCO,2024-10-28 06:04:00,NIGHT,Mon,P-00530,45-54,M,tramadol,Opioid,True,Regular,75.0,mg,PO,75.0,PO,Given as prescribed,False,None,N/A,N/A,N/A,S-160,RN,8-15 yr,Independent double-check,3,1:6,N/A
MA-009784,HGH,PAED,2024-10-28 15:38:00,AM,Mon,P-01804,6-11,M,prednisolone,Corticosteroid,False,STAT,15.0,mg,PO,15.0,PO,Given as prescribed,False,None,N/A,N/A,N/A,S-124,RN,16+ yr,Independent double-check,1,1:4,N/A
MA-009857,HGH,4B-MED,2024-10-29 11:44:00,AM,Tue,P-03836,55-64,F,pantoprazole,Proton pump inhibitor,False,Regular,30.0,mg,IV,30.0,IV,Given as prescribed,False,None,N/A,N/A,N/A,S-140,EN,1-3 yr,BCMA scan,4,1:5,N/A
MA-009882,HGH,2B-NEURO,2024-10-29 17:43:00,PM,Tue,P-02745,65-74,M,ipratropium,Bronchodilator,False,PRN,385.0,mcg,INH,385.0,INH,Given as prescribed,False,None,N/A,N/A,N/A,S-011,RN,1-3 yr,Witnessed administration,3,1:5,N/A
MA-009903,HGH,4B-MED,2024-10-30 00:01:00,AM,Wed,P-02084,75-84,M,ceftriaxone,Antibiotic,False,Regular,1450.0,mg,IV,1450.0,IV,Given as prescribed,False,None,N/A,N/A,N/A,S-300,EN,<1 yr,BCMA scan,3,1:5,N/A
MA-009916,HGH,5A-SURG,2024-10-30 07:06:00,NIGHT,Wed,P-03289,85+,F,flucloxacillin,Antibiotic,False,Regular,1600.0,mg,IV,1600.0,IV,Given as prescribed,False,None,N/A,N/A,N/A,S-017,RN,16+ yr,Single-nurse check,3,1:7,N/A
MA-009938,HGH,ICU,2024-10-30 09:50:00,NIGHT,Wed,P-03013,65-74,M,insulin aspart,Insulin,True,Regular,7.0,units,SC,7.0,SC,Given as prescribed,False,None,N/A,N/A,N/A,S-026,CNS,8-15 yr,Independent double-check,4,1:1,N/A
MA-009940,HGH,ICU,2024-10-30 10:25:00,PM,Wed,P-03076,25-34,M,salbutamol,Bronchodilator,False,Once-only,4650.0,mcg,INH,4650.0,INH,Given as prescribed,False,None,N/A,N/A,N/A,S-108,CNS,16+ yr,Single-nurse check,3,1:1,N/A
MA-009950,HGH,5A-SURG,2024-10-30 13:28:00,AM,Wed,P-00593,75-84,F,prochlorperazine,Antiemetic,False,Once-only,5.0,mg,PO,5.0,PO,Given as prescribed,False,None,N/A,N/A,N/A,S-234,EN,4-7 yr,Witnessed administration,3,1:5,N/A
MA-009997,HGH,ICU,2024-10-31 05:20:00,PM,Thu,P-03081,55-64,F,lorazepam,Benzodiazepine,True,Regular,2.0,mg,PO,2.0,PO,Given as prescribed,False,None,N/A,N/A,N/A,S-209,NUM,4-7 yr,Independent double-check,3,1:1,N/A
MA-010031,HGH,4B-MED,2024-10-31 10:55:00,AM,Thu,P-03290,65-74,F,oxycodone,Opioid,True,Regular,15.0,mg,PO,15.0,PO,Given as prescribed,False,None,N/A,N/A,N/A,S-099,CNS,8-15 yr,Witnessed administration,3,1:5,N/A
MA-010046,HGH,ICU,2024-10-31 13:10:00,PM,Thu,P-04389,25-34,F,hydrocortisone,Corticosteroid,False,Regular,175.0,mg,IV,175.0,IV,Given as prescribed,False,None,N/A,N/A,N/A,S-171,EN,1-3 yr,BCMA scan,4,1:1,N/A
MA-010071,HGH,4B-MED,2024-10-31 20:59:00,PM,Thu,P-03497,75-84,F,prednisolone,Corticosteroid,False,Once-only,30.0,mg,PO,30.0,PO,Given as prescribed,False,None,N/A,N/A,N/A,S-126,EN,16+ yr,BCMA scan,3,1:6,N/A
MA-010132,HGH,5A-SURG,2024-11-01 15:25:00,AM,Fri,P-02558,75-84,F,warfarin,Anticoagulant,True,Regular,5.0,mg,PO,5.0,PO,Given as prescribed,False,None,N/A,N/A,N/A,S-129,EN,1-3 yr,Witnessed administration,3,1:5,N/A
MA-010137,HGH,4B-MED,2024-11-01 17:16:00,AM,Fri,P-02249,45-54,M,magnesium sulfate,Electrolyte,False,PRN,12.0,mmol,IV,12.0,IV,Given as prescribed,False,None,N/A,N/A,N/A,S-024,RN,4-7 yr,Witnessed administration,1,1:5,N/A
MA-010154,HGH,ED,2024-11-01 19:41:00,PM,Fri,P-00505,75-84,F,prochlorperazine,Antiemetic,False,STAT,10.0,mg,PO,10.0,PO,Given as prescribed,False,None,N/A,N/A,N/A,S-296,RN,4-7 yr,Single-nurse check,1,1:4,N/A
MA-010190,HGH,ICU,2024-11-02 08:02:00,PM,Sat,P-04046,55-64,M,risperidone,Antipsychotic,False,Regular,2.5,mg,PO,0.0,PO,Near-miss intercepted,True,Omitted dose,A,LASA confusion,Before administration (checking),S-045,RN,1-3 yr,Independent double-check,4,1:1,N/A
MA-010228,HGH,ICU,2024-11-02 14:10:00,NIGHT,Sat,P-02429,75-84,F,risperidone,Antipsychotic,False,Regular,3.5,mg,PO,3.5,PO,Given as prescribed,False,None,N/A,N/A,N/A,S-217,RN,8-15 yr,Independent double-check,3,1:1,N/A
MA-010259,HGH,MAT,2024-11-02 22:34:00,AM,Sat,P-02200,35-44,M,phenytoin,Antiepileptic,True,Regular,225.0,mg,IV,225.0,IV,Given as prescribed,False,None,N/A,N/A,N/A,S-047,RN,16+ yr,Independent double-check,1,1:4,N/A
MA-010335,HGH,5A-SURG,2024-11-04 07:13:00,AM,Mon,P-01039,25-34,F,ramipril,Antihypertensive,False,Regular,3.5,mg,PO,3.5,PO,Given as prescribed,False,None,N/A,N/A,N/A,S-309,NUM,8-15 yr,Single-nurse check,3,1:5,N/A
MA-010358,HGH,3C-ORTHO,2024-11-04 11:49:00,PM,Mon,P-00406,55-64,F,omeprazole,Proton pump inhibitor,False,Regular,40.0,mg,PO,40.0,PO,Given as prescribed,False,None,N/A,N/A,N/A,S-023,RN,4-7 yr,Single-nurse check,3,1:6,N/A
MA-010383,HGH,PAED,2024-11-04 17:48:00,AM,Mon,P-02716,6-11,M,codeine,Opioid,True,PRN,40.0,mg,PO,40.0,PO,Given as prescribed,False,None,N/A,N/A,N/A,S-227,EN,8-15 yr,Independent double-check,2,1:4,N/A
MA-010400,HGH,5A-SURG,2024-11-04 21:10:00,AM,Mon,P-02048,75-84,X,magnesium sulfate,Electrolyte,False,Regular,12.0,mmol,IV,12.0,IV,Given as prescribed,False,None,N/A,N/A,N/A,S-019,RN,16+ yr,Single-nurse check,3,1:5,N/A
MA-010409,HGH,5A-SURG,2024-11-04 23:54:00,PM,Mon,P-03644,75-84,F,azithromycin,Antibiotic,False,PRN,250.0,mg,PO,250.0,PO,Given as prescribed,False,None,N/A,N/A,N/A,S-215,NUM,1-3 yr,BCMA scan,1,1:5,N/A
MA-010428,HGH,CCU,2024-11-05 08:01:00,NIGHT,Tue,P-03265,55-64,M,magnesium sulfate,Electrolyte,False,PRN,17.0,mmol,IV,17.0,IV,Given as prescribed,False,None,N/A,N/A,N/A,S-037,RN,4-7 yr,Witnessed administration,5,1:3,N/A
MA-010430,HGH,MAT,2024-11-05 08:22:00,PM,Tue,P-02519,25-34,F,lorazepam,Benzodiazepine,True,Regular,1.0,mg,PO,1.0,PO,Given as prescribed,False,None,N/A,N/A,N/A,S-250,CNS,4-7 yr,Independent double-check,1,1:5,N/A
MA-010433,HGH,ICU,2024-11-05 08:43:00,AM,Tue,P-02042,35-44,F,phenytoin,Antiepileptic,True,Once-only,125.0,mg,IV,125.0,IV,Given as prescribed,False,None,N/A,N/A,N/A,S-291,NUM,1-3 yr,Independent double-check,4,1:1,N/A
MA-010437,HGH,6A-ONCO,2024-11-05 08:53:00,NIGHT,Tue,P-02907,55-64,M,magnesium sulfate,Electrolyte,False,PRN,11.0,mmol,IV,11.0,IV,Error reached patient,True,Wrong time,C,Inadequate checking process,Routine monitoring/bloods,S-006,EN,4-7 yr,BCMA scan,3,1:6,No harm
MA-010548,HGH,2B-NEURO,2024-11-06 14:36:00,PM,Wed,P-03982,45-54,M,olanzapine,Antipsychotic,False,PRN,15.0,mg,PO,15.0,PO,Given as prescribed,False,None,N/A,N/A,N/A,S-223,RN,16+ yr,Single-nurse check,2,1:5,N/A
MA-010609,HGH,MAT,2024-11-07 09:40:00,AM,Thu,P-01510,18-24,M,trimethoprim,Antibiotic,False,Once-only,150.0,mg,PO,150.0,PO,Given as prescribed,False,None,N/A,N/A,N/A,S-078,RN,4-7 yr,Single-nurse check,2,1:4,N/A
MA-010665,HGH,CCU,2024-11-07 21:28:00,AM,Thu,P-03166,55-64,F,benzylpenicillin,Antibiotic,False,Regular,2375.0,mg,IV,2375.0,IV,Error reached patient,True,Wrong time,D,Interruption/distraction,During administration,S-085,RN,4-7 yr,Single-nurse check,5,1:2,No harm
MA-010685,HGH,6A-ONCO,2024-11-08 06:45:00,AM,Fri,P-02339,75-84,F,tiotropium,Bronchodilator,False,Regular,20.0,mcg,INH,20.0,INH,Given as prescribed,False,None,N/A,N/A,N/A,S-062,NUM,1-3 yr,Single-nurse check,2,1:3,N/A
MA-010741,HGH,6A-ONCO,2024-11-08 17:53:00,NIGHT,Fri,P-03994,65-74,F,prednisolone,Corticosteroid,False,PRN,10.0,mg,PO,10.0,PO,Given as prescribed,False,None,N/A,N/A,N/A,S-235,EN,4-7 yr,Witnessed administration,3,1:6,N/A
MA-010795,HGH,3C-ORTHO,2024-11-09 12:33:00,PM,Sat,P-00680,45-54,F,paracetamol,Analgesic,False,PRN,825.0,mg,PO,825.0,PO,Given as prescribed,False,None,N/A,N/A,N/A,S-213,RN,8-15 yr,BCMA scan,2,1:6,N/A
MA-010821,HGH,ED,2024-11-09 19:53:00,NIGHT,Sat,P-02012,75-84,F,ondansetron,Antiemetic,False,PRN,4.0,mg,IV,4.0,IV,Given as prescribed,False,None,N/A,N/A,N/A,S-208,RN,16+ yr,Single-nurse check,1,1:5,N/A
MA-010870,HGH,PAED,2024-11-10 13:04:00,NIGHT,Sun,P-01823,12-17,F,ceftriaxone,Antibiotic,False,Regular,1175.0,mg,IV,1175.0,IV,Given as prescribed,False,None,N/A,N/A,N/A,S-298,RN,<1 yr,BCMA scan,2,1:5,N/A
MA-010908,HGH,MAT,2024-11-11 02:36:00,AM,Mon,P-00195,35-44,F,paracetamol,Analgesic,False,STAT,900.0,mg,PO,900.0,PO,Given as prescribed,False,None,N/A,N/A,N/A,S-149,RN,8-15 yr,Single-nurse check,1,1:4,N/A
MA-010914,HGH,3C-ORTHO,2024-11-11 07:09:00,AM,Mon,P-01345,35-44,F,apixaban,Anticoagulant,True,Regular,4.5,mg,PO,4.5,PO,Given as prescribed,False,None,N/A,N/A,N/A,S-016,RN,16+ yr,Independent double-check,2,1:5,N/A
MA-010924,HGH,4B-MED,2024-11-11 08:07:00,NIGHT,Mon,P-00047,65-74,M,temazepam,Benzodiazepine,True,Regular,15.0,mg,PO,15.0,PO,Given as prescribed,False,None,N/A,N/A,N/A,S-005,RN,4-7 yr,Independent double-check,2,1:7,N/A
MA-010954,HGH,ED,2024-11-11 16:23:00,AM,Mon,P-00490,45-54,M,escitalopram,Antidepressant,False,Regular,20.0,mg,PO,20.0,PO,Given as prescribed,False,None,N/A,N/A,N/A,S-177,RN,8-15 yr,Single-nurse check,4,1:4,N/A
MA-010979,HGH,4B-MED,2024-11-11 23:42:00,NIGHT,Mon,P-01505,55-64,M,frusemide,Diuretic,False,PRN,30.0,mg,IV,3.0,IV,Error reached patient,True,Wrong dose,C,Fatigue/workload,Pharmacy review,S-096,NP,1-3 yr,BCMA scan,3,1:7,No harm
MA-011037,HGH,6A-ONCO,2024-11-12 14:46:00,AM,Tue,P-01198,65-74,F,irbesartan,Antihypertensive,False,Regular,275.0,mg,PO,275.0,PO,Given as prescribed,False,None,N/A,N/A,N/A,S-149,RN,8-15 yr,Independent double-check,4,1:4,N/A
MA-011056,HGH,3C-ORTHO,2024-11-12 21:59:00,PM,Tue,P-02666,55-64,F,prednisolone,Corticosteroid,False,Regular,25.0,mg,PO,25.0,PO,Given as prescribed,False,None,N/A,N/A,N/A,S-129,CNS,8-15 yr,Single-nurse check,2,1:6,N/A
MA-011085,HGH,3C-ORTHO,2024-11-13 08:29:00,NIGHT,Wed,P-01486,55-64,F,potassium chloride,Electrolyte,True,Regular,27.0,mmol,IV,27.0,IV,Given as prescribed,False,None,N/A,N/A,N/A,S-199,RN,16+ yr,Independent double-check,2,1:7,N/A
MA-011111,HGH,2B-NEURO,2024-11-13 13:06:00,NIGHT,Wed,P-02655,85+,F,ondansetron,Antiemetic,False,Regular,5.0,mg,IV,5.0,IV,Given as prescribed,False,None,N/A,N/A,N/A,S-170,EN,4-7 yr,Single-nurse check,3,1:6,N/A
MA-011136,HGH,ICU,2024-11-13 19:26:00,NIGHT,Wed,P-00912,55-64,M,metoprolol,Antihypertensive,False,Regular,45.0,mg,PO,45.0,PO,Given as prescribed,False,None,N/A,N/A,N/A,S-218,EN,<1 yr,BCMA scan,4,1:1,N/A
MA-011243,HGH,3C-ORTHO,2024-11-15 04:45:00,PM,Fri,P-04391,85+,F,simvastatin,Other,False,PRN,30.0,mg,PO,30.0,PO,Given as prescribed,False,None,N/A,N/A,N/A,S-145,RN,1-3 yr,Single-nurse check,2,1:6,N/A
MA-011270,HGH,6A-ONCO,2024-11-15 12:23:00,NIGHT,Fri,P-03543,75-84,M,paracetamol,Analgesic,False,Regular,775.0,mg,PO,775.0,PO,Given as prescribed,False,None,N/A,N/A,N/A,S-193,CNS,8-15 yr,BCMA scan,3,1:6,N/A
MA-011285,HGH,2B-NEURO,2024-11-15 14:25:00,PM,Fri,P-02523,55-64,X,prednisolone,Corticosteroid,False,PRN,45.0,mg,PO,0.0,PO,Refused by patient,False,None,N/A,N/A,N/A,S-314,RN,4-7 yr,Single-nurse check,2,1:5,N/A
MA-011310,HGH,3C-ORTHO,2024-11-15 21:32:00,AM,Fri,P-03514,55-64,F,ramipril,Antihypertensive,False,Regular,10.0,mg,PO,10.0,PO,Given as prescribed,False,None,N/A,N/A,N/A,S-214,RN,<1 yr,BCMA scan,2,1:5,N/A
MA-011387,HGH,6A-ONCO,2024-11-17 06:07:00,NIGHT,Sun,P-04367,85+,F,paracetamol,Analgesic,False,PRN,1000.0,mg,PO,0.0,PO,Near-miss intercepted,True,Omitted dose,B,Fatigue/workload,Before administration (checking),S-125,NUM,8-15 yr,Single-nurse check,2,1:6,N/A
MA-011409,HGH,ICU,2024-11-17 09:50:00,AM,Sun,P-02217,65-74,M,dexamethasone,Corticosteroid,False,STAT,5.0,mg,IV,5.0,IV,Given as prescribed,False,None,N/A,N/A,N/A,S-114,RN,1-3 yr,Witnessed administration,5,1:1,N/A
MA-011464,HGH,6A-ONCO,2024-11-18 05:52:00,AM,Mon,P-04192,75-84,F,metoprolol,Antihypertensive,False,Regular,100.0,mg,PO,100.0,PO,Given as prescribed,False,None,N/A,N/A,N/A,S-098,NUM,4-7 yr,BCMA scan,4,1:3,N/A
MA-011465,HGH,5A-SURG,2024-11-18 05:52:00,AM,Mon,P-00488,35-44,F,prochlorperazine,Antiemetic,False,Regular,5.0,mg,PO,5.0,PO,Near-miss intercepted,True,Wrong time,A,Interruption/distraction,Post-administration review,S-096,EN,4-7 yr,Single-nurse check,2,1:5,N/A
MA-011469,HGH,MAT,2024-11-18 06:26:00,AM,Mon,P-01921,35-44,F,clopidogrel,Antiplatelet,False,Regular,75.0,mg,PO,112.5,PO,Near-miss intercepted,True,Wrong dose,B,Fatigue/workload,Before administration (checking),S-125,EN,8-15 yr,Single-nurse check,2,1:4,N/A
MA-011489,HGH,4B-MED,2024-11-18 09:34:00,NIGHT,Mon,P-02276,75-84,M,lorazepam,Benzodiazepine,True,Regular,1.0,mg,PO,1.0,PO,Given as prescribed,False,None,N/A,N/A,N/A,S-012,RN,16+ yr,Independent double-check,2,1:8,N/A
MA-011532,HGH,2B-NEURO,2024-11-18 22:01:00,PM,Mon,P-03504,55-64,M,enoxaparin,Anticoagulant,True,Once-only,75.0,mg,SC,75.0,SC,Given as prescribed,False,None,N/A,N/A,N/A,S-194,CNS,4-7 yr,Independent double-check,3,1:5,N/A
MA-011556,HGH,PAED,2024-11-19 08:00:00,AM,Tue,P-02338,6-11,M,heparin,Anticoagulant,True,PRN,14534.0,units,IV,14534.0,IV,Given as prescribed,False,None,N/A,N/A,N/A,S-236,RN,16+ yr,Independent double-check,3,1:4,N/A
MA-011576,HGH,CCU,2024-11-19 10:02:00,AM,Tue,P-02718,55-64,F,prednisolone,Corticosteroid,False,Regular,50.0,mg,PO,0.0,PO,Withheld (clinical),False,None,N/A,N/A,N/A,S-116,RN,1-3 yr,Witnessed administration,4,1:2,N/A
MA-011603,HGH,6A-ONCO,2024-11-19 14:11:00,NIGHT,Tue,P-01048,35-44,F,clopidogrel,Antiplatelet,False,Regular,75.0,mg,PO,75.0,PO,Near-miss intercepted,True,Wrong medication,A,Handover communication gap,During administration,S-314,RN,8-15 yr,Single-nurse check,4,1:6,N/A
MA-011614,HGH,4B-MED,2024-11-19 17:48:00,NIGHT,Tue,P-02044,75-84,M,metronidazole,Antibiotic,False,Regular,450.0,mg,IV,450.0,IV,Given as prescribed,False,None,N/A,N/A,N/A,S-050,RN,8-15 yr,Single-nurse check,3,1:7,N/A
MA-011632,HGH,5A-SURG,2024-11-19 21:31:00,AM,Tue,P-03231,45-54,F,rivaroxaban,Anticoagulant,True,Regular,15.0,mg,PO,15.0,PO,Given as prescribed,False,None,N/A,N/A,N/A,S-292,NUM,8-15 yr,Witnessed administration,3,1:5,N/A
MA-011646,HGH,4B-MED,2024-11-20 06:15:00,AM,Wed,P-02639,65-74,F,paracetamol,Analgesic,False,Regular,625.0,mg,PO,625.0,PO,Error reached patient,True,Wrong medication,E,Fatigue/workload,Before administration (checking),S-095,RN,16+ yr,BCMA scan,3,1:5,"Minimal harm (temporary, no intervention)"
MA-011647,HGH,CCU,2024-11-20 06:16:00,NIGHT,Wed,P-03612,75-84,M,ramipril,Antihypertensive,False,Regular,5.0,mg,PO,5.0,PO,Given as prescribed,False,None,N/A,N/A,N/A,S-035,RN,16+ yr,BCMA scan,4,1:2,N/A
MA-011665,HGH,4B-MED,2024-11-20 08:53:00,AM,Wed,P-01162,75-84,F,metoprolol,Antihypertensive,False,Regular,75.0,mg,PO,75.0,PO,Given as prescribed,False,None,N/A,N/A,N/A,S-004,RN,8-15 yr,Independent double-check,2,1:5,N/A
MA-011670,HGH,ED,2024-11-20 10:12:00,AM,Wed,P-00091,65-74,F,metoprolol,Antihypertensive,False,Regular,75.0,mg,PO,75.0,PO,Given as prescribed,False,None,N/A,N/A,N/A,S-271,EN,8-15 yr,BCMA scan,2,1:3,N/A
MA-011693,HGH,4B-MED,2024-11-20 14:41:00,PM,Wed,P-00282,85+,F,ciprofloxacin,Antibiotic,False,PRN,350.0,mg,PO,350.0,PO,Given as prescribed,False,None,N/A,N/A,N/A,S-315,EN,1-3 yr,Single-nurse check,3,1:6,N/A
MA-011697,HGH,CCU,2024-11-20 16:15:00,AM,Wed,P-01240,65-74,F,oxycodone,Opioid,True,PRN,5.0,mg,PO,5.0,PO,Given as prescribed,False,None,N/A,N/A,N/A,S-219,RN,1-3 yr,Witnessed administration,4,1:2,N/A
MA-011755,HGH,6A-ONCO,2024-11-21 09:18:00,NIGHT,Thu,P-02121,85+,F,sodium chloride 0.9%,Electrolyte,False,Regular,950.0,mL,IV,950.0,IV,Given as prescribed,False,None,N/A,N/A,N/A,S-157,RN,1-3 yr,BCMA scan,2,1:5,N/A
MA-011770,HGH,6A-ONCO,2024-11-21 12:57:00,NIGHT,Thu,P-01967,18-24,F,ibuprofen,Analgesic,False,Regular,350.0,mg,PO,350.0,PO,Given as prescribed,False,None,N/A,N/A,N/A,S-075,RN,8-15 yr,Single-nurse check,3,1:6,N/A
MA-011820,HGH,6A-ONCO,2024-11-22 05:48:00,PM,Fri,P-03292,75-84,X,codeine,Opioid,True,STAT,45.0,mg,PO,45.0,PO,Given as prescribed,False,None,N/A,N/A,N/A,S-179,CNS,4-7 yr,Independent double-check,4,1:5,N/A
MA-011890,HGH,4B-MED,2024-11-22 18:12:00,PM,Fri,P-00253,75-84,F,sodium chloride 0.9%,Electrolyte,False,Regular,500.0,mL,IV,500.0,IV,Given as prescribed,False,None,N/A,N/A,N/A,S-281,RN,1-3 yr,Single-nurse check,1,1:6,N/A
MA-011894,HGH,PAED,2024-11-22 18:46:00,AM,Fri,P-00794,12-17,M,lorazepam,Benzodiazepine,True,PRN,1.0,mg,PO,1.0,PO,Given as prescribed,False,None,N/A,N/A,N/A,S-165,RN,4-7 yr,Independent double-check,3,1:4,N/A
MA-011921,HGH,3C-ORTHO,2024-11-23 06:41:00,AM,Sat,P-04474,65-74,F,magnesium sulfate,Electrolyte,False,Regular,13.0,mmol,IV,26.0,IV,Error reached patient,True,Wrong dose,D,Fatigue/workload,Pharmacy review,S-311,RN,1-3 yr,BCMA scan,2,1:5,No harm
MA-011939,HGH,3C-ORTHO,2024-11-23 11:17:00,AM,Sat,P-03225,65-74,M,aspirin,Antiplatelet,False,Regular,250.0,mg,PO,250.0,PO,Given as prescribed,False,None,N/A,N/A,N/A,S-151,NUM,4-7 yr,Single-nurse check,2,1:5,N/A
MA-011944,HGH,ICU,2024-11-23 12:51:00,PM,Sat,P-02775,35-44,M,ramipril,Antihypertensive,False,Regular,4.0,mg,PO,8.0,PO,Error reached patient,True,Wrong dose,E,Inadequate checking process,Routine monitoring/bloods,S-081,RN,<1 yr,Single-nurse check,4,1:1,"Minimal harm (temporary, no intervention)"
MA-011975,HGH,4B-MED,2024-11-23 22:08:00,NIGHT,Sat,P-03845,45-54,M,ondansetron,Antiemetic,False,Regular,5.0,mg,IV,5.0,IV,Error reached patient,True,Wrong time,G,Fatigue/workload,Post-administration review,S-135,EN,16+ yr,Single-nurse check,4,1:7,Serious harm (prolonged/permanent)
MA-011987,HGH,3C-ORTHO,2024-11-24 06:22:00,NIGHT,Sun,P-03052,55-64,F,pantoprazole,Proton pump inhibitor,False,Regular,30.0,mg,IV,30.0,IV,Given as prescribed,False,None,N/A,N/A,N/A,S-147,RN,8-15 yr,Witnessed administration,2,1:7,N/A
MA-011993,HGH,6A-ONCO,2024-11-24 08:20:00,PM,Sun,P-01328,55-64,M,paracetamol,Analgesic,False,Regular,525.0,mg,PO,525.0,PO,Given as prescribed,False,None,N/A,N/A,N/A,S-254,RN,8-15 yr,BCMA scan,3,1:4,N/A
MA-012022,HGH,ED,2024-11-24 13:34:00,NIGHT,Sun,P-03597,65-74,X,morphine,Opioid,True,PRN,10.0,mg,SC,10.0,SC,Given as prescribed,False,None,N/A,N/A,N/A,S-276,RN,16+ yr,Independent double-check,2,1:5,N/A
MA-012024,HGH,ICU,2024-11-24 14:21:00,AM,Sun,P-00576,65-74,M,cyclizine,Antiemetic,False,Regular,50.0,mg,PO,50.0,PO,Given as prescribed,False,None,N/A,N/A,N/A,S-055,CNS,4-7 yr,Witnessed administration,5,1:1,N/A
MA-012052,HGH,3C-ORTHO,2024-11-25 02:20:00,AM,Mon,P-02681,75-84,F,perindopril,Antihypertensive,False,Regular,5.0,mg,PO,5.0,PO,Given as prescribed,False,None,N/A,N/A,N/A,S-159,RN,8-15 yr,Single-nurse check,1,1:5,N/A
MA-012092,HGH,4B-MED,2024-11-25 12:07:00,PM,Mon,P-01099,35-44,F,atorvastatin,Other,False,PRN,15.0,mg,PO,15.0,PO,Given as prescribed,False,None,N/A,N/A,N/A,S-212,CNS,16+ yr,BCMA scan,3,1:6,N/A
MA-012145,HGH,5A-SURG,2024-11-26 06:08:00,AM,Tue,P-03779,55-64,F,escitalopram,Antidepressant,False,PRN,10.0,mg,PO,10.0,PO,Given as prescribed,False,None,N/A,N/A,N/A,S-315,CNS,1-3 yr,Single-nurse check,2,1:5,N/A
MA-012158,HGH,CCU,2024-11-26 06:50:00,AM,Tue,P-03927,65-74,F,paracetamol,Analgesic,False,Once-only,725.0,mg,PO,725.0,PO,Given as prescribed,False,None,N/A,N/A,N/A,S-158,RN,4-7 yr,BCMA scan,4,1:2,N/A
MA-012166,HGH,4B-MED,2024-11-26 08:23:00,PM,Tue,P-04093,75-84,M,frusemide,Diuretic,False,Regular,75.0,mg,IV,75.0,IV,Error reached patient,True,Extra dose,C,Handover communication gap,Patient/family reported,S-089,RN,4-7 yr,Independent double-check,3,1:5,No harm
MA-012185,HGH,4B-MED,2024-11-26 12:13:00,NIGHT,Tue,P-04182,55-64,M,pantoprazole,Proton pump inhibitor,False,PRN,25.0,mg,IV,25.0,IV,Given as prescribed,False,None,N/A,N/A,N/A,S-016,RN,8-15 yr,BCMA scan,3,1:7,N/A
MA-012231,HGH,5A-SURG,2024-11-26 23:19:00,NIGHT,Tue,P-03443,35-44,F,apixaban,Anticoagulant,True,Regular,3.0,mg,PO,3.0,PO,Given as prescribed,False,None,N/A,N/A,N/A,S-027,EN,8-15 yr,Independent double-check,3,1:8,N/A
MA-012240,HGH,5A-SURG,2024-11-27 01:02:00,PM,Wed,P-03910,25-34,M,apixaban,Anticoagulant,True,Regular,4.5,mg,PO,4.5,PO,Given as prescribed,False,None,N/A,N/A,N/A,S-123,RN,4-7 yr,Independent double-check,3,1:4,N/A
MA-012277,HGH,4B-MED,2024-11-27 08:42:00,AM,Wed,P-04297,75-84,F,gentamicin,Antibiotic,True,STAT,125.0,mg,IV,125.0,IV,Given as prescribed,False,None,N/A,N/A,N/A,S-254,EN,16+ yr,Witnessed administration,2,1:5,N/A
MA-012316,HGH,3C-ORTHO,2024-11-27 14:37:00,PM,Wed,P-02349,85+,F,heparin,Anticoagulant,True,Regular,5207.0,units,IV,5207.0,IV,Near-miss intercepted,True,Wrong time,A,Inadequate checking process,During administration,S-102,RN,4-7 yr,Independent double-check,3,1:7,N/A
MA-012372,HGH,4B-MED,2024-11-28 07:02:00,AM,Thu,P-03178,65-74,M,aspirin,Antiplatelet,False,Regular,100.0,mg,PO,0.0,PO,Withheld (clinical),False,None,N/A,N/A,N/A,S-264,EN,4-7 yr,Single-nurse check,2,1:6,N/A
MA-012383,HGH,ICU,2024-11-28 09:50:00,NIGHT,Thu,P-00727,55-64,F,paracetamol,Analgesic,False,Regular,725.0,mg,PO,725.0,PO,Given as prescribed,False,None,N/A,N/A,N/A,S-122,RN,<1 yr,Witnessed administration,4,1:1,N/A
MA-012413,HGH,4B-MED,2024-11-28 19:47:00,NIGHT,Thu,P-03482,55-64,M,levetiracetam,Antiepileptic,False,PRN,700.0,mg,PO,700.0,PO,Given as prescribed,False,None,N/A,N/A,N/A,S-266,RN,8-15 yr,Witnessed administration,2,1:7,N/A
MA-012621,HGH,ED,2024-12-01 08:21:00,PM,Sun,P-01773,75-84,M,sodium chloride 0.9%,Electrolyte,False,Regular,850.0,mL,IV,850.0,IV,Given as prescribed,False,None,N/A,N/A,N/A,S-149,RN,4-7 yr,Single-nurse check,3,1:4,N/A
MA-012791,HGH,CCU,2024-12-03 12:01:00,AM,Tue,P-00334,65-74,F,glyceryl trinitrate,Antihypertensive,False,Regular,0.5,mg,SL,0.5,SL,Given as prescribed,False,None,N/A,N/A,N/A,S-152,RN,1-3 yr,BCMA scan,3,1:2,N/A
MA-012797,HGH,4B-MED,2024-12-03 13:30:00,PM,Tue,P-00375,75-84,F,cephalexin,Antibiotic,False,PRN,275.0,mg,PO,275.0,PO,Given as prescribed,False,None,N/A,N/A,N/A,S-243,RN,<1 yr,Single-nurse check,3,1:6,N/A
MA-012799,HGH,6A-ONCO,2024-12-03 14:10:00,AM,Tue,P-04289,85+,M,hydrocortisone,Corticosteroid,False,PRN,50.0,mg,IV,50.0,IV,Given as prescribed,False,None,N/A,N/A,N/A,S-130,RN,1-3 yr,Witnessed administration,4,1:4,N/A
MA-012879,HGH,4B-MED,2024-12-04 09:33:00,PM,Wed,P-00308,65-74,F,ibuprofen,Analgesic,False,Regular,300.0,mg,PO,300.0,PO,Error reached patient,True,Wrong medication,C,Knowledge deficit,Post-administration review,S-125,NP,<1 yr,Single-nurse check,3,1:6,No harm
MA-012901,HGH,3C-ORTHO,2024-12-04 12:59:00,AM,Wed,P-00618,75-84,F,irbesartan,Antihypertensive,False,PRN,200.0,mg,PO,200.0,PO,Given as prescribed,False,None,N/A,N/A,N/A,S-052,RN,1-3 yr,Single-nurse check,2,1:6,N/A
MA-012951,HGH,6A-ONCO,2024-12-05 03:30:00,AM,Thu,P-03577,45-54,F,magnesium sulfate,Electrolyte,False,Regular,13.0,mmol,IV,13.0,IV,Given as prescribed,False,None,N/A,N/A,N/A,S-173,RN,1-3 yr,Independent double-check,4,1:3,N/A
MA-012953,HGH,4B-MED,2024-12-05 05:03:00,PM,Thu,P-02410,35-44,F,paracetamol,Analgesic,False,Regular,550.0,mg,PO,550.0,PO,Given as prescribed,False,None,N/A,N/A,N/A,S-163,RN,8-15 yr,Independent double-check,2,1:6,N/A
MA-012969,HGH,MAT,2024-12-05 08:31:00,AM,Thu,P-02163,25-34,F,hydromorphone,Opioid,True,PRN,3.0,mg,SC,3.0,SC,Given as prescribed,False,None,N/A,N/A,N/A,S-194,RN,16+ yr,Independent double-check,2,1:4,N/A
MA-013035,HGH,6A-ONCO,2024-12-05 22:37:00,AM,Thu,P-01969,25-34,F,lactulose,Other,False,PRN,50.0,mL,PO,50.0,PO,Error reached patient,True,Wrong time,C,Inadequate checking process,Post-administration review,S-145,RN,4-7 yr,Independent double-check,3,1:4,No harm
MA-013041,HGH,ICU,2024-12-06 03:40:00,AM,Fri,P-04369,55-64,F,midazolam,Benzodiazepine,True,Regular,3.0,mg,IV,3.0,IV,Given as prescribed,False,None,N/A,N/A,N/A,S-048,RN,8-15 yr,Independent double-check,4,1:1,N/A
MA-013043,HGH,4B-MED,2024-12-06 05:09:00,NIGHT,Fri,P-04032,75-84,F,doxycycline,Antibiotic,False,Once-only,150.0,mg,PO,150.0,PO,Given as prescribed,False,None,N/A,N/A,N/A,S-283,RN,4-7 yr,BCMA scan,2,1:7,N/A
MA-013087,HGH,ED,2024-12-06 13:57:00,PM,Fri,P-00529,35-44,M,ipratropium,Bronchodilator,False,Regular,490.0,mcg,INH,490.0,INH,Given as prescribed,False,None,N/A,N/A,N/A,S-218,RN,16+ yr,BCMA scan,4,1:4,N/A
MA-013107,HGH,MAT,2024-12-06 20:07:00,AM,Fri,P-04247,18-24,M,salbutamol,Bronchodilator,False,PRN,4545.0,mcg,INH,4545.0,INH,Given as prescribed,False,None,N/A,N/A,N/A,S-136,RN,1-3 yr,Single-nurse check,1,1:4,N/A
MA-013144,HGH,3C-ORTHO,2024-12-07 09:35:00,NIGHT,Sat,P-02850,75-84,M,allopurinol,Other,False,Regular,225.0,mg,PO,225.0,PO,Given as prescribed,False,None,N/A,N/A,N/A,S-032,RN,4-7 yr,Single-nurse check,2,1:7,N/A
MA-013172,HGH,3C-ORTHO,2024-12-07 16:59:00,PM,Sat,P-00318,45-54,F,gentamicin,Antibiotic,True,STAT,325.0,mg,IV,325.0,IV,Given as prescribed,False,None,N/A,N/A,N/A,S-202,RN,1-3 yr,Independent double-check,2,1:6,N/A
MA-013333,HGH,MAT,2024-12-09 21:13:00,AM,Mon,P-00678,35-44,F,warfarin,Anticoagulant,True,STAT,4.0,mg,PO,4.0,PO,Given as prescribed,False,None,N/A,N/A,N/A,S-313,RN,1-3 yr,Independent double-check,1,1:4,N/A
MA-013357,HGH,MAT,2024-12-10 08:24:00,NIGHT,Tue,P-01325,25-34,M,methylprednisolone,Corticosteroid,False,PRN,50.0,mg,IV,50.0,IV,Given as prescribed,False,None,N/A,N/A,N/A,S-070,RN,1-3 yr,BCMA scan,1,1:6,N/A
MA-013377,HGH,4B-MED,2024-12-10 12:32:00,PM,Tue,P-04164,65-74,X,olanzapine,Antipsychotic,False,PRN,10.0,mg,PO,10.0,PO,Given as prescribed,False,None,N/A,N/A,N/A,S-001,RN,8-15 yr,Independent double-check,3,1:5,N/A
MA-013381,HGH,3C-ORTHO,2024-12-10 13:47:00,NIGHT,Tue,P-02879,25-34,F,magnesium sulfate,Electrolyte,False,Once-only,12.0,mmol,IV,12.0,IV,Given as prescribed,False,None,N/A,N/A,N/A,S-036,RN,8-15 yr,BCMA scan,3,1:7,N/A
MA-013450,HGH,5A-SURG,2024-12-11 10:33:00,AM,Wed,P-00158,45-54,M,fentanyl,Opioid,True,STAT,75.0,mcg,IV,75.0,IV,Given as prescribed,False,None,N/A,N/A,N/A,S-213,RN,1-3 yr,Independent double-check,3,1:5,N/A
MA-013454,HGH,ED,2024-12-11 11:12:00,NIGHT,Wed,P-01797,55-64,M,omeprazole,Proton pump inhibitor,False,PRN,35.0,mg,PO,35.0,PO,Given as prescribed,False,None,N/A,N/A,N/A,S-222,RN,16+ yr,BCMA scan,2,1:5,N/A
MA-013489,HGH,MAT,2024-12-11 22:00:00,PM,Wed,P-04306,35-44,F,fentanyl,Opioid,True,Regular,95.0,mcg,IV,95.0,IV,Given as prescribed,False,None,N/A,N/A,N/A,S-060,RN,1-3 yr,Independent double-check,1,1:5,N/A
MA-013595,HGH,4B-MED,2024-12-13 03:44:00,PM,Fri,P-01371,85+,F,ramipril,Antihypertensive,False,Regular,5.0,mg,PO,5.0,PO,Given as prescribed,False,None,N/A,N/A,N/A,S-148,RN,16+ yr,Single-nurse check,2,1:6,N/A
MA-013629,HGH,4B-MED,2024-12-13 10:47:00,AM,Fri,P-01110,45-54,M,cephalexin,Antibiotic,False,PRN,350.0,mg,PO,350.0,PO,Given as prescribed,False,None,N/A,N/A,N/A,S-064,RN,1-3 yr,Single-nurse check,2,1:5,N/A
MA-013632,HGH,PAED,2024-12-13 11:29:00,PM,Fri,P-04068,6-11,F,apixaban,Anticoagulant,True,Regular,2.5,mg,PO,2.5,PO,Given as prescribed,False,None,N/A,N/A,N/A,S-186,EN,8-15 yr,Witnessed administration,2,1:4,N/A
MA-013638,HGH,5A-SURG,2024-12-13 12:30:00,AM,Fri,P-00253,45-54,F,levetiracetam,Antiepileptic,False,PRN,425.0,mg,PO,425.0,PO,Given as prescribed,False,None,N/A,N/A,N/A,S-122,CNS,16+ yr,BCMA scan,3,1:5,N/A
MA-013674,HGH,5A-SURG,2024-12-13 21:43:00,PM,Fri,P-01730,25-34,F,olanzapine,Antipsychotic,False,Regular,5.0,mg,PO,5.0,PO,Given as prescribed,False,None,N/A,N/A,N/A,S-025,EN,<1 yr,BCMA scan,2,1:5,N/A
MA-013710,HGH,2B-NEURO,2024-12-14 10:05:00,NIGHT,Sat,P-04328,75-84,M,benzylpenicillin,Antibiotic,False,Regular,1250.0,mg,IV,1250.0,IV,Given as prescribed,False,None,N/A,N/A,N/A,S-065,RN,8-15 yr,Independent double-check,2,1:6,N/A
MA-013720,HGH,4B-MED,2024-12-14 13:10:00,NIGHT,Sat,P-02316,65-74,M,pantoprazole,Proton pump inhibitor,False,Regular,30.0,mg,IV,30.0,IV,Given as prescribed,False,None,N/A,N/A,N/A,S-146,RN,<1 yr,BCMA scan,2,1:7,N/A
MA-013735,HGH,PAED,2024-12-14 18:14:00,PM,Sat,P-01644,0-5,M,insulin aspart,Insulin,True,Regular,15.0,units,SC,0.0,SC,Omitted,True,Omitted dose,D,Fatigue/workload,Pharmacy review,S-169,RN,8-15 yr,Witnessed administration,2,1:4,N/A
MA-013745,HGH,ICU,2024-12-14 20:31:00,NIGHT,Sat,P-00223,65-74,M,mirtazapine,Antidepressant,False,Regular,25.0,mg,PO,0.0,PO,Near-miss intercepted,True,Omitted dose,B,Fatigue/workload,Before administration (checking),S-312,EN,8-15 yr,Independent double-check,5,1:1,N/A
MA-013816,HGH,5A-SURG,2024-12-15 20:28:00,NIGHT,Sun,P-04475,75-84,M,ceftriaxone,Antibiotic,False,Once-only,1400.0,mg,IV,1400.0,IV,Given as prescribed,False,None,N/A,N/A,N/A,S-036,RN,16+ yr,Single-nurse check,3,1:7,N/A
MA-013878,HGH,3C-ORTHO,2024-12-16 15:12:00,NIGHT,Mon,P-03867,25-34,M,cephalexin,Antibiotic,False,PRN,475.0,mg,PO,475.0,PO,Given as prescribed,False,None,N/A,N/A,N/A,S-134,RN,8-15 yr,BCMA scan,2,1:7,N/A
MA-013995,HGH,2B-NEURO,2024-12-18 00:08:00,PM,Wed,P-00764,75-84,F,insulin glargine,Insulin,True,PRN,15.0,units,SC,15.0,SC,Given as prescribed,False,None,N/A,N/A,N/A,S-225,CNS,16+ yr,Independent double-check,4,1:5,N/A
MA-014003,HGH,3C-ORTHO,2024-12-18 06:08:00,PM,Wed,P-00641,65-74,M,perindopril,Antihypertensive,False,PRN,10.0,mg,PO,10.0,PO,Error reached patient,True,Wrong medication,E,Patient factors,During administration,S-141,RN,4-7 yr,Single-nurse check,2,1:7,"Minimal harm (temporary, no intervention)"
MA-014004,HGH,2B-NEURO,2024-12-18 06:20:00,PM,Wed,P-03401,45-54,F,morphine,Opioid,True,Regular,10.0,mg,SC,10.0,SC,Given as prescribed,False,None,N/A,N/A,N/A,S-080,RN,4-7 yr,Independent double-check,4,1:4,N/A
MA-014023,HGH,5A-SURG,2024-12-18 08:46:00,AM,Wed,P-03278,35-44,F,insulin aspart,Insulin,True,Regular,5.0,units,SC,5.0,SC,Given as prescribed,False,None,N/A,N/A,N/A,S-213,EN,1-3 yr,Independent double-check,3,1:5,N/A
MA-014100,HGH,5A-SURG,2024-12-19 02:28:00,PM,Thu,P-01041,55-64,F,warfarin,Anticoagulant,True,Regular,5.0,mg,PO,5.0,PO,Given as prescribed,False,None,N/A,N/A,N/A,S-022,RN,16+ yr,Independent double-check,2,1:4,N/A
MA-014107,HGH,3C-ORTHO,2024-12-19 06:46:00,PM,Thu,P-02460,85+,M,ramipril,Antihypertensive,False,Regular,10.0,mg,PO,10.0,PO,Given as prescribed,False,None,N/A,N/A,N/A,S-174,RN,4-7 yr,Independent double-check,2,1:6,N/A
MA-014143,HGH,4B-MED,2024-12-19 15:52:00,NIGHT,Thu,P-00282,45-54,F,codeine,Opioid,True,Regular,20.0,mg,PO,20.0,PO,Error reached patient,True,Wrong medication,D,Fatigue/workload,Before administration (checking),S-047,RN,8-15 yr,Independent double-check,4,1:6,No harm
MA-014155,HGH,4B-MED,2024-12-19 19:34:00,AM,Thu,P-00358,65-74,F,codeine,Opioid,True,Regular,50.0,mg,PO,50.0,PO,Given as prescribed,False,None,N/A,N/A,N/A,S-051,EN,4-7 yr,Independent double-check,3,1:5,N/A
MA-014157,HGH,ICU,2024-12-19 20:00:00,AM,Thu,P-03687,75-84,M,metronidazole,Antibiotic,False,Regular,475.0,mg,IV,475.0,IV,Given as prescribed,False,None,N/A,N/A,N/A,S-106,CNS,8-15 yr,BCMA scan,3,1:1,N/A
MA-014190,HGH,3C-ORTHO,2024-12-20 07:55:00,PM,Fri,P-04342,35-44,M,oxycodone,Opioid,True,PRN,20.0,mg,PO,20.0,PO,Given as prescribed,False,None,N/A,N/A,N/A,S-008,EN,1-3 yr,Independent double-check,3,1:6,N/A
MA-014220,HGH,CCU,2024-12-20 12:26:00,NIGHT,Fri,P-00078,25-34,F,morphine,Opioid,True,PRN,10.0,mg,SC,10.0,SC,Given as prescribed,False,None,N/A,N/A,N/A,S-302,RN,16+ yr,Witnessed administration,3,1:2,N/A
MA-014271,HGH,4B-MED,2024-12-21 06:33:00,AM,Sat,P-01147,35-44,M,paracetamol,Analgesic,False,Regular,625.0,mg,PO,625.0,PO,Given as prescribed,False,None,N/A,N/A,N/A,S-222,EN,16+ yr,Single-nurse check,3,1:6,N/A
MA-014299,HGH,4B-MED,2024-12-21 11:04:00,PM,Sat,P-01019,65-74,M,metronidazole,Antibiotic,False,Once-only,475.0,mg,IV,237.5,IV,Error reached patient,True,Wrong dose,E,Interruption/distraction,Before administration (checking),S-143,RN,<1 yr,Single-nurse check,2,1:6,"Minimal harm (temporary, no intervention)"
MA-014320,HGH,4B-MED,2024-12-21 18:12:00,PM,Sat,P-01345,65-74,F,ciprofloxacin,Antibiotic,False,PRN,300.0,mg,PO,0.0,PO,Omitted,True,Omitted dose,C,Interruption/distraction,Routine monitoring/bloods,S-059,NP,4-7 yr,Single-nurse check,4,1:6,N/A
MA-014324,HGH,6A-ONCO,2024-12-21 18:56:00,NIGHT,Sat,P-01215,55-64,F,methylprednisolone,Corticosteroid,False,Regular,100.0,mg,IV,100.0,IV,Given as prescribed,False,None,N/A,N/A,N/A,S-028,CNS,<1 yr,Independent double-check,3,1:6,N/A
MA-014332,HGH,MAT,2024-12-21 22:57:00,AM,Sat,P-03680,25-34,F,magnesium sulfate,Electrolyte,False,Regular,11.0,mmol,IV,11.0,IV,Given as prescribed,False,None,N/A,N/A,N/A,S-057,RN,4-7 yr,Single-nurse check,1,1:4,N/A
MA-014387,HGH,5A-SURG,2024-12-23 02:06:00,AM,Mon,P-03552,55-64,M,piperacillin-tazobactam,Antibiotic,False,Regular,4500.0,mg,IV,4500.0,IV,Error reached patient,True,Wrong time,C,Interruption/distraction,Before administration (checking),S-184,RN,<1 yr,Single-nurse check,3,1:5,No harm
MA-014450,HGH,ICU,2024-12-23 19:58:00,AM,Mon,P-02689,75-84,F,ceftriaxone,Antibiotic,False,PRN,1100.0,mg,IV,1100.0,IV,Given as prescribed,False,None,N/A,N/A,N/A,S-311,RN,1-3 yr,BCMA scan,5,1:1,N/A
MA-014459,HGH,MAT,2024-12-23 20:51:00,AM,Mon,P-00702,25-34,F,prednisolone,Corticosteroid,False,Regular,35.0,mg,PO,35.0,PO,Error reached patient,True,Wrong patient,D,Inadequate checking process,Routine monitoring/bloods,S-237,NP,4-7 yr,Independent double-check,1,1:4,No harm
MA-014495,HGH,3C-ORTHO,2024-12-24 09:08:00,NIGHT,Tue,P-02981,55-64,F,omeprazole,Proton pump inhibitor,False,PRN,25.0,mg,PO,0.0,PO,Withheld (clinical),False,None,N/A,N/A,N/A,S-065,RN,16+ yr,BCMA scan,1,1:7,N/A
MA-014496,HGH,PAED,2024-12-24 09:10:00,PM,Tue,P-01652,12-17,M,insulin aspart,Insulin,True,Regular,15.0,units,SC,15.0,SC,Given as prescribed,False,None,N/A,N/A,N/A,S-064,RN,16+ yr,Independent double-check,2,1:4,N/A
MA-014504,HGH,CCU,2024-12-24 12:02:00,PM,Tue,P-02927,55-64,M,morphine,Opioid,True,PRN,5.0,mg,SC,5.0,SC,Given as prescribed,False,None,N/A,N/A,N/A,S-042,RN,<1 yr,Independent double-check,4,1:3,N/A
MA-014505,HGH,3C-ORTHO,2024-12-24 12:13:00,PM,Tue,P-01872,45-54,F,prochlorperazine,Antiemetic,False,PRN,5.0,mg,PO,5.0,PO,Given as prescribed,False,None,N/A,N/A,N/A,S-112,RN,16+ yr,BCMA scan,3,1:6,N/A
MA-014510,HGH,4B-MED,2024-12-24 12:46:00,AM,Tue,P-01096,35-44,F,metoclopramide,Antiemetic,False,Regular,10.0,mg,IV,10.0,IV,Given as prescribed,False,None,N/A,N/A,N/A,S-235,RN,<1 yr,Single-nurse check,3,1:5,N/A
MA-014555,HGH,PAED,2024-12-25 05:26:00,NIGHT,Wed,P-00257,12-17,M,potassium chloride,Electrolyte,True,PRN,37.0,mmol,IV,37.0,IV,Given as prescribed,False,None,N/A,N/A,N/A,S-205,RN,1-3 yr,Independent double-check,2,1:5,N/A
MA-014575,HGH,5A-SURG,2024-12-25 08:58:00,AM,Wed,P-01158,65-74,M,haloperidol,Antipsychotic,False,Regular,2.0,mg,PO,2.0,PO,Given as prescribed,False,None,N/A,N/A,N/A,S-189,RN,1-3 yr,BCMA scan,3,1:6,N/A
MA-014604,HGH,2B-NEURO,2024-12-25 16:14:00,NIGHT,Wed,P-02969,55-64,M,apixaban,Anticoagulant,True,STAT,3.5,mg,PO,0.0,PO,Omitted,True,Omitted dose,G,Handover communication gap,Patient/family reported,S-119,RN,8-15 yr,Independent double-check,3,1:6,N/A
MA-014644,HGH,2B-NEURO,2024-12-26 06:04:00,NIGHT,Thu,P-01220,75-84,M,paracetamol,Analgesic,False,Regular,925.0,mg,PO,92.5,PO,Error reached patient,True,Wrong dose,C,System/equipment failure,During administration,S-013,RN,16+ yr,Independent double-check,3,1:7,No harm
MA-014666,HGH,6A-ONCO,2024-12-26 10:12:00,NIGHT,Thu,P-04448,55-64,F,dexamethasone,Corticosteroid,False,Regular,5.0,mg,IV,5.0,IV,Given as prescribed,False,None,N/A,N/A,N/A,S-140,RN,8-15 yr,BCMA scan,4,1:6,N/A
MA-014672,HGH,6A-ONCO,2024-12-26 12:12:00,AM,Thu,P-02275,85+,F,doxycycline,Antibiotic,False,Once-only,175.0,mg,PO,175.0,PO,Given as prescribed,False,None,N/A,N/A,N/A,S-279,RN,4-7 yr,Single-nurse check,3,1:4,N/A
MA-014738,HGH,6A-ONCO,2024-12-27 10:00:00,NIGHT,Fri,P-03157,65-74,F,doxycycline,Antibiotic,False,Regular,150.0,mg,PO,150.0,PO,Near-miss intercepted,True,Deteriorated/expired medication,B,Interruption/distraction,Before administration (checking),S-015,RN,1-3 yr,BCMA scan,4,1:7,N/A
MA-014753,HGH,3C-ORTHO,2024-12-27 12:59:00,AM,Fri,P-02925,65-74,F,levetiracetam,Antiepileptic,False,Regular,350.0,mg,PO,350.0,PO,Given as prescribed,False,None,N/A,N/A,N/A,S-196,RN,8-15 yr,BCMA scan,2,1:5,N/A
MA-014880,HGH,ED,2024-12-29 06:59:00,NIGHT,Sun,P-03722,45-54,M,paracetamol,Analgesic,False,PRN,775.0,mg,PO,775.0,PO,Given as prescribed,False,None,N/A,N/A,N/A,S-239,RN,<1 yr,BCMA scan,2,1:4,N/A
MA-014895,HGH,ED,2024-12-29 10:04:00,AM,Sun,P-04209,45-54,M,paracetamol,Analgesic,False,Regular,875.0,mg,PO,875.0,PO,Given as prescribed,False,None,N/A,N/A,N/A,S-059,RN,8-15 yr,Independent double-check,1,1:4,N/A
MA-014906,HGH,ED,2024-12-29 12:57:00,NIGHT,Sun,P-01963,75-84,M,insulin aspart,Insulin,True,Regular,12.0,units,SC,12.0,SC,Near-miss intercepted,True,Wrong time,B,Handover communication gap,Before administration (checking),S-130,EN,1-3 yr,Independent double-check,2,1:5,N/A
MA-014920,HGH,5A-SURG,2024-12-29 16:27:00,NIGHT,Sun,P-01480,65-74,F,omeprazole,Proton pump inhibitor,False,Regular,25.0,mg,PO,25.0,PO,Given as prescribed,False,None,N/A,N/A,N/A,S-067,RN,<1 yr,BCMA scan,2,1:7,N/A
MA-014921,HGH,6A-ONCO,2024-12-29 18:05:00,NIGHT,Sun,P-01737,65-74,F,enoxaparin,Anticoagulant,True,PRN,75.0,mg,SC,75.0,SC,Given as prescribed,False,None,N/A,N/A,N/A,S-211,RN,1-3 yr,Witnessed administration,3,1:5,N/A
MA-014957,HGH,CCU,2024-12-30 04:16:00,AM,Mon,P-00324,65-74,M,metoclopramide,Antiemetic,False,PRN,10.0,mg,IV,10.0,IV,Given as prescribed,False,None,N/A,N/A,N/A,S-072,CNS,8-15 yr,Single-nurse check,3,1:3,N/A
MA-014958,HGH,ED,2024-12-30 04:49:00,AM,Mon,P-04484,75-84,F,venlafaxine,Antidepressant,False,STAT,200.0,mg,PO,200.0,PO,Given as prescribed,False,None,N/A,N/A,N/A,S-022,EN,8-15 yr,Single-nurse check,3,1:5,N/A
MA-014979,HGH,ED,2024-12-30 08:04:00,AM,Mon,P-03289,75-84,F,metoprolol,Antihypertensive,False,Regular,25.0,mg,PO,25.0,PO,Given as prescribed,False,None,N/A,N/A,N/A,S-217,NP,8-15 yr,Single-nurse check,2,1:4,N/A
MA-014980,HGH,4B-MED,2024-12-30 08:24:00,AM,Mon,P-02375,75-84,F,frusemide,Diuretic,False,Regular,30.0,mg,IV,30.0,IV,Given as prescribed,False,None,N/A,N/A,N/A,S-122,EN,<1 yr,BCMA scan,3,1:5,N/A
MA-015013,HGH,4B-MED,2024-12-30 16:08:00,PM,Mon,P-02894,55-64,F,esomeprazole,Proton pump inhibitor,False,Regular,25.0,mg,PO,25.0,PO,Given as prescribed,False,None,N/A,N/A,N/A,S-307,RN,8-15 yr,Independent double-check,3,1:6,N/A
MA-015020,HGH,5A-SURG,2024-12-30 18:31:00,PM,Mon,P-01554,85+,F,azithromycin,Antibiotic,False,PRN,400.0,mg,PO,400.0,PO,Given as prescribed,False,None,N/A,N/A,N/A,S-018,NUM,8-15 yr,Single-nurse check,3,1:5,N/A
MA-015064,HGH,ED,2024-12-31 06:59:00,NIGHT,Tue,P-03590,25-34,M,metoclopramide,Antiemetic,False,Regular,10.0,mg,IV,10.0,IV,Given as prescribed,False,None,N/A,N/A,N/A,S-113,RN,4-7 yr,Single-nurse check,2,1:5,N/A
MA-015100,HGH,5A-SURG,2024-12-31 11:12:00,PM,Tue,P-04330,75-84,M,metformin,Other,False,Regular,500.0,mg,PO,500.0,PO,Given as prescribed,False,None,N/A,N/A,N/A,S-125,RN,4-7 yr,Single-nurse check,3,1:6,N/A
MA-015106,HGH,ICU,2024-12-31 12:30:00,AM,Tue,P-02959,75-84,F,glyceryl trinitrate,Antihypertensive,False,PRN,0.5,mg,SL,0.0,SL,Withheld (clinical),False,None,N/A,N/A,N/A,S-239,CNS,8-15 yr,Witnessed administration,4,1:1,N/A
MA-015213,HGH,5A-SURG,2025-01-01 18:11:00,AM,Wed,P-03451,45-54,F,enoxaparin,Anticoagulant,True,PRN,25.0,mg,SC,2.5,SC,Error reached patient,True,Wrong dose,D,Inadequate checking process,Post-administration review,S-109,RN,8-15 yr,Independent double-check,2,1:5,No harm
MA-015231,HGH,5A-SURG,2025-01-01 22:58:00,PM,Wed,P-02844,85+,F,ibuprofen,Analgesic,False,PRN,275.0,mg,PO,275.0,PO,Given as prescribed,False,None,N/A,N/A,N/A,S-298,EN,4-7 yr,BCMA scan,2,1:5,N/A
MA-015237,HGH,4B-MED,2025-01-02 02:03:00,NIGHT,Thu,P-04443,65-74,M,warfarin,Anticoagulant,True,Once-only,3.0,mg,PO,3.0,PO,Given as prescribed,False,None,N/A,N/A,N/A,S-023,RN,4-7 yr,Independent double-check,2,1:7,N/A
MA-015242,HGH,3C-ORTHO,2025-01-02 03:57:00,NIGHT,Thu,P-00209,65-74,F,paracetamol,Analgesic,False,STAT,900.0,mg,PO,900.0,IV,Error reached patient,True,Wrong route,C,Staffing levels,Pharmacy review,S-116,EN,16+ yr,Single-nurse check,3,1:7,No harm
MA-015262,HGH,CCU,2025-01-02 08:08:00,NIGHT,Thu,P-04431,75-84,M,ceftriaxone,Antibiotic,False,Regular,1150.0,mg,IV,1150.0,IV,Given as prescribed,False,None,N/A,N/A,N/A,S-229,RN,8-15 yr,BCMA scan,5,1:2,N/A
MA-015301,HGH,5A-SURG,2025-01-02 14:38:00,AM,Thu,P-00170,18-24,F,clopidogrel,Antiplatelet,False,Regular,75.0,mg,PO,75.0,PO,Given as prescribed,False,None,N/A,N/A,N/A,S-031,RN,16+ yr,Single-nurse check,3,1:5,N/A
MA-015310,HGH,ED,2025-01-02 18:07:00,NIGHT,Thu,P-02648,85+,F,sertraline,Antidepressant,False,Regular,100.0,mg,PO,100.0,PO,Given as prescribed,False,None,N/A,N/A,N/A,S-081,RN,4-7 yr,Single-nurse check,3,1:5,N/A
MA-015430,HGH,5A-SURG,2025-01-04 04:15:00,AM,Sat,P-00214,85+,M,sodium valproate,Antiepileptic,False,Regular,400.0,mg,PO,400.0,PO,Given as prescribed,False,None,N/A,N/A,N/A,S-019,NP,16+ yr,Single-nurse check,3,1:5,N/A
MA-015514,HGH,3C-ORTHO,2025-01-05 06:10:00,AM,Sun,P-02565,18-24,M,paracetamol,Analgesic,False,Regular,975.0,mg,PO,0.0,PO,Withheld (clinical),False,None,N/A,N/A,N/A,S-115,RN,16+ yr,Witnessed administration,2,1:5,N/A
MA-015529,HGH,3C-ORTHO,2025-01-05 08:23:00,AM,Sun,P-00536,45-54,M,glyceryl trinitrate,Antihypertensive,False,Regular,0.5,mg,SL,0.5,SL,Given as prescribed,False,None,N/A,N/A,N/A,S-224,RN,16+ yr,Independent double-check,1,1:5,N/A
MA-015562,HGH,4B-MED,2025-01-05 16:56:00,AM,Sun,P-01646,55-64,F,meropenem,Antibiotic,False,Regular,1600.0,mg,IV,1600.0,IV,Given as prescribed,False,None,N/A,N/A,N/A,S-318,RN,8-15 yr,BCMA scan,2,1:5,N/A
MA-015585,HGH,3C-ORTHO,2025-01-06 01:28:00,PM,Mon,P-01915,55-64,F,oxycodone,Opioid,True,PRN,15.0,mg,PO,15.0,PO,Given as prescribed,False,None,N/A,N/A,N/A,S-204,NUM,1-3 yr,Independent double-check,2,1:6,N/A
MA-015594,HGH,6A-ONCO,2025-01-06 06:04:00,AM,Mon,P-04240,25-34,M,magnesium sulfate,Electrolyte,False,Regular,15.0,mmol,IV,0.0,IV,Refused by patient,False,None,N/A,N/A,N/A,S-024,NP,4-7 yr,Single-nurse check,3,1:4,N/A
MA-015606,HGH,2B-NEURO,2025-01-06 07:56:00,NIGHT,Mon,P-02451,75-84,F,metronidazole,Antibiotic,False,STAT,400.0,mg,IV,400.0,IV,Given as prescribed,False,None,N/A,N/A,N/A,S-315,CNS,4-7 yr,Single-nurse check,3,1:5,N/A
MA-015676,HGH,6A-ONCO,2025-01-07 01:30:00,AM,Tue,P-00599,35-44,M,atorvastatin,Other,False,Once-only,50.0,mg,PO,50.0,PO,Given as prescribed,False,None,N/A,N/A,N/A,S-195,RN,16+ yr,Single-nurse check,3,1:4,N/A
MA-015748,HGH,5A-SURG,2025-01-07 20:32:00,AM,Tue,P-02917,25-34,M,potassium chloride,Electrolyte,True,PRN,34.0,mmol,IV,34.0,IV,Given as prescribed,False,None,N/A,N/A,N/A,S-259,RN,1-3 yr,Independent double-check,2,1:5,N/A
MA-015753,HGH,5A-SURG,2025-01-07 22:50:00,NIGHT,Tue,P-01007,65-74,F,atenolol,Antihypertensive,False,Regular,30.0,mg,PO,30.0,PO,Given as prescribed,False,None,N/A,N/A,N/A,S-251,EN,1-3 yr,Witnessed administration,2,1:8,N/A
MA-015769,HGH,CCU,2025-01-08 08:10:00,AM,Wed,P-00684,75-84,M,levetiracetam,Antiepileptic,False,Regular,975.0,mg,PO,1462.5,PO,Error reached patient,True,Wrong dose,C,Handover communication gap,Patient/family reported,S-173,RN,1-3 yr,BCMA scan,4,1:1,No harm
MA-015791,HGH,MAT,2025-01-08 13:13:00,AM,Wed,P-02343,18-24,F,ceftriaxone,Antibiotic,False,Regular,1725.0,mg,IV,1725.0,IV,Given as prescribed,False,None,N/A,N/A,N/A,S-196,RN,16+ yr,BCMA scan,2,1:4,N/A
MA-015819,HGH,MAT,2025-01-08 22:34:00,PM,Wed,P-04238,25-34,M,ciprofloxacin,Antibiotic,False,PRN,250.0,mg,PO,250.0,PO,Given as prescribed,False,None,N/A,N/A,N/A,S-193,CNS,1-3 yr,Single-nurse check,1,1:4,N/A
MA-015849,HGH,ED,2025-01-09 09:35:00,PM,Thu,P-03446,85+,M,ceftriaxone,Antibiotic,False,Regular,1700.0,mg,IV,1700.0,IV,Given as prescribed,False,None,N/A,N/A,N/A,S-155,RN,1-3 yr,Single-nurse check,2,1:4,N/A
MA-015929,HGH,2B-NEURO,2025-01-10 08:09:00,PM,Fri,P-02520,25-34,F,flucloxacillin,Antibiotic,False,Regular,950.0,mg,IV,0.0,IV,Near-miss intercepted,True,Omitted dose,A,Patient factors,During administration,S-197,EN,16+ yr,BCMA scan,4,1:6,N/A
MA-015940,HGH,5A-SURG,2025-01-10 10:44:00,NIGHT,Fri,P-04071,45-54,F,olanzapine,Antipsychotic,False,PRN,15.0,mg,PO,15.0,PO,Given as prescribed,False,None,N/A,N/A,N/A,S-200,RN,16+ yr,BCMA scan,3,1:7,N/A
MA-015973,HGH,3C-ORTHO,2025-01-10 20:52:00,NIGHT,Fri,P-01522,45-54,M,lorazepam,Benzodiazepine,True,PRN,1.0,mg,PO,1.0,PO,Given as prescribed,False,None,N/A,N/A,N/A,S-087,RN,4-7 yr,Independent double-check,1,1:7,N/A
MA-015990,HGH,4B-MED,2025-01-11 01:04:00,AM,Sat,P-00397,65-74,M,prochlorperazine,Antiemetic,False,Regular,5.0,mg,PO,0.0,PO,Omitted,True,Omitted dose,C,Handover communication gap,Before administration (checking),S-244,RN,16+ yr,BCMA scan,2,1:4,N/A
MA-015992,HGH,ED,2025-01-11 02:41:00,PM,Sat,P-03716,75-84,F,metoprolol,Antihypertensive,False,Regular,75.0,mg,PO,75.0,PO,Given as prescribed,False,None,N/A,N/A,N/A,S-023,RN,8-15 yr,Single-nurse check,3,1:4,N/A
MA-016009,HGH,ED,2025-01-11 08:24:00,NIGHT,Sat,P-04222,65-74,F,piperacillin-tazobactam,Antibiotic,False,PRN,4500.0,mg,IV,4500.0,IV,Given as prescribed,False,None,N/A,N/A,N/A,S-161,RN,<1 yr,Independent double-check,3,1:5,N/A
MA-016012,HGH,MAT,2025-01-11 09:09:00,PM,Sat,P-01329,18-24,F,prednisolone,Corticosteroid,False,Regular,5.0,mg,PO,5.0,PO,Given as prescribed,False,None,N/A,N/A,N/A,S-237,RN,16+ yr,Single-nurse check,1,1:5,N/A
MA-016027,HGH,ICU,2025-01-11 13:08:00,AM,Sat,P-03334,75-84,M,dexamethasone,Corticosteroid,False,Regular,5.0,mg,IV,5.0,IV,Given as prescribed,False,None,N/A,N/A,N/A,S-129,EN,16+ yr,Single-nurse check,4,1:1,N/A
MA-016115,HGH,3C-ORTHO,2025-01-12 18:26:00,AM,Sun,P-01741,75-84,F,paracetamol,Analgesic,False,Regular,925.0,mg,PO,925.0,PO,Given as prescribed,False,None,N/A,N/A,N/A,S-163,RN,8-15 yr,Independent double-check,2,1:5,N/A
MA-016155,HGH,ICU,2025-01-13 08:42:00,NIGHT,Mon,P-03480,35-44,F,oxycodone,Opioid,True,PRN,10.0,mg,PO,0.0,PO,Omitted,True,Omitted dose,C,Inadequate checking process,During administration,S-249,CNS,8-15 yr,Independent double-check,4,1:1,N/A
MA-016190,HGH,3C-ORTHO,2025-01-13 14:53:00,AM,Mon,P-03870,65-74,M,trimethoprim,Antibiotic,False,PRN,275.0,mg,PO,275.0,PO,Error reached patient,True,Wrong time,F,Interruption/distraction,Post-administration review,S-241,RN,16+ yr,Single-nurse check,1,1:5,Moderate harm (intervention required)
MA-016197,HGH,6A-ONCO,2025-01-13 16:26:00,PM,Mon,P-00511,75-84,M,dexamethasone,Corticosteroid,False,PRN,5.0,mg,IV,5.0,IV,Given as prescribed,False,None,N/A,N/A,N/A,S-019,EN,1-3 yr,BCMA scan,3,1:6,N/A
MA-016217,HGH,3C-ORTHO,2025-01-13 22:08:00,AM,Mon,P-01243,45-54,M,sodium valproate,Antiepileptic,False,PRN,450.0,mg,PO,450.0,PO,Given as prescribed,False,None,N/A,N/A,N/A,S-135,RN,8-15 yr,Single-nurse check,3,1:5,N/A
MA-016283,HGH,5A-SURG,2025-01-14 15:16:00,PM,Tue,P-01723,55-64,M,paracetamol,Analgesic,False,Regular,625.0,mg,PO,625.0,PO,Given as prescribed,False,None,N/A,N/A,N/A,S-235,EN,8-15 yr,Independent double-check,1,1:6,N/A
MA-016292,HGH,6A-ONCO,2025-01-14 18:19:00,AM,Tue,P-03179,18-24,F,trimethoprim,Antibiotic,False,PRN,275.0,mg,PO,275.0,PO,Given as prescribed,False,None,N/A,N/A,N/A,S-108,RN,16+ yr,Single-nurse check,3,1:4,N/A
MA-016350,HGH,3C-ORTHO,2025-01-15 08:59:00,PM,Wed,P-00945,75-84,M,atorvastatin,Other,False,PRN,40.0,mg,PO,40.0,PO,Given as prescribed,False,None,N/A,N/A,N/A,S-106,RN,4-7 yr,BCMA scan,2,1:6,N/A
MA-016370,HGH,ED,2025-01-15 11:37:00,AM,Wed,P-03041,85+,M,dexamethasone,Corticosteroid,False,Regular,4.5,mg,IV,4.5,IV,Given as prescribed,False,None,N/A,N/A,N/A,S-296,RN,4-7 yr,Witnessed administration,3,1:4,N/A
MA-016443,HGH,ED,2025-01-16 09:07:00,AM,Thu,P-04421,85+,M,metoprolol,Antihypertensive,False,PRN,50.0,mg,PO,50.0,PO,Given as prescribed,False,None,N/A,N/A,N/A,S-112,EN,4-7 yr,Independent double-check,2,1:4,N/A
MA-016533,HGH,3C-ORTHO,2025-01-17 11:05:00,NIGHT,Fri,P-00874,25-34,F,docusate,Other,False,PRN,375.0,mg,PO,375.0,PO,Given as prescribed,False,None,N/A,N/A,N/A,S-114,RN,4-7 yr,Single-nurse check,2,1:7,N/A
MA-016538,HGH,5A-SURG,2025-01-17 12:32:00,AM,Fri,P-00506,55-64,M,insulin glargine,Insulin,True,Regular,17.0,units,SC,17.0,SC,Given as prescribed,False,None,N/A,N/A,N/A,S-083,RN,<1 yr,Independent double-check,2,1:6,N/A
MA-016575,HGH,ICU,2025-01-17 23:18:00,PM,Fri,P-02452,85+,F,amoxicillin,Antibiotic,False,Regular,650.0,mg,PO,650.0,PO,Given as prescribed,False,None,N/A,N/A,N/A,S-193,RN,16+ yr,Single-nurse check,4,1:1,N/A
MA-016618,HGH,3C-ORTHO,2025-01-18 12:38:00,AM,Sat,P-01236,85+,M,enoxaparin,Anticoagulant,True,Regular,75.0,mg,SC,75.0,SC,Given as prescribed,False,None,N/A,N/A,N/A,S-298,EN,1-3 yr,Witnessed administration,2,1:5,N/A
MA-016622,HGH,PAED,2025-01-18 13:10:00,PM,Sat,P-01471,12-17,M,ceftriaxone,Antibiotic,False,Regular,1550.0,mg,IV,1550.0,IV,Given as prescribed,False,None,N/A,N/A,N/A,S-163,NUM,16+ yr,Single-nurse check,2,1:4,N/A
MA-016698,HGH,2B-NEURO,2025-01-19 15:40:00,PM,Sun,P-03539,65-74,F,clopidogrel,Antiplatelet,False,PRN,75.0,mg,PO,0.0,PO,Near-miss intercepted,True,Omitted dose,A,Illegible/ambiguous order,Before administration (checking),S-004,EN,<1 yr,BCMA scan,4,1:5,N/A
MA-016751,HGH,5A-SURG,2025-01-20 10:05:00,PM,Mon,P-01396,55-64,M,sodium chloride 0.9%,Electrolyte,False,Regular,550.0,mL,IV,550.0,IV,Given as prescribed,False,None,N/A,N/A,N/A,S-160,RN,16+ yr,Witnessed administration,2,1:5,N/A
MA-016837,HGH,3C-ORTHO,2025-01-21 08:55:00,NIGHT,Tue,P-03568,75-84,M,ibuprofen,Analgesic,False,PRN,325.0,mg,PO,325.0,PO,Given as prescribed,False,None,N/A,N/A,N/A,S-046,RN,8-15 yr,Single-nurse check,3,1:7,N/A
MA-016891,HGH,CCU,2025-01-22 04:40:00,NIGHT,Wed,P-03666,45-54,M,frusemide,Diuretic,False,Regular,75.0,mg,IV,75.0,IV,Given as prescribed,False,None,N/A,N/A,N/A,S-047,RN,8-15 yr,Independent double-check,3,1:3,N/A
MA-016904,HGH,4B-MED,2025-01-22 07:55:00,AM,Wed,P-00494,35-44,M,heparin,Anticoagulant,True,PRN,11913.0,units,IV,11913.0,IV,Given as prescribed,False,None,N/A,N/A,N/A,S-264,RN,8-15 yr,Independent double-check,3,1:5,N/A
MA-016910,HGH,ED,2025-01-22 08:33:00,AM,Wed,P-00787,75-84,M,warfarin,Anticoagulant,True,Regular,10.0,mg,PO,10.0,PO,Given as prescribed,False,None,N/A,N/A,N/A,S-039,CNS,1-3 yr,Independent double-check,2,1:4,N/A
MA-016934,HGH,2B-NEURO,2025-01-22 12:29:00,NIGHT,Wed,P-02713,75-84,M,ramipril,Antihypertensive,False,Regular,4.5,mg,PO,4.5,PO,Given as prescribed,False,None,N/A,N/A,N/A,S-315,EN,16+ yr,BCMA scan,3,1:6,N/A
MA-016956,HGH,5A-SURG,2025-01-22 19:20:00,NIGHT,Wed,P-01618,85+,F,ceftriaxone,Antibiotic,False,Regular,1825.0,mg,IV,1825.0,IV,Error reached patient,True,Wrong time,F,LASA confusion,During administration,S-296,RN,8-15 yr,Single-nurse check,3,1:8,Moderate harm (intervention required)
MA-017009,HGH,ED,2025-01-23 10:54:00,AM,Thu,P-00989,75-84,M,sodium chloride 0.9%,Electrolyte,False,Regular,850.0,mL,IV,850.0,IV,Error reached patient,True,Wrong time,C,Knowledge deficit,Pharmacy review,S-100,RN,4-7 yr,BCMA scan,3,1:4,No harm
MA-017032,HGH,ICU,2025-01-23 15:29:00,NIGHT,Thu,P-02968,65-74,M,colchicine,Other,False,Regular,0.5,mg,PO,0.5,PO,Given as prescribed,False,None,N/A,N/A,N/A,S-286,RN,8-15 yr,Witnessed administration,4,1:1,N/A
MA-017037,HGH,ICU,2025-01-23 17:17:00,AM,Thu,P-04351,45-54,M,warfarin,Anticoagulant,True,Once-only,5.0,mg,PO,5.0,PO,Given as prescribed,False,None,N/A,N/A,N/A,S-031,RN,16+ yr,Witnessed administration,4,1:1,N/A
MA-017052,HGH,5A-SURG,2025-01-23 20:58:00,PM,Thu,P-02965,45-54,M,venlafaxine,Antidepressant,False,Regular,125.0,mg,PO,125.0,PO,Given as prescribed,False,None,N/A,N/A,N/A,S-219,RN,1-3 yr,BCMA scan,3,1:5,N/A
MA-017054,HGH,6A-ONCO,2025-01-23 21:46:00,PM,Thu,P-00551,75-84,F,olanzapine,Antipsychotic,False,Regular,15.0,mg,PO,15.0,PO,Given as prescribed,False,None,N/A,N/A,N/A,S-177,RN,8-15 yr,BCMA scan,3,1:5,N/A
MA-017068,HGH,5A-SURG,2025-01-24 06:00:00,AM,Fri,P-03840,45-54,M,piperacillin-tazobactam,Antibiotic,False,PRN,4500.0,mg,IV,4500.0,IV,Given as prescribed,False,None,N/A,N/A,N/A,S-061,NP,16+ yr,BCMA scan,3,1:5,N/A
MA-017088,HGH,ICU,2025-01-24 09:42:00,PM,Fri,P-04334,65-74,M,rivaroxaban,Anticoagulant,True,PRN,20.0,mg,PO,20.0,PO,Given as prescribed,False,None,N/A,N/A,N/A,S-278,RN,8-15 yr,Independent double-check,5,1:1,N/A
MA-017145,HGH,2B-NEURO,2025-01-25 08:24:00,NIGHT,Sat,P-00536,65-74,F,mirtazapine,Antidepressant,False,Regular,30.0,mg,PO,15.0,PO,Error reached patient,True,Wrong dose,C,Handover communication gap,Post-administration review,S-066,NP,4-7 yr,BCMA scan,3,1:6,No harm
MA-017249,HGH,4B-MED,2025-01-26 18:37:00,AM,Sun,P-03997,55-64,F,colchicine,Other,False,PRN,0.5,mg,PO,0.5,PO,Given as prescribed,False,None,N/A,N/A,N/A,S-219,RN,16+ yr,Independent double-check,3,1:6,N/A
MA-017296,HGH,5A-SURG,2025-01-27 08:38:00,NIGHT,Mon,P-02329,65-74,M,doxycycline,Antibiotic,False,Regular,175.0,mg,PO,175.0,PO,Near-miss intercepted,True,Wrong time,B,Patient factors,Patient/family reported,S-198,RN,16+ yr,Single-nurse check,3,1:6,N/A
MA-017301,HGH,ICU,2025-01-27 09:35:00,PM,Mon,P-01184,65-74,M,enoxaparin,Anticoagulant,True,Once-only,75.0,mg,SC,7.5,SC,Near-miss intercepted,True,Wrong dose,B,Staffing levels,Before administration (checking),S-272,RN,8-15 yr,Independent double-check,5,1:1,N/A
MA-017368,HGH,3C-ORTHO,2025-01-28 03:04:00,PM,Tue,P-00206,65-74,F,metronidazole,Antibiotic,False,Regular,475.0,mg,IV,0.0,IV,Refused by patient,False,None,N/A,N/A,N/A,S-201,NP,4-7 yr,Witnessed administration,1,1:6,N/A
MA-017398,HGH,2B-NEURO,2025-01-28 09:25:00,AM,Tue,P-01826,65-74,M,phenytoin,Antiepileptic,True,Regular,175.0,mg,IV,175.0,IV,Given as prescribed,False,None,N/A,N/A,N/A,S-167,RN,16+ yr,Independent double-check,3,1:5,N/A
MA-017453,HGH,4B-MED,2025-01-28 22:24:00,PM,Tue,P-00550,75-84,M,hydromorphone,Opioid,True,Regular,4.0,mg,SC,4.0,SC,Given as prescribed,False,None,N/A,N/A,N/A,S-188,RN,8-15 yr,Independent double-check,3,1:6,N/A
MA-017464,HGH,CCU,2025-01-29 00:13:00,PM,Wed,P-01858,75-84,M,pantoprazole,Proton pump inhibitor,False,Regular,30.0,mg,IV,30.0,IV,Given as prescribed,False,None,N/A,N/A,N/A,S-109,RN,1-3 yr,BCMA scan,4,1:2,N/A
MA-017571,HGH,4B-MED,2025-01-30 11:34:00,PM,Thu,P-00037,25-34,M,ceftriaxone,Antibiotic,False,STAT,1325.0,mg,IV,1325.0,IV,Given as prescribed,False,None,N/A,N/A,N/A,S-089,EN,<1 yr,Single-nurse check,2,1:7,N/A
MA-017580,HGH,3C-ORTHO,2025-01-30 12:55:00,PM,Thu,P-04110,18-24,M,metoprolol,Antihypertensive,False,Regular,50.0,mg,PO,50.0,PO,Given as prescribed,False,None,N/A,N/A,N/A,S-158,RN,8-15 yr,Independent double-check,2,1:5,N/A
MA-017631,HGH,2B-NEURO,2025-01-31 06:27:00,NIGHT,Fri,P-03925,55-64,M,insulin glargine,Insulin,True,Once-only,40.0,units,SC,40.0,SC,Given as prescribed,False,None,N/A,N/A,N/A,S-061,RN,1-3 yr,Witnessed administration,2,1:6,N/A
MA-017664,HGH,ED,2025-01-31 10:46:00,PM,Fri,P-03244,55-64,M,diazepam,Benzodiazepine,True,Regular,10.0,mg,PO,0.0,PO,Refused by patient,False,None,N/A,N/A,N/A,S-054,RN,<1 yr,Independent double-check,3,1:3,N/A
MA-017710,HGH,ICU,2025-01-31 21:26:00,PM,Fri,P-00898,45-54,M,enoxaparin,Anticoagulant,True,Regular,35.0,mg,SC,35.0,SC,Given as prescribed,False,None,N/A,N/A,N/A,S-158,EN,8-15 yr,Independent double-check,5,1:1,N/A
MA-017718,HGH,4B-MED,2025-02-01 05:13:00,PM,Sat,P-00420,85+,M,esomeprazole,Proton pump inhibitor,False,PRN,35.0,mg,PO,35.0,IM,Near-miss intercepted,True,Wrong route,B,Inadequate checking process,Before administration (checking),S-312,RN,4-7 yr,BCMA scan,2,1:5,N/A
MA-017769,HGH,4B-MED,2025-02-01 19:54:00,PM,Sat,P-03602,65-74,F,magnesium sulfate,Electrolyte,False,PRN,16.0,mmol,IV,16.0,IV,Given as prescribed,False,None,N/A,N/A,N/A,S-248,RN,8-15 yr,BCMA scan,3,1:6,N/A
MA-017823,HGH,6A-ONCO,2025-02-02 14:05:00,PM,Sun,P-02073,75-84,F,ondansetron,Antiemetic,False,Regular,5.0,mg,IV,5.0,IV,Given as prescribed,False,None,N/A,N/A,N/A,S-084,RN,16+ yr,Single-nurse check,4,1:5,N/A
MA-017859,HGH,6A-ONCO,2025-02-03 04:55:00,NIGHT,Mon,P-03565,75-84,M,oxycodone,Opioid,True,Regular,15.0,mg,PO,15.0,PO,Given as prescribed,False,None,N/A,N/A,N/A,S-080,RN,4-7 yr,Independent double-check,5,1:6,N/A
MA-017910,HGH,4B-MED,2025-02-03 14:27:00,AM,Mon,P-02448,25-34,M,sodium chloride 0.9%,Electrolyte,False,Once-only,600.0,mL,IV,600.0,IV,Given as prescribed,False,None,N/A,N/A,N/A,S-012,RN,8-15 yr,BCMA scan,3,1:5,N/A
MA-017934,HGH,ED,2025-02-03 19:35:00,AM,Mon,P-01830,25-34,X,spironolactone,Diuretic,False,PRN,50.0,mg,PO,50.0,PO,Given as prescribed,False,None,N/A,N/A,N/A,S-034,RN,16+ yr,BCMA scan,3,1:4,N/A
MA-018047,HGH,4B-MED,2025-02-05 06:38:00,PM,Wed,P-03829,75-84,M,enoxaparin,Anticoagulant,True,Regular,75.0,mg,SC,75.0,SC,Given as prescribed,False,None,N/A,N/A,N/A,S-289,RN,16+ yr,Independent double-check,2,1:6,N/A
MA-018084,HGH,CCU,2025-02-05 13:11:00,PM,Wed,P-03556,75-84,F,heparin,Anticoagulant,True,Regular,24618.0,units,IV,24618.0,IV,Given as prescribed,False,None,N/A,N/A,N/A,S-193,RN,1-3 yr,Independent double-check,4,1:2,N/A
MA-018094,HGH,3C-ORTHO,2025-02-05 15:52:00,AM,Wed,P-01155,35-44,M,prednisolone,Corticosteroid,False,Regular,25.0,mg,PO,25.0,PO,Given as prescribed,False,None,N/A,N/A,N/A,S-113,RN,4-7 yr,BCMA scan,3,1:5,N/A
MA-018096,HGH,3C-ORTHO,2025-02-05 16:54:00,PM,Wed,P-00896,65-74,M,escitalopram,Antidepressant,False,PRN,15.0,mg,PO,0.0,PO,Omitted,True,Omitted dose,C,Staffing levels,Routine monitoring/bloods,S-115,RN,8-15 yr,BCMA scan,2,1:6,N/A
MA-018121,HGH,6A-ONCO,2025-02-06 05:30:00,PM,Thu,P-02965,55-64,F,esomeprazole,Proton pump inhibitor,False,Regular,25.0,mg,PO,25.0,PO,Given as prescribed,False,None,N/A,N/A,N/A,S-311,RN,16+ yr,BCMA scan,3,1:5,N/A
MA-018247,HGH,3C-ORTHO,2025-02-07 09:57:00,AM,Fri,P-02887,25-34,F,midazolam,Benzodiazepine,True,PRN,2.5,mg,IV,2.5,IV,Given as prescribed,False,None,N/A,N/A,N/A,S-253,RN,8-15 yr,Witnessed administration,3,1:6,N/A
MA-018289,HGH,3C-ORTHO,2025-02-07 19:58:00,AM,Fri,P-03388,45-54,F,amoxicillin,Antibiotic,False,PRN,875.0,mg,PO,875.0,PO,Given as prescribed,False,None,N/A,N/A,N/A,S-034,EN,8-15 yr,Single-nurse check,2,1:5,N/A
MA-018291,HGH,6A-ONCO,2025-02-07 20:06:00,AM,Fri,P-01623,85+,M,dexamethasone,Corticosteroid,False,Regular,4.0,mg,IV,4.0,IV,Given as prescribed,False,None,N/A,N/A,N/A,S-101,EN,1-3 yr,Single-nurse check,3,1:4,N/A
MA-018322,HGH,6A-ONCO,2025-02-08 06:42:00,NIGHT,Sat,P-02465,55-64,F,allopurinol,Other,False,Once-only,175.0,mg,PO,175.0,PO,Given as prescribed,False,None,N/A,N/A,N/A,S-014,EN,16+ yr,BCMA scan,4,1:5,N/A
MA-018368,HGH,4B-MED,2025-02-08 18:29:00,AM,Sat,P-00418,65-74,F,insulin neutral,Insulin,True,PRN,20.0,units,SC,20.0,PO,Error reached patient,True,Wrong route,C,Handover communication gap,Patient/family reported,S-194,RN,8-15 yr,Independent double-check,3,1:4,No harm
MA-018389,HGH,6A-ONCO,2025-02-08 22:51:00,AM,Sat,P-04261,45-54,M,ceftriaxone,Antibiotic,False,Regular,1700.0,mg,IV,1700.0,IV,Given as prescribed,False,None,N/A,N/A,N/A,S-292,RN,8-15 yr,BCMA scan,3,1:4,N/A
MA-018406,HGH,ICU,2025-02-09 07:04:00,AM,Sun,P-04138,35-44,F,meropenem,Antibiotic,False,PRN,825.0,mg,IV,825.0,IV,Given as prescribed,False,None,N/A,N/A,N/A,S-271,RN,4-7 yr,BCMA scan,4,1:1,N/A
MA-018519,HGH,ED,2025-02-10 11:00:00,PM,Mon,P-01839,55-64,M,pantoprazole,Proton pump inhibitor,False,Regular,25.0,mg,IV,25.0,IV,Given as prescribed,False,None,N/A,N/A,N/A,S-144,RN,8-15 yr,Single-nurse check,2,1:3,N/A
MA-018524,HGH,CCU,2025-02-10 12:05:00,PM,Mon,P-03226,25-34,M,lactulose,Other,False,Regular,0.0,mL,PO,0.0,PO,Given as prescribed,False,None,N/A,N/A,N/A,S-268,RN,8-15 yr,BCMA scan,3,1:2,N/A
MA-018558,HGH,3C-ORTHO,2025-02-10 21:14:00,AM,Mon,P-04198,65-74,M,levetiracetam,Antiepileptic,False,Once-only,425.0,mg,PO,425.0,PO,Given as prescribed,False,None,N/A,N/A,N/A,S-270,RN,8-15 yr,Witnessed administration,2,1:5,N/A
MA-018688,HGH,ED,2025-02-12 14:14:00,NIGHT,Wed,P-00593,65-74,M,clopidogrel,Antiplatelet,False,Regular,75.0,mg,PO,75.0,PO,Given as prescribed,False,None,N/A,N/A,N/A,S-312,RN,4-7 yr,BCMA scan,2,1:5,N/A
MA-018696,HGH,4B-MED,2025-02-12 17:07:00,AM,Wed,P-00889,25-34,F,docusate,Other,False,PRN,275.0,mg,PO,275.0,PO,Given as prescribed,False,None,N/A,N/A,N/A,S-071,RN,4-7 yr,BCMA scan,3,1:5,N/A
MA-018713,HGH,3C-ORTHO,2025-02-12 22:10:00,AM,Wed,P-00080,65-74,M,ramipril,Antihypertensive,False,Regular,5.0,mg,PO,5.0,PO,Given as prescribed,False,None,N/A,N/A,N/A,S-025,RN,8-15 yr,BCMA scan,2,1:5,N/A
MA-018738,HGH,5A-SURG,2025-02-13 08:07:00,AM,Thu,P-04279,55-64,M,ibuprofen,Analgesic,False,Regular,350.0,mg,PO,350.0,PO,Given as prescribed,False,None,N/A,N/A,N/A,S-315,RN,8-15 yr,Single-nurse check,3,1:5,N/A
MA-018740,HGH,3C-ORTHO,2025-02-13 08:15:00,PM,Thu,P-02665,25-34,M,paracetamol,Analgesic,False,PRN,800.0,mg,PO,800.0,PO,Given as prescribed,False,None,N/A,N/A,N/A,S-060,RN,8-15 yr,BCMA scan,1,1:6,N/A
MA-018825,HGH,5A-SURG,2025-02-14 06:22:00,AM,Fri,P-01695,55-64,F,potassium chloride,Electrolyte,True,PRN,31.0,mmol,IV,31.0,IV,Given as prescribed,False,None,N/A,N/A,N/A,S-097,RN,16+ yr,Independent double-check,3,1:5,N/A
MA-018868,HGH,ED,2025-02-14 13:47:00,PM,Fri,P-02622,45-54,F,amoxicillin,Antibiotic,False,PRN,775.0,mg,PO,775.0,PO,Given as prescribed,False,None,N/A,N/A,N/A,S-119,EN,8-15 yr,Single-nurse check,2,1:4,N/A
MA-018897,HGH,2B-NEURO,2025-02-14 20:57:00,PM,Fri,P-02731,25-34,F,pantoprazole,Proton pump inhibitor,False,Regular,40.0,mg,IV,40.0,IV,Given as prescribed,False,None,N/A,N/A,N/A,S-011,RN,8-15 yr,BCMA scan,2,1:5,N/A
MA-018919,HGH,6A-ONCO,2025-02-15 07:05:00,PM,Sat,P-02284,75-84,M,sertraline,Antidepressant,False,PRN,175.0,mg,PO,175.0,PO,Given as prescribed,False,None,N/A,N/A,N/A,S-021,NP,8-15 yr,BCMA scan,3,1:5,N/A
MA-018924,HGH,3C-ORTHO,2025-02-15 08:07:00,PM,Sat,P-00625,85+,F,paracetamol,Analgesic,False,PRN,650.0,mg,PO,650.0,PO,Given as prescribed,False,None,N/A,N/A,N/A,S-155,RN,1-3 yr,Witnessed administration,2,1:6,N/A
MA-018943,HGH,PAED,2025-02-15 12:22:00,NIGHT,Sat,P-03320,0-5,M,metformin,Other,False,Regular,900.0,mg,PO,900.0,PO,Given as prescribed,False,None,N/A,N/A,N/A,S-006,RN,16+ yr,Single-nurse check,1,1:5,N/A
MA-018948,HGH,2B-NEURO,2025-02-15 13:13:00,AM,Sat,P-04112,35-44,F,frusemide,Diuretic,False,Regular,50.0,mg,IV,50.0,IV,Given as prescribed,False,None,N/A,N/A,N/A,S-270,NUM,8-15 yr,Single-nurse check,3,1:5,N/A
MA-018949,HGH,6A-ONCO,2025-02-15 13:19:00,AM,Sat,P-01417,45-54,F,paracetamol,Analgesic,False,Regular,650.0,mg,PO,650.0,PO,Given as prescribed,False,None,N/A,N/A,N/A,S-200,EN,16+ yr,BCMA scan,4,1:4,N/A
MA-018979,HGH,ICU,2025-02-16 02:42:00,AM,Sun,P-01220,75-84,F,prednisolone,Corticosteroid,False,Regular,20.0,mg,PO,20.0,PO,Given as prescribed,False,None,N/A,N/A,N/A,S-162,RN,8-15 yr,Single-nurse check,4,1:1,N/A
MA-019010,HGH,MAT,2025-02-16 12:56:00,PM,Sun,P-03427,25-34,F,olanzapine,Antipsychotic,False,Regular,15.0,mg,PO,15.0,PO,Given as prescribed,False,None,N/A,N/A,N/A,S-234,RN,8-15 yr,BCMA scan,1,1:5,N/A
MA-019022,HGH,5A-SURG,2025-02-16 15:41:00,AM,Sun,P-01529,75-84,M,pantoprazole,Proton pump inhibitor,False,Regular,25.0,mg,IV,25.0,IV,Given as prescribed,False,None,N/A,N/A,N/A,S-272,RN,4-7 yr,BCMA scan,3,1:6,N/A
MA-019091,HGH,6A-ONCO,2025-02-17 12:59:00,NIGHT,Mon,P-03239,55-64,F,heparin,Anticoagulant,True,STAT,18527.0,units,IV,18527.0,IV,Given as prescribed,False,None,N/A,N/A,N/A,S-250,NUM,1-3 yr,Independent double-check,4,1:6,N/A
MA-019099,HGH,ICU,2025-02-17 16:27:00,NIGHT,Mon,P-02699,45-54,M,metoclopramide,Antiemetic,False,Regular,10.0,mg,IV,10.0,IV,Given as prescribed,False,None,N/A,N/A,N/A,S-225,RN,4-7 yr,Single-nurse check,4,1:1,N/A
MA-019103,HGH,CCU,2025-02-17 18:30:00,PM,Mon,P-01384,65-74,M,azithromycin,Antibiotic,False,Regular,375.0,mg,PO,375.0,PO,Given as prescribed,False,None,N/A,N/A,N/A,S-181,EN,<1 yr,Single-nurse check,4,1:2,N/A
MA-019112,HGH,5A-SURG,2025-02-17 20:08:00,AM,Mon,P-03337,55-64,M,doxycycline,Antibiotic,False,Regular,125.0,mg,PO,125.0,PO,Given as prescribed,False,None,N/A,N/A,N/A,S-138,EN,4-7 yr,Single-nurse check,2,1:4,N/A
MA-019140,HGH,ICU,2025-02-18 05:54:00,AM,Tue,P-00829,18-24,F,metoclopramide,Antiemetic,False,Regular,10.0,mg,IV,10.0,IV,Given as prescribed,False,None,N/A,N/A,N/A,S-159,RN,8-15 yr,BCMA scan,3,1:2,N/A
MA-019200,HGH,5A-SURG,2025-02-18 18:26:00,AM,Tue,P-03729,55-64,M,paracetamol,Analgesic,False,PRN,875.0,mg,PO,875.0,PO,Given as prescribed,False,None,N/A,N/A,N/A,S-097,RN,16+ yr,Witnessed administration,3,1:6,N/A
MA-019276,HGH,PAED,2025-02-19 22:04:00,PM,Wed,P-03787,6-11,M,pantoprazole,Proton pump inhibitor,False,PRN,25.0,mg,IV,25.0,IV,Given as prescribed,False,None,N/A,N/A,N/A,S-305,EN,<1 yr,Witnessed administration,1,1:4,N/A
MA-019302,HGH,3C-ORTHO,2025-02-20 09:14:00,PM,Thu,P-01588,75-84,F,temazepam,Benzodiazepine,True,PRN,15.0,mg,PO,15.0,PO,Near-miss intercepted,True,Wrong time,B,Interruption/distraction,Before administration (checking),S-246,RN,4-7 yr,Independent double-check,2,1:5,N/A
MA-019322,HGH,ED,2025-02-20 12:10:00,PM,Thu,P-00352,55-64,F,piperacillin-tazobactam,Antibiotic,False,Once-only,4500.0,mg,IV,4500.0,IV,Given as prescribed,False,None,N/A,N/A,N/A,S-042,RN,4-7 yr,Independent double-check,3,1:4,N/A
MA-019330,HGH,3C-ORTHO,2025-02-20 13:23:00,AM,Thu,P-03696,45-54,M,warfarin,Anticoagulant,True,Once-only,5.0,mg,PO,5.0,PO,Given as prescribed,False,None,N/A,N/A,N/A,S-293,RN,4-7 yr,Independent double-check,3,1:5,N/A
MA-019375,HGH,4B-MED,2025-02-20 22:57:00,AM,Thu,P-00539,65-74,F,potassium chloride,Electrolyte,True,Regular,24.0,mmol,IV,24.0,IV,Given as prescribed,False,None,N/A,N/A,N/A,S-052,RN,1-3 yr,Independent double-check,3,1:5,N/A
MA-019379,HGH,CCU,2025-02-20 23:36:00,NIGHT,Thu,P-00489,75-84,M,ipratropium,Bronchodilator,False,Regular,495.0,mcg,INH,495.0,INH,Given as prescribed,False,None,N/A,N/A,N/A,S-099,RN,4-7 yr,Single-nurse check,4,1:1,N/A
MA-019407,HGH,ED,2025-02-21 08:47:00,AM,Fri,P-00620,35-44,M,azithromycin,Antibiotic,False,PRN,375.0,mg,PO,375.0,PO,Given as prescribed,False,None,N/A,N/A,N/A,S-247,RN,4-7 yr,BCMA scan,3,1:4,N/A
MA-019414,HGH,ED,2025-02-21 09:53:00,AM,Fri,P-01941,75-84,M,spironolactone,Diuretic,False,Regular,75.0,mg,PO,75.0,PO,Given as prescribed,False,None,N/A,N/A,N/A,S-036,EN,16+ yr,Single-nurse check,2,1:3,N/A
MA-019452,HGH,2B-NEURO,2025-02-21 17:38:00,AM,Fri,P-01212,75-84,M,morphine,Opioid,True,STAT,5.0,mg,SC,5.0,SC,Given as prescribed,False,None,N/A,N/A,N/A,S-176,RN,1-3 yr,Independent double-check,3,1:5,N/A
MA-019582,HGH,4B-MED,2025-02-23 10:29:00,NIGHT,Sun,P-01006,65-74,M,amlodipine,Antihypertensive,False,Regular,5.0,mg,PO,5.0,PO,Near-miss intercepted,True,Wrong time,A,Interruption/distraction,During administration,S-172,RN,4-7 yr,Single-nurse check,3,1:7,N/A
MA-019606,HGH,3C-ORTHO,2025-02-23 18:56:00,PM,Sun,P-01633,75-84,M,cyclizine,Antiemetic,False,PRN,50.0,mg,PO,50.0,PO,Given as prescribed,False,None,N/A,N/A,N/A,S-316,CNS,16+ yr,Single-nurse check,1,1:6,N/A
MA-019648,HGH,3C-ORTHO,2025-02-24 08:48:00,PM,Mon,P-00847,75-84,M,metformin,Other,False,Regular,575.0,mg,PO,0.0,PO,Withheld (clinical),False,None,N/A,N/A,N/A,S-313,RN,8-15 yr,Independent double-check,2,1:6,N/A
MA-019696,HGH,ICU,2025-02-24 18:56:00,PM,Mon,P-04493,65-74,F,quetiapine,Antipsychotic,False,Regular,125.0,mg,PO,125.0,SL,Error reached patient,True,Wrong route,E,Illegible/ambiguous order,Post-administration review,S-054,EN,8-15 yr,BCMA scan,4,1:1,"Minimal harm (temporary, no intervention)"
MA-019709,HGH,4B-MED,2025-02-24 22:12:00,NIGHT,Mon,P-01289,55-64,F,apixaban,Anticoagulant,True,Regular,4.0,mg,PO,4.0,PO,Given as prescribed,False,None,N/A,N/A,N/A,S-004,RN,<1 yr,Independent double-check,5,1:7,N/A
MA-019733,HGH,MAT,2025-02-25 06:58:00,PM,Tue,P-03138,18-24,F,tiotropium,Bronchodilator,False,Regular,20.0,mcg,INH,20.0,INH,Near-miss intercepted,True,Wrong time,B,Fatigue/workload,Before administration (checking),S-290,NUM,4-7 yr,Witnessed administration,1,1:6,N/A
MA-019774,HGH,6A-ONCO,2025-02-25 18:11:00,AM,Tue,P-00960,35-44,F,amlodipine,Antihypertensive,False,PRN,10.0,mg,PO,10.0,PO,Given as prescribed,False,None,N/A,N/A,N/A,S-274,RN,8-15 yr,BCMA scan,3,1:4,N/A
MA-019893,HGH,MAT,2025-02-27 06:57:00,AM,Thu,P-00038,35-44,F,metoclopramide,Antiemetic,False,Regular,10.0,mg,IV,0.0,IV,Omitted,True,Omitted dose,C,Fatigue/workload,Post-administration review,S-319,EN,4-7 yr,BCMA scan,2,1:5,N/A
MA-019969,HGH,4B-MED,2025-02-27 18:22:00,AM,Thu,P-00233,65-74,M,diazepam,Benzodiazepine,True,Regular,3.0,mg,PO,3.0,IM,Near-miss intercepted,True,Wrong route,B,Illegible/ambiguous order,Before administration (checking),S-101,RN,8-15 yr,Independent double-check,3,1:5,N/A
MA-019984,HGH,2B-NEURO,2025-02-27 22:56:00,PM,Thu,P-04160,55-64,F,prochlorperazine,Antiemetic,False,PRN,5.0,mg,PO,5.0,PO,Given as prescribed,False,None,N/A,N/A,N/A,S-238,RN,16+ yr,BCMA scan,3,1:5,N/A
MA-020047,HGH,ED,2025-02-28 20:02:00,AM,Fri,P-01249,25-34,M,azithromycin,Antibiotic,False,PRN,350.0,mg,PO,350.0,PO,Given as prescribed,False,None,N/A,N/A,N/A,S-015,EN,8-15 yr,Single-nurse check,2,1:4,N/A
MA-020070,HGH,MAT,2025-03-01 06:27:00,NIGHT,Sat,P-02896,25-34,F,fentanyl,Opioid,True,PRN,30.0,mcg,IV,0.0,IV,Near-miss intercepted,True,Omitted dose,A,Patient factors,Before administration (checking),S-307,RN,4-7 yr,Witnessed administration,1,1:5,N/A
MA-020084,HGH,4B-MED,2025-03-01 08:33:00,NIGHT,Sat,P-02411,35-44,F,ciprofloxacin,Antibiotic,False,Regular,425.0,mg,PO,425.0,PO,Given as prescribed,False,None,N/A,N/A,N/A,S-274,RN,8-15 yr,BCMA scan,2,1:7,N/A
MA-020147,HGH,6A-ONCO,2025-03-02 06:14:00,AM,Sun,P-04319,75-84,F,temazepam,Benzodiazepine,True,PRN,15.0,mg,PO,15.0,PO,Given as prescribed,False,None,N/A,N/A,N/A,S-110,NP,1-3 yr,Independent double-check,2,1:4,N/A
MA-020156,HGH,5A-SURG,2025-03-02 08:06:00,NIGHT,Sun,P-01799,55-64,M,carbamazepine,Antiepileptic,False,Regular,175.0,mg,PO,262.5,PO,Error reached patient,True,Wrong dose,F,Interruption/distraction,During administration,S-220,NUM,1-3 yr,Witnessed administration,2,1:7,Moderate harm (intervention required)
MA-020213,HGH,PAED,2025-03-02 22:33:00,AM,Sun,P-01191,6-11,M,benzylpenicillin,Antibiotic,False,Regular,2075.0,mg,IV,2075.0,IV,Given as prescribed,False,None,N/A,N/A,N/A,S-261,RN,8-15 yr,Independent double-check,3,1:4,N/A
MA-020237,HGH,3C-ORTHO,2025-03-03 06:55:00,NIGHT,Mon,P-00917,45-54,M,irbesartan,Antihypertensive,False,Once-only,200.0,mg,PO,200.0,PO,Given as prescribed,False,None,N/A,N/A,N/A,S-119,RN,1-3 yr,Independent double-check,2,1:7,N/A
MA-020250,HGH,5A-SURG,2025-03-03 09:48:00,NIGHT,Mon,P-02806,75-84,M,vancomycin,Antibiotic,False,PRN,700.0,mg,IV,700.0,IV,Given as prescribed,False,None,N/A,N/A,N/A,S-129,RN,8-15 yr,Single-nurse check,2,1:7,N/A
MA-020265,HGH,2B-NEURO,2025-03-03 12:33:00,PM,Mon,P-03274,45-54,F,levetiracetam,Antiepileptic,False,PRN,650.0,mg,PO,0.0,PO,Refused by patient,False,None,N/A,N/A,N/A,S-094,RN,8-15 yr,Independent double-check,3,1:5,N/A
MA-020300,HGH,4B-MED,2025-03-03 21:39:00,AM,Mon,P-02192,75-84,M,amlodipine,Antihypertensive,False,Regular,10.0,mg,PO,10.0,PO,Given as prescribed,False,None,N/A,N/A,N/A,S-258,RN,4-7 yr,Single-nurse check,2,1:5,N/A
MA-020301,HGH,5A-SURG,2025-03-03 21:41:00,NIGHT,Mon,P-04313,75-84,F,insulin aspart,Insulin,True,Regular,15.0,units,SC,15.0,SC,Given as prescribed,False,None,N/A,N/A,N/A,S-269,RN,4-7 yr,Independent double-check,2,1:7,N/A
MA-020317,HGH,5A-SURG,2025-03-04 04:39:00,NIGHT,Tue,P-00882,65-74,M,midazolam,Benzodiazepine,True,Regular,3.5,mg,IV,3.5,IV,Given as prescribed,False,None,N/A,N/A,N/A,S-157,RN,8-15 yr,Witnessed administration,1,1:7,N/A
MA-020447,HGH,6A-ONCO,2025-03-05 13:29:00,AM,Wed,P-02994,65-74,F,tramadol,Opioid,True,Once-only,75.0,mg,PO,0.0,PO,Withheld (clinical),False,None,N/A,N/A,N/A,S-228,EN,8-15 yr,Independent double-check,3,1:3,N/A
MA-020461,HGH,6A-ONCO,2025-03-05 18:11:00,PM,Wed,P-00820,55-64,M,morphine,Opioid,True,Regular,4.5,mg,SC,4.5,SC,Given as prescribed,False,None,N/A,N/A,N/A,S-045,NP,1-3 yr,Independent double-check,4,1:6,N/A
MA-020491,HGH,MAT,2025-03-06 04:10:00,NIGHT,Thu,P-02868,18-24,M,mirtazapine,Antidepressant,False,PRN,30.0,mg,PO,30.0,PO,Given as prescribed,False,None,N/A,N/A,N/A,S-262,RN,16+ yr,Single-nurse check,1,1:4,N/A
MA-020548,HGH,CCU,2025-03-06 18:06:00,AM,Thu,P-04458,45-54,M,glyceryl trinitrate,Antihypertensive,False,PRN,0.5,mg,SL,0.5,SL,Given as prescribed,False,None,N/A,N/A,N/A,S-259,RN,16+ yr,Single-nurse check,4,1:2,N/A
MA-020556,HGH,ICU,2025-03-06 18:52:00,AM,Thu,P-00853,75-84,F,hydromorphone,Opioid,True,Regular,1.5,mg,SC,1.5,SC,Given as prescribed,False,None,N/A,N/A,N/A,S-158,RN,8-15 yr,Independent double-check,4,1:1,N/A
MA-020582,HGH,3C-ORTHO,2025-03-07 07:41:00,PM,Fri,P-04118,45-54,F,vancomycin,Antibiotic,False,Regular,1275.0,mg,IV,1275.0,IV,Given as prescribed,False,None,N/A,N/A,N/A,S-098,CNS,8-15 yr,BCMA scan,2,1:6,N/A
MA-020678,HGH,4B-MED,2025-03-08 12:25:00,AM,Sat,P-02824,65-74,M,morphine,Opioid,True,PRN,10.0,mg,SC,10.0,SC,Given as prescribed,False,None,N/A,N/A,N/A,S-043,RN,16+ yr,Witnessed administration,1,1:4,N/A
MA-020683,HGH,4B-MED,2025-03-08 14:08:00,PM,Sat,P-01638,75-84,F,warfarin,Anticoagulant,True,Regular,5.0,mg,PO,5.0,PO,Given as prescribed,False,None,N/A,N/A,N/A,S-026,RN,8-15 yr,Witnessed administration,3,1:6,N/A
MA-020728,HGH,3C-ORTHO,2025-03-09 07:17:00,NIGHT,Sun,P-00482,65-74,M,phenytoin,Antiepileptic,True,PRN,225.0,mg,IV,225.0,IV,Near-miss intercepted,True,Wrong medication,A,LASA confusion,Before administration (checking),S-001,RN,8-15 yr,Independent double-check,2,1:8,N/A
MA-020735,HGH,ED,2025-03-09 09:05:00,PM,Sun,P-04157,65-74,M,rivaroxaban,Anticoagulant,True,PRN,15.0,mg,PO,15.0,PO,Given as prescribed,False,None,N/A,N/A,N/A,S-262,RN,4-7 yr,Independent double-check,2,1:5,N/A
MA-020740,HGH,CCU,2025-03-09 10:22:00,AM,Sun,P-00555,35-44,F,ciprofloxacin,Antibiotic,False,Regular,325.0,mg,PO,325.0,PO,Given as prescribed,False,None,N/A,N/A,N/A,S-320,RN,8-15 yr,Independent double-check,4,1:2,N/A
MA-020741,HGH,4B-MED,2025-03-09 10:29:00,PM,Sun,P-03113,65-74,M,potassium chloride,Electrolyte,True,Regular,11.0,mmol,IV,11.0,IV,Given as prescribed,False,None,N/A,N/A,N/A,S-108,EN,16+ yr,Independent double-check,3,1:5,N/A
MA-020753,HGH,6A-ONCO,2025-03-09 12:52:00,NIGHT,Sun,P-03507,65-74,M,amoxicillin,Antibiotic,False,PRN,775.0,mg,PO,775.0,PO,Given as prescribed,False,None,N/A,N/A,N/A,S-023,EN,8-15 yr,BCMA scan,3,1:6,N/A
MA-020809,HGH,PAED,2025-03-10 08:40:00,AM,Mon,P-02114,12-17,F,paracetamol,Analgesic,False,Once-only,1000.0,mg,PO,1000.0,PO,Given as prescribed,False,None,N/A,N/A,N/A,S-257,EN,<1 yr,Independent double-check,3,1:5,N/A
MA-020813,HGH,6A-ONCO,2025-03-10 09:29:00,AM,Mon,P-00316,65-74,F,salbutamol,Bronchodilator,False,PRN,1085.0,mcg,INH,1085.0,INH,Error reached patient,True,Wrong time,C,Interruption/distraction,Routine monitoring/bloods,S-101,CNS,8-15 yr,Single-nurse check,3,1:4,No harm
MA-020826,HGH,2B-NEURO,2025-03-10 12:41:00,PM,Mon,P-04145,25-34,F,heparin,Anticoagulant,True,Regular,18405.0,units,IV,18405.0,IV,Given as prescribed,False,None,N/A,N/A,N/A,S-319,RN,1-3 yr,Independent double-check,3,1:5,N/A
MA-020827,HGH,CCU,2025-03-10 12:55:00,AM,Mon,P-04347,85+,M,ipratropium,Bronchodilator,False,PRN,340.0,mcg,INH,340.0,INH,Given as prescribed,False,None,N/A,N/A,N/A,S-272,EN,4-7 yr,BCMA scan,3,1:2,N/A
MA-020845,HGH,CCU,2025-03-10 19:29:00,AM,Mon,P-00022,85+,F,haloperidol,Antipsychotic,False,Regular,3.5,mg,PO,3.5,PO,Given as prescribed,False,None,N/A,N/A,N/A,S-012,RN,1-3 yr,Witnessed administration,3,1:2,N/A
MA-020850,HGH,3C-ORTHO,2025-03-10 20:28:00,AM,Mon,P-02809,55-64,F,potassium chloride,Electrolyte,True,Once-only,23.0,mmol,IV,23.0,IV,Given as prescribed,False,None,N/A,N/A,N/A,S-171,RN,4-7 yr,Independent double-check,2,1:6,N/A
MA-020863,HGH,MAT,2025-03-10 23:46:00,AM,Mon,P-00975,35-44,M,colchicine,Other,False,Regular,0.5,mg,PO,0.5,PO,Given as prescribed,False,None,N/A,N/A,N/A,S-086,EN,4-7 yr,Single-nurse check,2,1:5,N/A
MA-020876,HGH,2B-NEURO,2025-03-11 05:55:00,AM,Tue,P-02835,75-84,F,lorazepam,Benzodiazepine,True,Regular,2.0,mg,PO,2.0,PO,Given as prescribed,False,None,N/A,N/A,N/A,S-119,RN,<1 yr,Independent double-check,3,1:5,N/A
MA-020917,HGH,5A-SURG,2025-03-11 10:50:00,PM,Tue,P-02633,55-64,F,paracetamol,Analgesic,False,Regular,800.0,mg,PO,800.0,PO,Given as prescribed,False,None,N/A,N/A,N/A,S-046,RN,4-7 yr,Witnessed administration,3,1:4,N/A
MA-020923,HGH,4B-MED,2025-03-11 11:29:00,PM,Tue,P-00281,35-44,M,salbutamol,Bronchodilator,False,Once-only,2770.0,mcg,INH,2770.0,INH,Near-miss intercepted,True,Wrong time,A,Fatigue/workload,Before administration (checking),S-093,RN,<1 yr,Independent double-check,2,1:6,N/A
MA-020961,HGH,PAED,2025-03-11 19:27:00,PM,Tue,P-00419,6-11,M,ipratropium,Bronchodilator,False,Once-only,340.0,mcg,INH,340.0,INH,Given as prescribed,False,None,N/A,N/A,N/A,S-249,RN,8-15 yr,BCMA scan,2,1:3,N/A
MA-020990,HGH,2B-NEURO,2025-03-12 06:04:00,NIGHT,Wed,P-04184,75-84,M,perindopril,Antihypertensive,False,Regular,5.0,mg,PO,5.0,PO,Given as prescribed,False,None,N/A,N/A,N/A,S-237,RN,16+ yr,Single-nurse check,2,1:6,N/A
MA-021024,HGH,2B-NEURO,2025-03-12 11:28:00,PM,Wed,P-01341,55-64,M,warfarin,Anticoagulant,True,Regular,5.0,mg,PO,5.0,PO,Given as prescribed,False,None,N/A,N/A,N/A,S-050,EN,16+ yr,Independent double-check,2,1:5,N/A
MA-021026,HGH,6A-ONCO,2025-03-12 12:30:00,AM,Wed,P-00375,25-34,F,diazepam,Benzodiazepine,True,PRN,4.0,mg,PO,4.0,PO,Given as prescribed,False,None,N/A,N/A,N/A,S-058,EN,<1 yr,Independent double-check,3,1:5,N/A
MA-021035,HGH,5A-SURG,2025-03-12 16:54:00,PM,Wed,P-04261,75-84,F,cephalexin,Antibiotic,False,Regular,300.0,mg,PO,300.0,PO,Given as prescribed,False,None,N/A,N/A,N/A,S-072,RN,4-7 yr,Single-nurse check,3,1:5,N/A
MA-021115,HGH,MAT,2025-03-13 16:32:00,NIGHT,Thu,P-00532,18-24,F,insulin glargine,Insulin,True,Regular,10.0,units,SC,10.0,SC,Given as prescribed,False,None,N/A,N/A,N/A,S-054,RN,8-15 yr,Independent double-check,2,1:5,N/A
MA-021189,HGH,CCU,2025-03-14 13:55:00,PM,Fri,P-01392,75-84,F,oxycodone,Opioid,True,Once-only,10.0,mg,PO,10.0,PO,Given as prescribed,False,None,N/A,N/A,N/A,S-132,RN,8-15 yr,Independent double-check,3,1:2,N/A
MA-021233,HGH,5A-SURG,2025-03-15 07:33:00,PM,Sat,P-03706,75-84,F,salbutamol,Bronchodilator,False,Regular,420.0,mcg,INH,420.0,INH,Given as prescribed,False,None,N/A,N/A,N/A,S-285,RN,1-3 yr,BCMA scan,3,1:5,N/A
MA-021258,HGH,5A-SURG,2025-03-15 10:38:00,AM,Sat,P-00152,65-74,M,gentamicin,Antibiotic,True,PRN,300.0,mg,IV,300.0,IV,Error reached patient,True,Wrong time,D,Illegible/ambiguous order,Patient/family reported,S-034,NP,4-7 yr,Independent double-check,2,1:5,No harm
MA-021320,HGH,5A-SURG,2025-03-16 08:04:00,NIGHT,Sun,P-02267,55-64,M,sodium chloride 0.9%,Electrolyte,False,PRN,850.0,mL,IV,850.0,IV,Given as prescribed,False,None,N/A,N/A,N/A,S-178,NUM,8-15 yr,Single-nurse check,1,1:7,N/A
MA-021356,HGH,6A-ONCO,2025-03-16 15:20:00,PM,Sun,P-03857,65-74,M,potassium chloride,Electrolyte,True,Regular,24.0,mmol,IV,0.0,IV,Withheld (clinical),False,None,N/A,N/A,N/A,S-309,RN,16+ yr,Independent double-check,3,1:5,N/A
MA-021360,HGH,2B-NEURO,2025-03-16 16:25:00,PM,Sun,P-03529,45-54,M,perindopril,Antihypertensive,False,Regular,5.0,mg,PO,5.0,PO,Given as prescribed,False,None,N/A,N/A,N/A,S-022,NUM,8-15 yr,BCMA scan,3,1:6,N/A
MA-021483,HGH,6A-ONCO,2025-03-18 10:49:00,PM,Tue,P-00052,75-84,F,ceftriaxone,Antibiotic,False,PRN,1350.0,mg,IV,1350.0,IV,Given as prescribed,False,None,N/A,N/A,N/A,S-076,RN,8-15 yr,BCMA scan,4,1:5,N/A
MA-021521,HGH,5A-SURG,2025-03-18 21:01:00,NIGHT,Tue,P-04122,65-74,M,ipratropium,Bronchodilator,False,Regular,470.0,mcg,INH,470.0,INH,Given as prescribed,False,None,N/A,N/A,N/A,S-014,RN,4-7 yr,BCMA scan,2,1:7,N/A
MA-021539,HGH,4B-MED,2025-03-19 00:11:00,NIGHT,Wed,P-02713,75-84,F,esomeprazole,Proton pump inhibitor,False,Regular,25.0,mg,PO,25.0,PO,Near-miss intercepted,True,Wrong time,A,Handover communication gap,Before administration (checking),S-054,NP,1-3 yr,BCMA scan,3,1:7,N/A
MA-021549,HGH,2B-NEURO,2025-03-19 06:18:00,AM,Wed,P-01256,55-64,F,apixaban,Anticoagulant,True,STAT,3.0,mg,PO,3.0,PO,Error reached patient,True,Wrong time,D,Patient factors,During administration,S-226,EN,8-15 yr,Independent double-check,3,1:5,No harm
MA-021602,HGH,4B-MED,2025-03-19 14:43:00,PM,Wed,P-01433,75-84,M,pantoprazole,Proton pump inhibitor,False,Regular,25.0,mg,IV,25.0,IV,Given as prescribed,False,None,N/A,N/A,N/A,S-282,EN,16+ yr,BCMA scan,3,1:6,N/A
MA-021616,HGH,4B-MED,2025-03-19 19:49:00,AM,Wed,P-02338,75-84,F,docusate,Other,False,PRN,450.0,mg,PO,450.0,PO,Given as prescribed,False,None,N/A,N/A,N/A,S-205,RN,<1 yr,Single-nurse check,4,1:5,N/A
MA-021642,HGH,4B-MED,2025-03-20 04:43:00,PM,Thu,P-00670,65-74,M,insulin glargine,Insulin,True,Regular,14.0,units,SC,14.0,SC,Given as prescribed,False,None,N/A,N/A,N/A,S-309,RN,4-7 yr,Witnessed administration,2,1:6,N/A
MA-021829,HGH,ICU,2025-03-22 08:42:00,PM,Sat,P-00864,45-54,M,warfarin,Anticoagulant,True,PRN,10.0,mg,PO,10.0,PO,Near-miss intercepted,True,Wrong time,B,LASA confusion,Before administration (checking),S-152,EN,8-15 yr,Witnessed administration,2,1:1,N/A
MA-021832,HGH,4B-MED,2025-03-22 09:22:00,PM,Sat,P-04133,35-44,M,benzylpenicillin,Antibiotic,False,PRN,2325.0,mg,IV,2325.0,IV,Given as prescribed,False,None,N/A,N/A,N/A,S-018,RN,1-3 yr,Independent double-check,3,1:6,N/A
MA-021875,HGH,4B-MED,2025-03-22 20:08:00,NIGHT,Sat,P-02942,65-74,M,tiotropium,Bronchodilator,False,Regular,20.0,mcg,INH,20.0,INH,Error reached patient,True,Wrong time,C,Fatigue/workload,Routine monitoring/bloods,S-249,RN,8-15 yr,Single-nurse check,2,1:7,No harm
MA-021890,HGH,4B-MED,2025-03-23 00:51:00,PM,Sun,P-03494,75-84,M,docusate,Other,False,Regular,400.0,mg,PO,0.0,PO,Near-miss intercepted,True,Omitted dose,B,Interruption/distraction,Before administration (checking),S-187,EN,16+ yr,Single-nurse check,3,1:6,N/A
MA-021917,HGH,PAED,2025-03-23 10:34:00,AM,Sun,P-00882,0-5,M,temazepam,Benzodiazepine,True,STAT,20.0,mg,PO,20.0,PO,Given as prescribed,False,None,N/A,N/A,N/A,S-217,RN,8-15 yr,Independent double-check,2,1:4,N/A
MA-021951,HGH,4B-MED,2025-03-23 22:55:00,AM,Sun,P-00925,25-34,F,morphine,Opioid,True,Regular,15.0,mg,SC,15.0,SC,Given as prescribed,False,None,N/A,N/A,N/A,S-238,RN,8-15 yr,Independent double-check,2,1:5,N/A
MA-021998,HGH,3C-ORTHO,2025-03-24 11:43:00,PM,Mon,P-04276,55-64,F,meropenem,Antibiotic,False,Regular,1575.0,mg,IV,1575.0,IV,Given as prescribed,False,None,N/A,N/A,N/A,S-202,CNS,8-15 yr,Independent double-check,2,1:7,N/A
MA-022000,HGH,5A-SURG,2025-03-24 12:02:00,AM,Mon,P-01651,75-84,F,olanzapine,Antipsychotic,False,Once-only,5.0,mg,PO,5.0,PO,Given as prescribed,False,None,N/A,N/A,N/A,S-159,RN,8-15 yr,Single-nurse check,2,1:5,N/A
MA-022115,HGH,6A-ONCO,2025-03-25 17:05:00,PM,Tue,P-02141,55-64,M,enoxaparin,Anticoagulant,True,PRN,50.0,mg,SC,0.0,SC,Withheld (clinical),False,None,N/A,N/A,N/A,S-041,EN,1-3 yr,Independent double-check,2,1:5,N/A
MA-022138,HGH,6A-ONCO,2025-03-26 05:08:00,PM,Wed,P-00852,75-84,X,prednisolone,Corticosteroid,False,STAT,35.0,mg,PO,35.0,PO,Given as prescribed,False,None,N/A,N/A,N/A,S-232,EN,<1 yr,Single-nurse check,4,1:5,N/A
MA-022190,HGH,ICU,2025-03-26 17:52:00,AM,Wed,P-03920,55-64,M,enoxaparin,Anticoagulant,True,Regular,75.0,mg,SC,75.0,SC,Given as prescribed,False,None,N/A,N/A,N/A,S-231,EN,8-15 yr,Independent double-check,3,1:2,N/A
MA-022210,HGH,ED,2025-03-26 23:20:00,AM,Wed,P-03384,25-34,M,potassium chloride,Electrolyte,True,Regular,38.0,mmol,IV,38.0,IV,Error reached patient,True,Extra dose,D,System/equipment failure,Patient/family reported,S-307,NUM,8-15 yr,Independent double-check,3,1:4,No harm
MA-022235,HGH,5A-SURG,2025-03-27 09:48:00,AM,Thu,P-01064,75-84,M,salbutamol,Bronchodilator,False,Once-only,3965.0,mcg,INH,3965.0,INH,Given as prescribed,False,None,N/A,N/A,N/A,S-145,RN,16+ yr,Single-nurse check,3,1:4,N/A
MA-022270,HGH,CCU,2025-03-27 18:03:00,NIGHT,Thu,P-02971,55-64,F,paracetamol,Analgesic,False,Regular,525.0,mg,PO,525.0,PO,Given as prescribed,False,None,N/A,N/A,N/A,S-021,RN,<1 yr,Single-nurse check,3,1:2,N/A
MA-022285,HGH,3C-ORTHO,2025-03-27 20:33:00,PM,Thu,P-00589,18-24,M,sodium chloride 0.9%,Electrolyte,False,Regular,600.0,mL,IV,600.0,IV,Given as prescribed,False,None,N/A,N/A,N/A,S-140,RN,1-3 yr,BCMA scan,2,1:6,N/A
MA-022416,HGH,5A-SURG,2025-03-29 15:55:00,NIGHT,Sat,P-01319,75-84,F,amlodipine,Antihypertensive,False,Regular,10.0,mg,PO,0.0,PO,Withheld (clinical),False,None,N/A,N/A,N/A,S-208,RN,4-7 yr,BCMA scan,2,1:7,N/A
MA-022428,HGH,MAT,2025-03-29 22:26:00,AM,Sat,P-01372,18-24,M,ondansetron,Antiemetic,False,Regular,5.0,mg,IV,5.0,IV,Near-miss intercepted,True,Wrong medication,B,LASA confusion,Routine monitoring/bloods,S-014,EN,1-3 yr,Witnessed administration,1,1:3,N/A
MA-022437,HGH,PAED,2025-03-30 03:20:00,AM,Sun,P-00435,6-11,F,metoclopramide,Antiemetic,False,Regular,10.0,mg,IV,10.0,IV,Given as prescribed,False,None,N/A,N/A,N/A,S-152,RN,1-3 yr,Single-nurse check,2,1:4,N/A
MA-022460,HGH,ICU,2025-03-30 10:00:00,NIGHT,Sun,P-00484,35-44,F,levetiracetam,Antiepileptic,False,Regular,575.0,mg,PO,575.0,PO,Given as prescribed,False,None,N/A,N/A,N/A,S-164,RN,8-15 yr,Single-nurse check,4,1:1,N/A
MA-022511,HGH,PAED,2025-03-31 04:42:00,AM,Mon,P-00889,0-5,M,allopurinol,Other,False,Regular,250.0,mg,PO,250.0,PO,Given as prescribed,False,None,N/A,N/A,N/A,S-225,RN,16+ yr,BCMA scan,1,1:4,N/A
MA-022569,HGH,CCU,2025-03-31 21:49:00,PM,Mon,P-00330,65-74,M,perindopril,Antihypertensive,False,PRN,10.0,mg,PO,10.0,PO,Given as prescribed,False,None,N/A,N/A,N/A,S-047,RN,4-7 yr,Witnessed administration,3,1:2,N/A
MA-022588,HGH,2B-NEURO,2025-04-01 00:40:00,PM,Tue,P-02826,65-74,F,haloperidol,Antipsychotic,False,STAT,1.0,mg,PO,1.0,PO,Given as prescribed,False,None,N/A,N/A,N/A,S-255,RN,<1 yr,Single-nurse check,3,1:5,N/A
MA-022598,HGH,3C-ORTHO,2025-04-01 06:36:00,AM,Tue,P-02399,75-84,M,haloperidol,Antipsychotic,False,STAT,4.0,mg,PO,4.0,PO,Given as prescribed,False,None,N/A,N/A,N/A,S-237,RN,1-3 yr,BCMA scan,2,1:5,N/A
MA-022654,HGH,3C-ORTHO,2025-04-01 16:58:00,AM,Tue,P-01154,75-84,M,sodium chloride 0.9%,Electrolyte,False,PRN,650.0,mL,IV,650.0,IV,Given as prescribed,False,None,N/A,N/A,N/A,S-067,NP,1-3 yr,Witnessed administration,2,1:5,N/A
MA-022760,HGH,PAED,2025-04-02 21:32:00,PM,Wed,P-03856,6-11,F,omeprazole,Proton pump inhibitor,False,Once-only,20.0,mg,PO,20.0,PO,Given as prescribed,False,None,N/A,N/A,N/A,S-049,RN,4-7 yr,Single-nurse check,1,1:4,N/A
MA-022834,HGH,2B-NEURO,2025-04-03 19:56:00,AM,Thu,P-02830,45-54,F,cyclizine,Antiemetic,False,Regular,50.0,mg,PO,50.0,PO,Given as prescribed,False,None,N/A,N/A,N/A,S-122,RN,16+ yr,Single-nurse check,3,1:5,N/A
MA-022854,HGH,ED,2025-04-04 00:08:00,NIGHT,Fri,P-00096,55-64,F,paracetamol,Analgesic,False,STAT,625.0,mg,PO,625.0,PO,Given as prescribed,False,None,N/A,N/A,N/A,S-025,EN,<1 yr,BCMA scan,2,1:5,N/A
MA-022970,HGH,ED,2025-04-05 08:38:00,PM,Sat,P-00397,65-74,F,temazepam,Benzodiazepine,True,Regular,20.0,mg,PO,20.0,PO,Given as prescribed,False,None,N/A,N/A,N/A,S-215,EN,<1 yr,Independent double-check,2,1:3,N/A
MA-022974,HGH,5A-SURG,2025-04-05 08:58:00,NIGHT,Sat,P-02891,18-24,F,aspirin,Antiplatelet,False,Regular,225.0,mg,PO,225.0,PO,Given as prescribed,False,None,N/A,N/A,N/A,S-023,RN,4-7 yr,Single-nurse check,2,1:8,N/A
MA-023023,HGH,3C-ORTHO,2025-04-06 06:04:00,AM,Sun,P-01441,85+,F,apixaban,Anticoagulant,True,Regular,3.5,mg,PO,3.5,PO,Given as prescribed,False,None,N/A,N/A,N/A,S-308,RN,<1 yr,Independent double-check,1,1:5,N/A
MA-023150,HGH,PAED,2025-04-07 22:46:00,NIGHT,Mon,P-02539,0-5,F,potassium chloride,Electrolyte,True,Regular,31.0,mmol,IV,31.0,IV,Given as prescribed,False,None,N/A,N/A,N/A,S-004,CNS,8-15 yr,Independent double-check,2,1:5,N/A
MA-023167,HGH,5A-SURG,2025-04-08 07:24:00,AM,Tue,P-04063,45-54,M,pantoprazole,Proton pump inhibitor,False,Regular,30.0,mg,IV,30.0,IV,Given as prescribed,False,None,N/A,N/A,N/A,S-097,RN,8-15 yr,BCMA scan,3,1:5,N/A
MA-023179,HGH,3C-ORTHO,2025-04-08 09:14:00,PM,Tue,P-03316,85+,M,sodium chloride 0.9%,Electrolyte,False,PRN,850.0,mL,IV,850.0,IV,Given as prescribed,False,None,N/A,N/A,N/A,S-282,RN,8-15 yr,Single-nurse check,2,1:6,N/A
MA-023186,HGH,PAED,2025-04-08 10:10:00,PM,Tue,P-03652,12-17,M,piperacillin-tazobactam,Antibiotic,False,STAT,4500.0,mg,IV,9000.0,IV,Error reached patient,True,Wrong dose,D,System/equipment failure,Post-administration review,S-130,RN,1-3 yr,Witnessed administration,2,1:4,No harm
MA-023286,HGH,6A-ONCO,2025-04-09 13:43:00,AM,Wed,P-01991,75-84,F,tramadol,Opioid,True,Regular,75.0,mg,PO,75.0,PO,Given as prescribed,False,None,N/A,N/A,N/A,S-179,EN,4-7 yr,Independent double-check,3,1:4,N/A
MA-023431,HGH,4B-MED,2025-04-11 08:21:00,NIGHT,Fri,P-03904,55-64,F,clopidogrel,Antiplatelet,False,Regular,75.0,mg,PO,75.0,PO,Given as prescribed,False,None,N/A,N/A,N/A,S-175,CNS,<1 yr,Single-nurse check,2,1:6,N/A
MA-023437,HGH,MAT,2025-04-11 08:56:00,AM,Fri,P-01994,25-34,F,midazolam,Benzodiazepine,True,PRN,3.5,mg,IV,3.5,IV,Given as prescribed,False,None,N/A,N/A,N/A,S-153,RN,16+ yr,Independent double-check,2,1:5,N/A
MA-023586,HGH,4B-MED,2025-04-13 06:17:00,AM,Sun,P-04281,65-74,M,sodium chloride 0.9%,Electrolyte,False,PRN,900.0,mL,IV,900.0,IV,Given as prescribed,False,None,N/A,N/A,N/A,S-198,RN,8-15 yr,BCMA scan,2,1:5,N/A
MA-023599,HGH,ICU,2025-04-13 08:22:00,PM,Sun,P-00761,85+,M,cephalexin,Antibiotic,False,Regular,500.0,mg,PO,500.0,PO,Given as prescribed,False,None,N/A,N/A,N/A,S-179,RN,4-7 yr,Witnessed administration,4,1:1,N/A
MA-023633,HGH,5A-SURG,2025-04-13 14:55:00,AM,Sun,P-02818,65-74,F,simvastatin,Other,False,PRN,30.0,mg,PO,0.0,PO,Refused by patient,False,None,N/A,N/A,N/A,S-156,EN,4-7 yr,Single-nurse check,3,1:6,N/A
MA-023660,HGH,4B-MED,2025-04-14 06:31:00,AM,Mon,P-02403,18-24,F,quetiapine,Antipsychotic,False,PRN,225.0,mg,PO,225.0,PO,Given as prescribed,False,None,N/A,N/A,N/A,S-137,RN,<1 yr,Independent double-check,3,1:5,N/A
MA-023689,HGH,4B-MED,2025-04-14 13:35:00,PM,Mon,P-01035,65-74,M,prochlorperazine,Antiemetic,False,PRN,10.0,mg,PO,10.0,PO,Given as prescribed,False,None,N/A,N/A,N/A,S-030,RN,1-3 yr,Independent double-check,2,1:6,N/A
MA-023696,HGH,6A-ONCO,2025-04-14 16:20:00,AM,Mon,P-02476,75-84,M,dexamethasone,Corticosteroid,False,Regular,5.0,mg,IV,5.0,IV,Given as prescribed,False,None,N/A,N/A,N/A,S-312,RN,1-3 yr,Witnessed administration,3,1:4,N/A
MA-023714,HGH,6A-ONCO,2025-04-14 21:57:00,NIGHT,Mon,P-02669,45-54,F,ramipril,Antihypertensive,False,Once-only,3.5,mg,PO,3.5,PO,Given as prescribed,False,None,N/A,N/A,N/A,S-199,RN,8-15 yr,Independent double-check,3,1:7,N/A
MA-023762,HGH,PAED,2025-04-15 11:22:00,AM,Tue,P-02130,0-5,F,fentanyl,Opioid,True,Regular,85.0,mcg,IV,85.0,IV,Given as prescribed,False,None,N/A,N/A,N/A,S-294,RN,1-3 yr,Independent double-check,2,1:4,N/A
MA-023769,HGH,ED,2025-04-15 12:48:00,PM,Tue,P-00398,85+,M,mirtazapine,Antidepressant,False,PRN,40.0,mg,PO,0.0,PO,Withheld (clinical),False,None,N/A,N/A,N/A,S-113,NP,4-7 yr,BCMA scan,2,1:4,N/A
MA-023845,HGH,3C-ORTHO,2025-04-16 12:03:00,PM,Wed,P-02025,65-74,F,salbutamol,Bronchodilator,False,PRN,190.0,mcg,INH,190.0,INH,Given as prescribed,False,None,N/A,N/A,N/A,S-144,RN,4-7 yr,Witnessed administration,2,1:6,N/A
MA-024003,HGH,ED,2025-04-18 08:37:00,PM,Fri,P-03494,45-54,M,pantoprazole,Proton pump inhibitor,False,Regular,35.0,mg,IV,0.0,IV,Near-miss intercepted,True,Omitted dose,B,Illegible/ambiguous order,Before administration (checking),S-113,RN,1-3 yr,Single-nurse check,2,1:4,N/A
MA-024032,HGH,3C-ORTHO,2025-04-18 12:57:00,AM,Fri,P-03417,75-84,F,irbesartan,Antihypertensive,False,PRN,200.0,mg,PO,0.0,PO,Near-miss intercepted,True,Omitted dose,A,Handover communication gap,Post-administration review,S-066,EN,8-15 yr,BCMA scan,1,1:5,N/A
MA-024074,HGH,4B-MED,2025-04-19 06:51:00,NIGHT,Sat,P-02572,45-54,F,sodium chloride 0.9%,Electrolyte,False,Regular,500.0,mL,IV,500.0,IV,Given as prescribed,False,None,N/A,N/A,N/A,S-158,RN,4-7 yr,Single-nurse check,2,1:8,N/A
MA-024120,HGH,CCU,2025-04-19 20:17:00,AM,Sat,P-01749,75-84,M,sodium valproate,Antiepileptic,False,STAT,250.0,mg,PO,0.0,PO,Withheld (clinical),False,None,N/A,N/A,N/A,S-239,NP,1-3 yr,Witnessed administration,3,1:2,N/A
MA-024150,HGH,CCU,2025-04-20 08:41:00,PM,Sun,P-00199,45-54,F,azithromycin,Antibiotic,False,STAT,300.0,mg,PO,300.0,PO,Given as prescribed,False,None,N/A,N/A,N/A,S-180,RN,16+ yr,Witnessed administration,3,1:2,N/A
MA-024152,HGH,4B-MED,2025-04-20 08:43:00,NIGHT,Sun,P-04039,45-54,F,insulin glargine,Insulin,True,Regular,46.0,units,SC,46.0,SC,Given as prescribed,False,None,N/A,N/A,N/A,S-280,RN,16+ yr,Independent double-check,3,1:6,N/A
MA-024197,HGH,ED,2025-04-20 23:28:00,AM,Sun,P-01329,45-54,F,insulin neutral,Insulin,True,Regular,18.0,units,SC,18.0,SC,Given as prescribed,False,None,N/A,N/A,N/A,S-293,RN,<1 yr,Independent double-check,3,1:4,N/A
MA-024232,HGH,5A-SURG,2025-04-21 09:11:00,NIGHT,Mon,P-04068,45-54,M,metformin,Other,False,Once-only,700.0,mg,PO,700.0,PO,Given as prescribed,False,None,N/A,N/A,N/A,S-145,RN,<1 yr,Single-nurse check,2,1:7,N/A
MA-024264,HGH,4B-MED,2025-04-21 17:59:00,NIGHT,Mon,P-00347,35-44,F,hydrocortisone,Corticosteroid,False,STAT,125.0,mg,IV,0.0,IV,Withheld (clinical),False,None,N/A,N/A,N/A,S-188,RN,8-15 yr,BCMA scan,3,1:7,N/A
MA-024267,HGH,5A-SURG,2025-04-21 18:32:00,PM,Mon,P-01523,85+,M,irbesartan,Antihypertensive,False,PRN,175.0,mg,PO,175.0,PO,Given as prescribed,False,None,N/A,N/A,N/A,S-238,EN,16+ yr,BCMA scan,2,1:5,N/A
MA-024279,HGH,CCU,2025-04-21 21:05:00,PM,Mon,P-04187,65-74,M,paracetamol,Analgesic,False,PRN,950.0,mg,PO,950.0,PO,Given as prescribed,False,None,N/A,N/A,N/A,S-285,NP,4-7 yr,Independent double-check,4,1:2,N/A
MA-024303,HGH,3C-ORTHO,2025-04-22 07:48:00,NIGHT,Tue,P-04165,25-34,M,lactulose,Other,False,PRN,0.0,mL,PO,0.0,PO,Withheld (clinical),False,None,N/A,N/A,N/A,S-032,EN,8-15 yr,Single-nurse check,2,1:8,N/A
MA-024324,HGH,PAED,2025-04-22 10:44:00,AM,Tue,P-02140,12-17,F,sodium chloride 0.9%,Electrolyte,False,STAT,650.0,mL,IV,650.0,IV,Given as prescribed,False,None,N/A,N/A,N/A,S-306,RN,8-15 yr,BCMA scan,2,1:4,N/A
MA-024332,HGH,5A-SURG,2025-04-22 12:08:00,AM,Tue,P-00245,65-74,F,gentamicin,Antibiotic,True,Regular,125.0,mg,IV,125.0,IV,Given as prescribed,False,None,N/A,N/A,N/A,S-050,RN,16+ yr,Independent double-check,2,1:6,N/A
MA-024352,HGH,4B-MED,2025-04-22 16:06:00,AM,Tue,P-03451,45-54,M,simvastatin,Other,False,Regular,35.0,mg,PO,35.0,PO,Given as prescribed,False,None,N/A,N/A,N/A,S-049,EN,16+ yr,Single-nurse check,2,1:5,N/A
MA-024368,HGH,ICU,2025-04-22 21:35:00,PM,Tue,P-03128,18-24,M,salbutamol,Bronchodilator,False,Regular,2195.0,mcg,INH,2195.0,INH,Given as prescribed,False,None,N/A,N/A,N/A,S-307,RN,8-15 yr,Single-nurse check,3,1:1,N/A
MA-024470,HGH,5A-SURG,2025-04-24 08:04:00,PM,Thu,P-02331,55-64,M,atenolol,Antihypertensive,False,PRN,75.0,mg,PO,75.0,PO,Given as prescribed,False,None,N/A,N/A,N/A,S-014,RN,8-15 yr,BCMA scan,2,1:5,N/A
MA-024487,HGH,3C-ORTHO,2025-04-24 10:53:00,PM,Thu,P-04315,75-84,M,omeprazole,Proton pump inhibitor,False,Regular,25.0,mg,PO,25.0,PO,Given as prescribed,False,None,N/A,N/A,N/A,S-216,RN,16+ yr,BCMA scan,2,1:6,N/A
MA-024491,HGH,6A-ONCO,2025-04-24 11:33:00,PM,Thu,P-01946,75-84,F,salbutamol,Bronchodilator,False,Regular,4550.0,mcg,INH,4550.0,INH,Near-miss intercepted,True,Wrong medication,A,System/equipment failure,During administration,S-238,RN,8-15 yr,Independent double-check,2,1:5,N/A
MA-024537,HGH,6A-ONCO,2025-04-25 00:25:00,NIGHT,Fri,P-00540,75-84,F,carbamazepine,Antiepileptic,False,PRN,175.0,mg,PO,0.0,PO,Withheld (clinical),False,None,N/A,N/A,N/A,S-319,RN,4-7 yr,Single-nurse check,3,1:6,N/A
MA-024558,HGH,PAED,2025-04-25 08:22:00,AM,Fri,P-02579,12-17,F,pantoprazole,Proton pump inhibitor,False,Regular,25.0,mg,IV,25.0,IV,Given as prescribed,False,None,N/A,N/A,N/A,S-277,EN,8-15 yr,Single-nurse check,1,1:4,N/A
MA-024569,HGH,4B-MED,2025-04-25 09:55:00,PM,Fri,P-03146,25-34,M,benzylpenicillin,Antibiotic,False,Once-only,1450.0,mg,IV,1450.0,IV,Given as prescribed,False,None,N/A,N/A,N/A,S-021,RN,1-3 yr,Single-nurse check,2,1:6,N/A
MA-024634,HGH,6A-ONCO,2025-04-25 23:07:00,PM,Fri,P-00230,75-84,F,amitriptyline,Antidepressant,False,PRN,75.0,mg,PO,150.0,PO,Error reached patient,True,Wrong dose,D,Fatigue/workload,Post-administration review,S-294,RN,8-15 yr,Independent double-check,2,1:5,No harm
MA-024705,HGH,5A-SURG,2025-04-26 21:32:00,AM,Sat,P-02079,55-64,F,metformin,Other,False,Regular,850.0,mg,PO,850.0,PO,Given as prescribed,False,None,N/A,N/A,N/A,S-253,RN,4-7 yr,Single-nurse check,3,1:5,N/A
MA-024716,HGH,6A-ONCO,2025-04-27 06:24:00,AM,Sun,P-01678,45-54,F,paracetamol,Analgesic,False,PRN,525.0,mg,PO,525.0,PO,Error reached patient,True,Wrong time,C,Patient factors,Before administration (checking),S-291,RN,4-7 yr,Single-nurse check,3,1:3,No harm
MA-024750,HGH,6A-ONCO,2025-04-27 12:29:00,PM,Sun,P-04232,55-64,M,amoxicillin,Antibiotic,False,Regular,725.0,mg,PO,725.0,PO,Given as prescribed,False,None,N/A,N/A,N/A,S-052,RN,1-3 yr,BCMA scan,3,1:5,N/A
MA-024796,HGH,ICU,2025-04-28 07:05:00,PM,Mon,P-03237,55-64,M,ipratropium,Bronchodilator,False,STAT,495.0,mcg,INH,495.0,INH,Given as prescribed,False,None,N/A,N/A,N/A,S-048,EN,8-15 yr,Single-nurse check,4,1:1,N/A
MA-024828,HGH,4B-MED,2025-04-28 12:10:00,NIGHT,Mon,P-03167,85+,F,sodium chloride 0.9%,Electrolyte,False,PRN,1000.0,mL,IV,1000.0,IV,Given as prescribed,False,None,N/A,N/A,N/A,S-075,RN,16+ yr,Single-nurse check,4,1:6,N/A
MA-024870,HGH,ICU,2025-04-28 23:25:00,PM,Mon,P-01962,65-74,F,oxycodone,Opioid,True,PRN,5.0,mg,PO,5.0,PO,Given as prescribed,False,None,N/A,N/A,N/A,S-067,RN,16+ yr,Independent double-check,4,1:1,N/A
MA-024901,HGH,3C-ORTHO,2025-04-29 08:05:00,NIGHT,Tue,P-00091,75-84,F,salbutamol,Bronchodilator,False,PRN,2450.0,mcg,INH,2450.0,INH,Given as prescribed,False,None,N/A,N/A,N/A,S-286,RN,4-7 yr,Single-nurse check,1,1:7,N/A
MA-024943,HGH,2B-NEURO,2025-04-29 18:32:00,NIGHT,Tue,P-00317,85+,F,amlodipine,Antihypertensive,False,Regular,5.0,mg,PO,5.0,PO,Given as prescribed,False,None,N/A,N/A,N/A,S-111,EN,4-7 yr,Independent double-check,3,1:6,N/A
MA-024970,HGH,MAT,2025-04-30 03:27:00,PM,Wed,P-00448,25-34,M,morphine,Opioid,True,Regular,3.0,mg,SC,3.0,SC,Given as prescribed,False,None,N/A,N/A,N/A,S-024,RN,8-15 yr,Independent double-check,1,1:5,N/A
MA-025004,HGH,5A-SURG,2025-04-30 11:47:00,AM,Wed,P-03922,65-74,F,frusemide,Diuretic,False,STAT,75.0,mg,IV,75.0,IV,Given as prescribed,False,None,N/A,N/A,N/A,S-002,EN,16+ yr,Independent double-check,2,1:5,N/A
MA-025049,HGH,3C-ORTHO,2025-04-30 22:27:00,NIGHT,Wed,P-01670,35-44,M,fentanyl,Opioid,True,Regular,50.0,mcg,IV,50.0,IV,Given as prescribed,False,None,N/A,N/A,N/A,S-051,NP,16+ yr,Independent double-check,3,1:7,N/A
MA-025125,HGH,5A-SURG,2025-05-01 20:56:00,AM,Thu,P-01964,65-74,F,metronidazole,Antibiotic,False,PRN,475.0,mg,IV,475.0,IV,Given as prescribed,False,None,N/A,N/A,N/A,S-310,EN,<1 yr,Single-nurse check,2,1:5,N/A
MA-025223,HGH,6A-ONCO,2025-05-02 23:55:00,AM,Fri,P-04189,45-54,M,metronidazole,Antibiotic,False,Regular,475.0,mg,IV,475.0,IV,Given as prescribed,False,None,N/A,N/A,N/A,S-081,RN,1-3 yr,Single-nurse check,4,1:4,N/A
MA-025235,HGH,6A-ONCO,2025-05-03 08:15:00,PM,Sat,P-02943,75-84,F,paracetamol,Analgesic,False,Once-only,925.0,mg,PO,0.0,PO,Withheld (clinical),False,None,N/A,N/A,N/A,S-186,RN,1-3 yr,BCMA scan,3,1:5,N/A
MA-025258,HGH,ED,2025-05-03 13:59:00,PM,Sat,P-00804,45-54,F,metoprolol,Antihypertensive,False,STAT,25.0,mg,PO,25.0,PO,Given as prescribed,False,None,N/A,N/A,N/A,S-210,RN,4-7 yr,BCMA scan,2,1:4,N/A
MA-025267,HGH,4B-MED,2025-05-03 16:02:00,AM,Sat,P-00455,18-24,M,metformin,Other,False,PRN,975.0,mg,PO,975.0,PO,Given as prescribed,False,None,N/A,N/A,N/A,S-204,RN,1-3 yr,BCMA scan,3,1:5,N/A
MA-025280,HGH,6A-ONCO,2025-05-03 20:32:00,AM,Sat,P-01201,85+,F,dexamethasone,Corticosteroid,False,PRN,5.0,mg,IV,5.0,IV,Given as prescribed,False,None,N/A,N/A,N/A,S-205,RN,4-7 yr,Single-nurse check,2,1:4,N/A
MA-025322,HGH,6A-ONCO,2025-05-04 13:17:00,AM,Sun,P-01809,75-84,F,omeprazole,Proton pump inhibitor,False,PRN,35.0,mg,PO,35.0,PO,Given as prescribed,False,None,N/A,N/A,N/A,S-194,EN,1-3 yr,BCMA scan,2,1:4,N/A
MA-025350,HGH,5A-SURG,2025-05-04 21:04:00,AM,Sun,P-01073,75-84,M,heparin,Anticoagulant,True,PRN,23753.0,units,IV,23753.0,IV,Given as prescribed,False,None,N/A,N/A,N/A,S-189,EN,8-15 yr,Independent double-check,2,1:5,N/A
MA-025362,HGH,3C-ORTHO,2025-05-04 23:52:00,NIGHT,Sun,P-03621,35-44,F,prednisolone,Corticosteroid,False,PRN,10.0,mg,PO,10.0,PO,Given as prescribed,False,None,N/A,N/A,N/A,S-177,NP,8-15 yr,BCMA scan,2,1:7,N/A
MA-025391,HGH,5A-SURG,2025-05-05 10:00:00,PM,Mon,P-02781,35-44,M,sodium valproate,Antiepileptic,False,PRN,525.0,mg,PO,525.0,PO,Given as prescribed,False,None,N/A,N/A,N/A,S-155,RN,8-15 yr,BCMA scan,2,1:5,N/A
MA-025439,HGH,MAT,2025-05-05 22:45:00,AM,Mon,P-04295,35-44,F,doxycycline,Antibiotic,False,Regular,125.0,mg,PO,125.0,PO,Given as prescribed,False,None,N/A,N/A,N/A,S-042,EN,1-3 yr,Independent double-check,2,1:3,N/A
MA-025441,HGH,ED,2025-05-05 23:44:00,PM,Mon,P-01988,65-74,F,ceftriaxone,Antibiotic,False,Regular,1475.0,mg,IV,1475.0,IV,Given as prescribed,False,None,N/A,N/A,N/A,S-189,RN,16+ yr,BCMA scan,3,1:4,N/A
MA-025575,HGH,3C-ORTHO,2025-05-07 11:16:00,NIGHT,Wed,P-02373,45-54,M,olanzapine,Antipsychotic,False,PRN,5.0,mg,PO,5.0,PO,Given as prescribed,False,None,N/A,N/A,N/A,S-050,NUM,16+ yr,Single-nurse check,2,1:7,N/A
MA-025588,HGH,5A-SURG,2025-05-07 14:56:00,NIGHT,Wed,P-02652,45-54,F,atenolol,Antihypertensive,False,Regular,45.0,mg,PO,45.0,PO,Given as prescribed,False,None,N/A,N/A,N/A,S-230,RN,4-7 yr,Single-nurse check,2,1:7,N/A
MA-025621,HGH,2B-NEURO,2025-05-08 04:50:00,PM,Thu,P-02442,75-84,M,perindopril,Antihypertensive,False,Regular,5.0,mg,PO,5.0,PO,Given as prescribed,False,None,N/A,N/A,N/A,S-149,RN,16+ yr,Independent double-check,3,1:5,N/A
MA-025625,HGH,4B-MED,2025-05-08 06:29:00,NIGHT,Thu,P-03316,75-84,M,sertraline,Antidepressant,False,PRN,200.0,mg,PO,200.0,PO,Given as prescribed,False,None,N/A,N/A,N/A,S-198,NP,4-7 yr,BCMA scan,3,1:7,N/A
MA-025660,HGH,ED,2025-05-08 10:58:00,AM,Thu,P-02378,55-64,M,amoxicillin,Antibiotic,False,Regular,850.0,mg,PO,850.0,PO,Given as prescribed,False,None,N/A,N/A,N/A,S-053,RN,16+ yr,BCMA scan,2,1:4,N/A
MA-025669,HGH,6A-ONCO,2025-05-08 12:41:00,NIGHT,Thu,P-01706,55-64,F,potassium chloride,Electrolyte,True,Regular,34.0,mmol,IV,34.0,IV,Given as prescribed,False,None,N/A,N/A,N/A,S-284,EN,1-3 yr,Independent double-check,4,1:6,N/A
MA-025713,HGH,ED,2025-05-09 05:59:00,AM,Fri,P-04086,55-64,M,cephalexin,Antibiotic,False,PRN,275.0,mg,PO,275.0,PO,Given as prescribed,False,None,N/A,N/A,N/A,S-220,EN,4-7 yr,Single-nurse check,2,1:4,N/A
MA-025779,HGH,CCU,2025-05-09 20:57:00,PM,Fri,P-03226,25-34,F,benzylpenicillin,Antibiotic,False,Regular,1200.0,mg,IV,1200.0,IV,Given as prescribed,False,None,N/A,N/A,N/A,S-011,RN,1-3 yr,Single-nurse check,3,1:2,N/A
MA-025802,HGH,6A-ONCO,2025-05-10 07:17:00,AM,Sat,P-02514,55-64,F,frusemide,Diuretic,False,Regular,25.0,mg,IV,0.0,IV,Near-miss intercepted,True,Omitted dose,B,Knowledge deficit,Before administration (checking),S-305,EN,1-3 yr,Single-nurse check,3,1:4,N/A
MA-025988,HGH,4B-MED,2025-05-12 16:21:00,AM,Mon,P-04240,75-84,F,lorazepam,Benzodiazepine,True,PRN,1.0,mg,PO,1.0,PO,Given as prescribed,False,None,N/A,N/A,N/A,S-229,RN,4-7 yr,Independent double-check,2,1:5,N/A
MA-025999,HGH,6A-ONCO,2025-05-12 20:30:00,PM,Mon,P-00111,55-64,M,atorvastatin,Other,False,PRN,50.0,mg,PO,50.0,PO,Given as prescribed,False,None,N/A,N/A,N/A,S-200,RN,8-15 yr,BCMA scan,3,1:5,N/A
MA-026026,HGH,3C-ORTHO,2025-05-13 08:09:00,PM,Tue,P-00445,55-64,F,piperacillin-tazobactam,Antibiotic,False,Once-only,4500.0,mg,IV,4500.0,IV,Given as prescribed,False,None,N/A,N/A,N/A,S-201,RN,1-3 yr,BCMA scan,3,1:6,N/A
MA-026033,HGH,ICU,2025-05-13 09:57:00,AM,Tue,P-03192,75-84,M,insulin glargine,Insulin,True,STAT,36.0,units,SC,36.0,SC,Given as prescribed,False,None,N/A,N/A,N/A,S-275,RN,4-7 yr,Witnessed administration,4,1:1,N/A
MA-026090,HGH,4B-MED,2025-05-14 01:38:00,PM,Wed,P-03164,75-84,F,magnesium sulfate,Electrolyte,False,STAT,19.0,mmol,IV,19.0,IV,Given as prescribed,False,None,N/A,N/A,N/A,S-040,CNS,1-3 yr,Single-nurse check,3,1:6,N/A
MA-026112,HGH,2B-NEURO,2025-05-14 08:36:00,AM,Wed,P-01110,35-44,F,gentamicin,Antibiotic,True,Regular,200.0,mg,IV,200.0,IV,Given as prescribed,False,None,N/A,N/A,N/A,S-033,NUM,16+ yr,Independent double-check,3,1:5,N/A
MA-026157,HGH,ED,2025-05-14 18:39:00,PM,Wed,P-00205,55-64,F,warfarin,Anticoagulant,True,Regular,2.5,mg,PO,2.5,PO,Given as prescribed,False,None,N/A,N/A,N/A,S-107,RN,4-7 yr,Independent double-check,2,1:4,N/A
MA-026163,HGH,4B-MED,2025-05-14 20:00:00,PM,Wed,P-03636,25-34,F,metronidazole,Antibiotic,False,PRN,425.0,mg,IV,850.0,IV,Near-miss intercepted,True,Wrong dose,B,LASA confusion,Before administration (checking),S-101,EN,8-15 yr,Single-nurse check,2,1:6,N/A
MA-026187,HGH,CCU,2025-05-15 06:25:00,NIGHT,Thu,P-00936,85+,M,ondansetron,Antiemetic,False,STAT,4.5,mg,IV,4.5,IV,Given as prescribed,False,None,N/A,N/A,N/A,S-285,RN,8-15 yr,Single-nurse check,4,1:2,N/A
MA-026202,HGH,PAED,2025-05-15 08:53:00,PM,Thu,P-01137,12-17,F,olanzapine,Antipsychotic,False,Regular,10.0,mg,PO,10.0,PO,Given as prescribed,False,None,N/A,N/A,N/A,S-288,RN,8-15 yr,Single-nurse check,2,1:4,N/A
MA-026261,HGH,5A-SURG,2025-05-15 22:58:00,NIGHT,Thu,P-01486,45-54,X,ondansetron,Antiemetic,False,Regular,10.0,mg,IV,10.0,IV,Given as prescribed,False,None,N/A,N/A,N/A,S-106,RN,8-15 yr,Independent double-check,3,1:7,N/A
MA-026279,HGH,MAT,2025-05-16 07:38:00,NIGHT,Fri,P-04455,18-24,M,glyceryl trinitrate,Antihypertensive,False,PRN,0.5,mg,SL,0.5,SL,Given as prescribed,False,None,N/A,N/A,N/A,S-051,RN,16+ yr,BCMA scan,1,1:5,N/A
MA-026302,HGH,ICU,2025-05-16 10:30:00,PM,Fri,P-02819,35-44,M,potassium chloride,Electrolyte,True,PRN,34.0,mmol,IV,34.0,IV,Given as prescribed,False,None,N/A,N/A,N/A,S-088,EN,8-15 yr,Independent double-check,4,1:1,N/A
MA-026319,HGH,2B-NEURO,2025-05-16 14:09:00,PM,Fri,P-01633,75-84,F,atenolol,Antihypertensive,False,Regular,75.0,mg,PO,75.0,PO,Given as prescribed,False,None,N/A,N/A,N/A,S-283,RN,<1 yr,BCMA scan,2,1:4,N/A
MA-026354,HGH,2B-NEURO,2025-05-16 23:51:00,AM,Fri,P-02495,55-64,M,ondansetron,Antiemetic,False,Regular,5.0,mg,IV,0.0,IV,Withheld (clinical),False,None,N/A,N/A,N/A,S-030,EN,1-3 yr,Single-nurse check,3,1:5,N/A
MA-026378,HGH,5A-SURG,2025-05-17 08:36:00,PM,Sat,P-04442,25-34,F,paracetamol,Analgesic,False,Once-only,525.0,mg,PO,525.0,PO,Given as prescribed,False,None,N/A,N/A,N/A,S-217,RN,4-7 yr,BCMA scan,4,1:5,N/A
MA-026383,HGH,4B-MED,2025-05-17 09:40:00,AM,Sat,P-01845,75-84,F,heparin,Anticoagulant,True,PRN,8018.0,units,IV,8018.0,IV,Given as prescribed,False,None,N/A,N/A,N/A,S-117,NUM,8-15 yr,Independent double-check,2,1:4,N/A
MA-026389,HGH,4B-MED,2025-05-17 11:51:00,AM,Sat,P-04008,75-84,M,quetiapine,Antipsychotic,False,Regular,75.0,mg,PO,75.0,PO,Given as prescribed,False,None,N/A,N/A,N/A,S-130,RN,1-3 yr,Single-nurse check,3,1:5,N/A
MA-026429,HGH,CCU,2025-05-18 06:44:00,PM,Sun,P-02593,45-54,F,aspirin,Antiplatelet,False,Regular,175.0,mg,PO,175.0,PO,Given as prescribed,False,None,N/A,N/A,N/A,S-205,RN,16+ yr,Single-nurse check,3,1:1,N/A
MA-026433,HGH,5A-SURG,2025-05-18 07:30:00,NIGHT,Sun,P-01817,35-44,F,potassium chloride,Electrolyte,True,Regular,27.0,mmol,IV,27.0,IV,Given as prescribed,False,None,N/A,N/A,N/A,S-094,RN,4-7 yr,Independent double-check,2,1:7,N/A
MA-026437,HGH,4B-MED,2025-05-18 08:01:00,PM,Sun,P-02411,75-84,F,metoclopramide,Antiemetic,False,PRN,10.0,mg,IV,10.0,IV,Given as prescribed,False,None,N/A,N/A,N/A,S-008,EN,4-7 yr,BCMA scan,3,1:6,N/A
MA-026494,HGH,5A-SURG,2025-05-19 00:10:00,AM,Mon,P-03582,65-74,F,paracetamol,Analgesic,False,PRN,750.0,mg,PO,750.0,PO,Given as prescribed,False,None,N/A,N/A,N/A,S-071,RN,4-7 yr,Independent double-check,1,1:4,N/A
MA-026518,HGH,ED,2025-05-19 08:46:00,AM,Mon,P-03150,65-74,M,paracetamol,Analgesic,False,PRN,1000.0,mg,PO,1000.0,PO,Given as prescribed,False,None,N/A,N/A,N/A,S-170,RN,8-15 yr,Independent double-check,2,1:3,N/A
MA-026535,HGH,5A-SURG,2025-05-19 12:58:00,AM,Mon,P-04136,25-34,F,fentanyl,Opioid,True,Regular,50.0,mcg,IV,50.0,IV,Given as prescribed,False,None,N/A,N/A,N/A,S-247,EN,1-3 yr,Independent double-check,3,1:5,N/A
MA-026561,HGH,3C-ORTHO,2025-05-19 20:50:00,AM,Mon,P-00847,65-74,F,hydromorphone,Opioid,True,Regular,2.5,mg,SC,2.5,SC,Error reached patient,True,Wrong time,E,LASA confusion,Routine monitoring/bloods,S-139,EN,1-3 yr,Independent double-check,1,1:5,"Minimal harm (temporary, no intervention)"
MA-026584,HGH,2B-NEURO,2025-05-20 06:08:00,AM,Tue,P-00847,65-74,F,insulin neutral,Insulin,True,PRN,44.0,units,SC,44.0,SC,Given as prescribed,False,None,N/A,N/A,N/A,S-195,RN,4-7 yr,Independent double-check,2,1:5,N/A
MA-026614,HGH,MAT,2025-05-20 12:55:00,PM,Tue,P-03397,18-24,M,frusemide,Diuretic,False,PRN,45.0,mg,IV,45.0,IV,Given as prescribed,False,None,N/A,N/A,N/A,S-175,RN,8-15 yr,BCMA scan,1,1:5,N/A
MA-026717,HGH,ICU,2025-05-21 16:59:00,AM,Wed,P-04394,55-64,M,levetiracetam,Antiepileptic,False,PRN,975.0,mg,PO,0.0,PO,Refused by patient,False,None,N/A,N/A,N/A,S-223,RN,1-3 yr,Single-nurse check,4,1:1,N/A
MA-026738,HGH,3C-ORTHO,2025-05-21 21:47:00,PM,Wed,P-04302,75-84,F,hydrocortisone,Corticosteroid,False,Regular,75.0,mg,IV,37.5,IV,Error reached patient,True,Wrong dose,F,Illegible/ambiguous order,Post-administration review,S-172,RN,16+ yr,Single-nurse check,2,1:7,Moderate harm (intervention required)
MA-026773,HGH,5A-SURG,2025-05-22 08:45:00,NIGHT,Thu,P-02929,65-74,F,salbutamol,Bronchodilator,False,Regular,3900.0,mcg,INH,0.0,INH,Near-miss intercepted,True,Omitted dose,B,Staffing levels,Before administration (checking),S-243,RN,16+ yr,BCMA scan,3,1:7,N/A
MA-026787,HGH,4B-MED,2025-05-22 11:48:00,AM,Thu,P-03783,65-74,F,gentamicin,Antibiotic,True,Once-only,275.0,mg,IV,550.0,IV,Near-miss intercepted,True,Wrong dose,B,Fatigue/workload,Before administration (checking),S-094,RN,8-15 yr,Independent double-check,3,1:5,N/A
MA-026871,HGH,3C-ORTHO,2025-05-23 10:44:00,AM,Fri,P-01085,65-74,M,metoprolol,Antihypertensive,False,PRN,100.0,mg,PO,100.0,PO,Given as prescribed,False,None,N/A,N/A,N/A,S-294,RN,8-15 yr,Independent double-check,2,1:5,N/A
MA-026877,HGH,4B-MED,2025-05-23 11:47:00,AM,Fri,P-02402,18-24,F,insulin glargine,Insulin,True,Regular,55.0,units,SC,55.0,SC,Given as prescribed,False,None,N/A,N/A,N/A,S-052,RN,4-7 yr,Independent double-check,2,1:5,N/A
MA-026891,HGH,PAED,2025-05-23 14:15:00,NIGHT,Fri,P-00898,12-17,M,ibuprofen,Analgesic,False,Regular,350.0,mg,PO,350.0,PO,Given as prescribed,False,None,N/A,N/A,N/A,S-244,RN,4-7 yr,Single-nurse check,1,1:6,N/A
MA-026927,HGH,ICU,2025-05-23 23:44:00,PM,Fri,P-01368,35-44,M,amlodipine,Antihypertensive,False,Once-only,5.0,mg,PO,5.0,PO,Given as prescribed,False,None,N/A,N/A,N/A,S-167,CNS,8-15 yr,BCMA scan,3,1:1,N/A
MA-026928,HGH,3C-ORTHO,2025-05-24 00:04:00,NIGHT,Sat,P-02891,45-54,F,sodium chloride 0.9%,Electrolyte,False,Regular,500.0,mL,IV,500.0,IV,Near-miss intercepted,True,Wrong time,B,LASA confusion,Before administration (checking),S-090,RN,1-3 yr,BCMA scan,2,1:7,N/A
MA-026948,HGH,4B-MED,2025-05-24 07:59:00,PM,Sat,P-03090,65-74,M,metronidazole,Antibiotic,False,Regular,450.0,mg,IV,450.0,IV,Given as prescribed,False,None,N/A,N/A,N/A,S-115,RN,1-3 yr,Single-nurse check,3,1:6,N/A
MA-026992,HGH,ED,2025-05-24 18:05:00,AM,Sat,P-01006,45-54,F,paracetamol,Analgesic,False,PRN,725.0,mg,PO,725.0,PO,Error reached patient,True,Wrong time,C,Handover communication gap,Pharmacy review,S-122,EN,16+ yr,BCMA scan,2,1:4,No harm
MA-026998,HGH,PAED,2025-05-24 20:11:00,AM,Sat,P-00054,6-11,M,frusemide,Diuretic,False,Regular,50.0,mg,IV,50.0,IV,Given as prescribed,False,None,N/A,N/A,N/A,S-055,EN,4-7 yr,Single-nurse check,1,1:4,N/A
MA-027044,HGH,2B-NEURO,2025-05-25 12:17:00,NIGHT,Sun,P-03516,75-84,F,rivaroxaban,Anticoagulant,True,Regular,10.0,mg,PO,10.0,PO,Given as prescribed,False,None,N/A,N/A,N/A,S-173,NP,16+ yr,Independent double-check,3,1:6,N/A
MA-027059,HGH,6A-ONCO,2025-05-25 18:06:00,AM,Sun,P-02460,55-64,M,frusemide,Diuretic,False,PRN,40.0,mg,IV,40.0,IV,Given as prescribed,False,None,N/A,N/A,N/A,S-034,CNS,8-15 yr,Single-nurse check,2,1:4,N/A
MA-027091,HGH,4B-MED,2025-05-26 07:56:00,AM,Mon,P-01825,45-54,M,metronidazole,Antibiotic,False,Regular,475.0,mg,IV,475.0,IV,Given as prescribed,False,None,N/A,N/A,N/A,S-056,EN,4-7 yr,BCMA scan,3,1:5,N/A
MA-027123,HGH,PAED,2025-05-26 14:29:00,AM,Mon,P-00574,12-17,M,ciprofloxacin,Antibiotic,False,Regular,350.0,mg,PO,350.0,PO,Given as prescribed,False,None,N/A,N/A,N/A,S-280,RN,16+ yr,BCMA scan,2,1:4,N/A
MA-027163,HGH,4B-MED,2025-05-27 04:31:00,PM,Tue,P-02211,35-44,F,hydrocortisone,Corticosteroid,False,Regular,150.0,mg,IV,150.0,IV,Given as prescribed,False,None,N/A,N/A,N/A,S-111,RN,16+ yr,Witnessed administration,3,1:6,N/A
MA-027207,HGH,6A-ONCO,2025-05-27 14:38:00,PM,Tue,P-01016,55-64,M,piperacillin-tazobactam,Antibiotic,False,Regular,4500.0,mg,IV,4500.0,IV,Given as prescribed,False,None,N/A,N/A,N/A,S-209,RN,1-3 yr,BCMA scan,4,1:5,N/A
MA-027255,HGH,4B-MED,2025-05-28 05:28:00,PM,Wed,P-00333,45-54,F,prochlorperazine,Antiemetic,False,PRN,10.0,mg,PO,10.0,PO,Given as prescribed,False,None,N/A,N/A,N/A,S-093,CNS,1-3 yr,Single-nurse check,2,1:6,N/A
MA-027273,HGH,3C-ORTHO,2025-05-28 09:47:00,AM,Wed,P-00551,75-84,M,paracetamol,Analgesic,False,PRN,925.0,mg,PO,925.0,PO,Given as prescribed,False,None,N/A,N/A,N/A,S-320,RN,8-15 yr,BCMA scan,2,1:6,N/A
MA-027276,HGH,2B-NEURO,2025-05-28 10:03:00,NIGHT,Wed,P-04287,55-64,M,aspirin,Antiplatelet,False,Regular,225.0,mg,PO,225.0,PO,Near-miss intercepted,True,Wrong time,A,Staffing levels,Post-administration review,S-189,RN,<1 yr,BCMA scan,2,1:6,N/A
MA-027388,HGH,ICU,2025-05-29 14:39:00,NIGHT,Thu,P-04361,55-64,M,lactulose,Other,False,PRN,0.0,mL,PO,0.0,PO,Given as prescribed,False,None,N/A,N/A,N/A,S-002,RN,16+ yr,BCMA scan,4,1:1,N/A
MA-027487,HGH,ED,2025-05-30 21:00:00,AM,Fri,P-01184,45-54,F,perindopril,Antihypertensive,False,Regular,3.0,mg,PO,3.0,PO,Given as prescribed,False,None,N/A,N/A,N/A,S-313,NUM,<1 yr,BCMA scan,2,1:4,N/A
MA-027547,HGH,MAT,2025-05-31 18:58:00,AM,Sat,P-00241,25-34,F,amlodipine,Antihypertensive,False,PRN,5.0,mg,PO,5.0,PO,Given as prescribed,False,None,N/A,N/A,N/A,S-096,NP,4-7 yr,Single-nurse check,1,1:5,N/A
MA-027553,HGH,6A-ONCO,2025-05-31 21:50:00,PM,Sat,P-00054,65-74,M,ceftriaxone,Antibiotic,False,Regular,1775.0,mg,IV,1775.0,IV,Error reached patient,True,Wrong medication,C,Fatigue/workload,During administration,S-048,RN,16+ yr,BCMA scan,3,1:5,No harm
MA-027564,HGH,6A-ONCO,2025-06-01 06:03:00,PM,Sun,P-03442,75-84,F,tramadol,Opioid,True,Regular,75.0,mg,PO,75.0,PO,Given as prescribed,False,None,N/A,N/A,N/A,S-167,RN,8-15 yr,Independent double-check,3,1:5,N/A
MA-027595,HGH,4B-MED,2025-06-01 14:52:00,NIGHT,Sun,P-03570,45-54,M,insulin aspart,Insulin,True,Regular,19.0,units,SC,19.0,SC,Given as prescribed,False,None,N/A,N/A,N/A,S-112,EN,<1 yr,Independent double-check,2,1:7,N/A
MA-027607,HGH,6A-ONCO,2025-06-01 19:36:00,AM,Sun,P-03309,65-74,M,benzylpenicillin,Antibiotic,False,Regular,2250.0,mg,IV,2250.0,IV,Given as prescribed,False,None,N/A,N/A,N/A,S-242,RN,16+ yr,Single-nurse check,3,1:4,N/A
MA-027614,HGH,CCU,2025-06-01 22:21:00,PM,Sun,P-04329,75-84,F,aspirin,Antiplatelet,False,PRN,250.0,mg,PO,250.0,PO,Given as prescribed,False,None,N/A,N/A,N/A,S-063,RN,16+ yr,BCMA scan,3,1:2,N/A
MA-027640,HGH,MAT,2025-06-02 07:12:00,NIGHT,Mon,P-03503,35-44,M,metronidazole,Antibiotic,False,Regular,425.0,mg,IV,425.0,IV,Given as prescribed,False,None,N/A,N/A,N/A,S-265,RN,16+ yr,Single-nurse check,2,1:4,N/A
MA-027759,HGH,ICU,2025-06-03 21:16:00,PM,Tue,P-00797,35-44,F,diazepam,Benzodiazepine,True,PRN,5.0,mg,PO,5.0,PO,Given as prescribed,False,None,N/A,N/A,N/A,S-033,RN,1-3 yr,Independent double-check,4,1:1,N/A
MA-027850,HGH,ED,2025-06-04 21:57:00,AM,Wed,P-00668,65-74,F,enoxaparin,Anticoagulant,True,Regular,35.0,mg,SC,35.0,SC,Given as prescribed,False,None,N/A,N/A,N/A,S-314,EN,8-15 yr,Independent double-check,2,1:3,N/A
MA-027902,HGH,6A-ONCO,2025-06-05 12:33:00,NIGHT,Thu,P-04047,45-54,F,temazepam,Benzodiazepine,True,PRN,10.0,mg,PO,10.0,PO,Given as prescribed,False,None,N/A,N/A,N/A,S-082,RN,4-7 yr,Independent double-check,3,1:6,N/A
MA-027918,HGH,2B-NEURO,2025-06-05 16:51:00,PM,Thu,P-04314,45-54,F,piperacillin-tazobactam,Antibiotic,False,Regular,4500.0,mg,IV,4500.0,IV,Given as prescribed,False,None,N/A,N/A,N/A,S-157,RN,8-15 yr,BCMA scan,3,1:5,N/A
MA-027946,HGH,5A-SURG,2025-06-06 01:17:00,AM,Fri,P-02517,75-84,M,paracetamol,Analgesic,False,STAT,750.0,mg,PO,750.0,PO,Given as prescribed,False,None,N/A,N/A,N/A,S-088,RN,4-7 yr,BCMA scan,3,1:5,N/A
MA-028114,HGH,2B-NEURO,2025-06-07 22:55:00,AM,Sat,P-00701,45-54,F,carbamazepine,Antiepileptic,False,Regular,225.0,mg,PO,225.0,PO,Given as prescribed,False,None,N/A,N/A,N/A,S-111,RN,4-7 yr,Independent double-check,3,1:5,N/A
MA-028144,HGH,MAT,2025-06-08 10:32:00,PM,Sun,P-01487,18-24,M,ramipril,Antihypertensive,False,Regular,10.0,mg,PO,10.0,PO,Given as prescribed,False,None,N/A,N/A,N/A,S-271,NP,16+ yr,BCMA scan,1,1:5,N/A
MA-028194,HGH,PAED,2025-06-09 00:04:00,PM,Mon,P-00957,0-5,M,paracetamol,Analgesic,False,STAT,1000.0,mg,PO,1000.0,PO,Near-miss intercepted,True,Extra dose,A,Inadequate checking process,During administration,S-276,RN,1-3 yr,BCMA scan,3,1:4,N/A
MA-028199,HGH,2B-NEURO,2025-06-09 05:44:00,AM,Mon,P-01593,75-84,F,dexamethasone,Corticosteroid,False,Regular,4.5,mg,IV,4.5,IV,Error reached patient,True,Wrong time,F,LASA confusion,Patient/family reported,S-099,RN,<1 yr,BCMA scan,3,1:6,Moderate harm (intervention required)
MA-028211,HGH,6A-ONCO,2025-06-09 06:50:00,PM,Mon,P-00842,18-24,M,insulin neutral,Insulin,True,Once-only,40.0,units,SC,40.0,SC,Given as prescribed,False,None,N/A,N/A,N/A,S-056,RN,4-7 yr,Independent double-check,3,1:5,N/A
MA-028223,HGH,3C-ORTHO,2025-06-09 09:19:00,AM,Mon,P-03657,45-54,M,morphine,Opioid,True,PRN,15.0,mg,SC,15.0,SC,Given as prescribed,False,None,N/A,N/A,N/A,S-141,EN,4-7 yr,Independent double-check,1,1:4,N/A
MA-028230,HGH,ED,2025-06-09 11:05:00,NIGHT,Mon,P-00819,65-74,M,sodium chloride 0.9%,Electrolyte,False,PRN,950.0,mL,IV,950.0,IV,Given as prescribed,False,None,N/A,N/A,N/A,S-043,NUM,1-3 yr,Single-nurse check,3,1:5,N/A
MA-028268,HGH,6A-ONCO,2025-06-09 20:19:00,PM,Mon,P-04215,35-44,F,methylprednisolone,Corticosteroid,False,PRN,125.0,mg,IV,125.0,IV,Given as prescribed,False,None,N/A,N/A,N/A,S-042,RN,8-15 yr,BCMA scan,2,1:4,N/A
MA-028322,HGH,3C-ORTHO,2025-06-10 13:42:00,PM,Tue,P-00343,55-64,F,glyceryl trinitrate,Antihypertensive,False,PRN,0.5,mg,SL,0.0,SL,Withheld (clinical),False,None,N/A,N/A,N/A,S-168,RN,1-3 yr,BCMA scan,2,1:6,N/A
MA-028332,HGH,2B-NEURO,2025-06-10 15:09:00,AM,Tue,P-02003,85+,M,midazolam,Benzodiazepine,True,Regular,2.5,mg,IV,2.5,IV,Given as prescribed,False,None,N/A,N/A,N/A,S-100,RN,4-7 yr,Witnessed administration,2,1:5,N/A
MA-028416,HGH,3C-ORTHO,2025-06-11 12:19:00,PM,Wed,P-00650,65-74,F,enoxaparin,Anticoagulant,True,Regular,40.0,mg,SC,40.0,SC,Given as prescribed,False,None,N/A,N/A,N/A,S-026,RN,4-7 yr,Independent double-check,2,1:5,N/A
MA-028424,HGH,4B-MED,2025-06-11 14:11:00,AM,Wed,P-00889,55-64,F,flucloxacillin,Antibiotic,False,Regular,1425.0,mg,IV,1425.0,IV,Given as prescribed,False,None,N/A,N/A,N/A,S-022,RN,4-7 yr,BCMA scan,3,1:4,N/A
MA-028436,HGH,ED,2025-06-11 18:20:00,NIGHT,Wed,P-01846,65-74,F,colchicine,Other,False,PRN,0.5,mg,PO,0.5,PO,Given as prescribed,False,None,N/A,N/A,N/A,S-142,RN,1-3 yr,Witnessed administration,3,1:5,N/A
MA-028469,HGH,4B-MED,2025-06-12 06:40:00,NIGHT,Thu,P-00305,65-74,F,tiotropium,Bronchodilator,False,Regular,20.0,mcg,INH,20.0,INH,Near-miss intercepted,True,Wrong time,A,Handover communication gap,Post-administration review,S-110,EN,8-15 yr,BCMA scan,3,1:7,N/A
MA-028609,HGH,ED,2025-06-13 17:59:00,AM,Fri,P-03743,35-44,M,ipratropium,Bronchodilator,False,Regular,395.0,mcg,INH,395.0,INH,Given as prescribed,False,None,N/A,N/A,N/A,S-077,RN,16+ yr,BCMA scan,3,1:3,N/A
MA-028620,HGH,5A-SURG,2025-06-13 20:24:00,AM,Fri,P-00581,65-74,F,oxycodone,Opioid,True,Once-only,10.0,mg,PO,10.0,PO,Given as prescribed,False,None,N/A,N/A,N/A,S-202,RN,8-15 yr,Independent double-check,2,1:5,N/A
MA-028658,HGH,4B-MED,2025-06-14 12:47:00,AM,Sat,P-02097,45-54,M,ipratropium,Bronchodilator,False,PRN,315.0,mcg,INH,0.0,INH,Omitted,True,Omitted dose,C,Fatigue/workload,Routine monitoring/bloods,S-090,EN,8-15 yr,Independent double-check,2,1:5,N/A
MA-028665,HGH,4B-MED,2025-06-14 15:54:00,PM,Sat,P-03781,75-84,M,paracetamol,Analgesic,False,PRN,550.0,mg,PO,550.0,PO,Given as prescribed,False,None,N/A,N/A,N/A,S-110,RN,1-3 yr,Independent double-check,3,1:6,N/A
MA-028696,HGH,ED,2025-06-15 06:14:00,PM,Sun,P-02068,75-84,M,pantoprazole,Proton pump inhibitor,False,Regular,25.0,mg,IV,25.0,IV,Given as prescribed,False,None,N/A,N/A,N/A,S-037,RN,4-7 yr,BCMA scan,3,1:4,N/A
MA-028698,HGH,MAT,2025-06-15 06:15:00,AM,Sun,P-02760,35-44,M,ceftriaxone,Antibiotic,False,PRN,1025.0,mg,IV,1025.0,IM,Near-miss intercepted,True,Wrong route,B,Interruption/distraction,Pharmacy review,S-012,RN,8-15 yr,BCMA scan,1,1:4,N/A
MA-028706,HGH,ED,2025-06-15 07:26:00,AM,Sun,P-03009,45-54,M,sertraline,Antidepressant,False,STAT,125.0,mg,PO,125.0,PO,Given as prescribed,False,None,N/A,N/A,N/A,S-223,RN,8-15 yr,Single-nurse check,3,1:4,N/A
MA-028716,HGH,MAT,2025-06-15 09:21:00,AM,Sun,P-00243,35-44,M,dexamethasone,Corticosteroid,False,PRN,4.5,mg,IV,4.5,IV,Given as prescribed,False,None,N/A,N/A,N/A,S-318,RN,4-7 yr,Witnessed administration,2,1:4,N/A
MA-028724,HGH,3C-ORTHO,2025-06-15 10:25:00,AM,Sun,P-00616,45-54,M,vancomycin,Antibiotic,False,Regular,1175.0,mg,IV,1175.0,IV,Given as prescribed,False,None,N/A,N/A,N/A,S-253,NUM,4-7 yr,BCMA scan,3,1:4,N/A
MA-028773,HGH,ED,2025-06-16 00:48:00,NIGHT,Mon,P-04072,25-34,F,hydrocortisone,Corticosteroid,False,Regular,100.0,mg,IV,100.0,IV,Given as prescribed,False,None,N/A,N/A,N/A,S-132,EN,4-7 yr,Single-nurse check,1,1:5,N/A
MA-028779,HGH,ED,2025-06-16 06:22:00,NIGHT,Mon,P-02500,25-34,F,enoxaparin,Anticoagulant,True,Regular,40.0,mg,SC,40.0,SC,Given as prescribed,False,None,N/A,N/A,N/A,S-247,RN,16+ yr,Independent double-check,2,1:5,N/A
MA-028822,HGH,2B-NEURO,2025-06-16 14:57:00,NIGHT,Mon,P-03520,85+,M,mirtazapine,Antidepressant,False,Regular,35.0,mg,PO,35.0,PO,Near-miss intercepted,True,Wrong time,A,Fatigue/workload,Before administration (checking),S-086,RN,4-7 yr,BCMA scan,3,1:6,N/A
MA-028866,HGH,CCU,2025-06-17 07:21:00,PM,Tue,P-04009,65-74,F,warfarin,Anticoagulant,True,Regular,5.0,mg,PO,5.0,PO,Near-miss intercepted,True,Wrong time,A,Fatigue/workload,Before administration (checking),S-249,RN,8-15 yr,Witnessed administration,5,1:2,N/A
MA-028964,HGH,5A-SURG,2025-06-18 10:45:00,AM,Wed,P-01179,25-34,F,omeprazole,Proton pump inhibitor,False,Regular,40.0,mg,PO,40.0,PO,Given as prescribed,False,None,N/A,N/A,N/A,S-224,EN,8-15 yr,Single-nurse check,1,1:5,N/A
MA-028985,HGH,ED,2025-06-18 14:14:00,AM,Wed,P-03477,25-34,M,paracetamol,Analgesic,False,STAT,850.0,mg,PO,850.0,PO,Given as prescribed,False,None,N/A,N/A,N/A,S-150,RN,1-3 yr,Witnessed administration,3,1:5,N/A
MA-029043,HGH,4B-MED,2025-06-19 07:36:00,PM,Thu,P-02166,55-64,F,paracetamol,Analgesic,False,PRN,550.0,mg,PO,550.0,PO,Given as prescribed,False,None,N/A,N/A,N/A,S-246,NUM,8-15 yr,Single-nurse check,3,1:6,N/A
MA-029065,HGH,2B-NEURO,2025-06-19 11:23:00,AM,Thu,P-04336,55-64,M,frusemide,Diuretic,False,Once-only,50.0,mg,IV,50.0,IV,Error reached patient,True,Wrong time,F,Interruption/distraction,Post-administration review,S-185,EN,8-15 yr,Single-nurse check,2,1:5,Moderate harm (intervention required)
MA-029092,HGH,4B-MED,2025-06-19 18:39:00,PM,Thu,P-03021,55-64,M,heparin,Anticoagulant,True,Regular,16625.0,units,IV,16625.0,IV,Given as prescribed,False,None,N/A,N/A,N/A,S-075,NP,8-15 yr,Independent double-check,3,1:6,N/A
MA-029116,HGH,5A-SURG,2025-06-20 04:01:00,PM,Fri,P-00962,18-24,F,trimethoprim,Antibiotic,False,PRN,175.0,mg,PO,175.0,PO,Given as prescribed,False,None,N/A,N/A,N/A,S-179,RN,1-3 yr,Single-nurse check,2,1:5,N/A
MA-029165,HGH,ICU,2025-06-20 14:19:00,PM,Fri,P-01525,85+,M,olanzapine,Antipsychotic,False,Regular,15.0,mg,PO,15.0,PO,Given as prescribed,False,None,N/A,N/A,N/A,S-008,RN,4-7 yr,BCMA scan,4,1:1,N/A
MA-029210,HGH,ICU,2025-06-21 05:44:00,PM,Sat,P-03869,75-84,F,oxycodone,Opioid,True,PRN,15.0,mg,PO,15.0,PO,Given as prescribed,False,None,N/A,N/A,N/A,S-173,NUM,1-3 yr,Witnessed administration,3,1:1,N/A
MA-029235,HGH,MAT,2025-06-21 12:51:00,AM,Sat,P-03237,18-24,M,metoclopramide,Antiemetic,False,STAT,10.0,mg,IV,100.0,IV,Error reached patient,True,Wrong dose,C,Handover communication gap,During administration,S-276,EN,8-15 yr,Single-nurse check,1,1:5,No harm
MA-029348,HGH,5A-SURG,2025-06-23 00:27:00,NIGHT,Mon,P-02206,85+,M,omeprazole,Proton pump inhibitor,False,Regular,20.0,mg,PO,20.0,PO,Given as prescribed,False,None,N/A,N/A,N/A,S-251,RN,4-7 yr,Single-nurse check,3,1:7,N/A
MA-029355,HGH,6A-ONCO,2025-06-23 05:52:00,AM,Mon,P-02646,45-54,M,insulin aspart,Insulin,True,PRN,4.0,units,SC,4.0,SC,Given as prescribed,False,None,N/A,N/A,N/A,S-240,RN,4-7 yr,Independent double-check,3,1:4,N/A
MA-029386,HGH,3C-ORTHO,2025-06-23 10:47:00,PM,Mon,P-02162,18-24,F,colchicine,Other,False,Regular,1.0,mg,PO,0.5,PO,Error reached patient,True,Wrong dose,E,Staffing levels,Routine monitoring/bloods,S-125,CNS,8-15 yr,Witnessed administration,2,1:6,"Minimal harm (temporary, no intervention)"
MA-029393,HGH,ICU,2025-06-23 12:32:00,PM,Mon,P-04048,55-64,F,enoxaparin,Anticoagulant,True,Regular,40.0,mg,SC,40.0,SC,Given as prescribed,False,None,N/A,N/A,N/A,S-021,RN,16+ yr,Witnessed administration,4,1:1,N/A
MA-029398,HGH,ED,2025-06-23 13:37:00,AM,Mon,P-00783,55-64,F,amoxicillin,Antibiotic,False,Regular,900.0,mg,PO,900.0,PO,Error reached patient,True,Wrong patient,E,Fatigue/workload,Pharmacy review,S-289,RN,4-7 yr,Independent double-check,2,1:4,"Minimal harm (temporary, no intervention)"
MA-029508,HGH,CCU,2025-06-24 22:55:00,AM,Tue,P-00868,25-34,F,paracetamol,Analgesic,False,Regular,750.0,mg,PO,750.0,PO,Given as prescribed,False,None,N/A,N/A,N/A,S-252,RN,8-15 yr,Independent double-check,3,1:2,N/A
MA-029589,HGH,MAT,2025-06-25 20:57:00,AM,Wed,P-03037,35-44,F,irbesartan,Antihypertensive,False,Regular,300.0,mg,PO,300.0,PO,Given as prescribed,False,None,N/A,N/A,N/A,S-292,RN,16+ yr,Independent double-check,2,1:4,N/A
MA-029592,HGH,5A-SURG,2025-06-25 21:49:00,AM,Wed,P-01480,45-54,M,amoxicillin,Antibiotic,False,Regular,1000.0,mg,PO,1000.0,PO,Given as prescribed,False,None,N/A,N/A,N/A,S-275,RN,4-7 yr,BCMA scan,3,1:5,N/A
MA-029609,HGH,ED,2025-06-26 03:54:00,NIGHT,Thu,P-03318,55-64,M,omeprazole,Proton pump inhibitor,False,PRN,20.0,mg,PO,20.0,PO,Given as prescribed,False,None,N/A,N/A,N/A,S-202,RN,1-3 yr,BCMA scan,3,1:6,N/A
MA-029694,HGH,4B-MED,2025-06-27 06:52:00,PM,Fri,P-03796,75-84,M,aspirin,Antiplatelet,False,PRN,275.0,mg,PO,137.5,PO,Error reached patient,True,Wrong dose,C,Fatigue/workload,Routine monitoring/bloods,S-165,RN,8-15 yr,Single-nurse check,3,1:6,No harm
MA-029813,HGH,ICU,2025-06-28 15:02:00,NIGHT,Sat,P-01995,45-54,M,paracetamol,Analgesic,False,Regular,900.0,mg,PO,900.0,PO,Given as prescribed,False,None,N/A,N/A,N/A,S-201,EN,4-7 yr,Single-nurse check,4,1:2,N/A
MA-029815,HGH,5A-SURG,2025-06-28 15:33:00,AM,Sat,P-00107,65-74,F,salbutamol,Bronchodilator,False,Regular,4030.0,mcg,INH,4030.0,INH,Near-miss intercepted,True,Extra dose,B,Interruption/distraction,Before administration (checking),S-123,RN,<1 yr,Independent double-check,2,1:5,N/A
MA-029864,HGH,4B-MED,2025-06-29 10:43:00,NIGHT,Sun,P-02428,65-74,F,morphine,Opioid,True,Regular,10.0,mg,SC,10.0,SC,Error reached patient,True,Wrong medication,E,Staffing levels,Post-administration review,S-225,RN,16+ yr,Independent double-check,3,1:7,"Minimal harm (temporary, no intervention)"
MA-029901,HGH,4B-MED,2025-06-29 21:31:00,PM,Sun,P-01705,25-34,M,prednisolone,Corticosteroid,False,PRN,10.0,mg,PO,15.0,PO,Near-miss intercepted,True,Wrong dose,A,Handover communication gap,Pharmacy review,S-118,RN,8-15 yr,Single-nurse check,4,1:7,N/A
MA-029906,HGH,4B-MED,2025-06-29 23:04:00,PM,Sun,P-04306,45-54,M,levetiracetam,Antiepileptic,False,Regular,675.0,mg,PO,675.0,PO,Given as prescribed,False,None,N/A,N/A,N/A,S-265,RN,4-7 yr,BCMA scan,3,1:6,N/A
MA-029941,HGH,3C-ORTHO,2025-06-30 08:43:00,AM,Mon,P-03807,85+,F,pantoprazole,Proton pump inhibitor,False,Regular,35.0,mg,IV,35.0,IV,Given as prescribed,False,None,N/A,N/A,N/A,S-033,RN,<1 yr,Single-nurse check,2,1:5,N/A
MA-029953,HGH,ED,2025-06-30 11:20:00,PM,Mon,P-02418,55-64,F,metformin,Other,False,PRN,575.0,mg,PO,575.0,PO,Given as prescribed,False,None,N/A,N/A,N/A,S-001,RN,8-15 yr,Independent double-check,2,1:4,N/A
MA-029964,HGH,6A-ONCO,2025-06-30 13:47:00,AM,Mon,P-04482,65-74,X,cyclizine,Antiemetic,False,PRN,50.0,mg,PO,50.0,PO,Given as prescribed,False,None,N/A,N/A,N/A,S-158,RN,<1 yr,BCMA scan,3,1:4,N/A
